CustomerID,InvoiceDate,Quantity,Price,InvoiceNo,StockCode,Description,monetary_value
10001,2021-01-01,14,58.02,INV-18785,SKU-6852,Product 23,812.2800000000001
10001,2021-01-07,8,88.2,INV-83158,SKU-9080,Product 99,705.6
10001,2021-01-25,10,120.2,INV-76553,SKU-6279,Product 45,1202.0
10001,2021-01-31,6,161.85,INV-29299,SKU-7898,Product 21,971.0999999999999
10001,2021-02-13,13,207.73,INV-14042,SKU-3575,Product 99,2700.49
10001,2021-04-11,9,109.28,INV-65845,SKU-3394,Product 39,983.52
10001,2021-07-18,5,168.05,INV-60694,SKU-6244,Product 15,840.25
10001,2021-08-30,11,113.38,INV-26691,SKU-1303,Product 87,1247.1799999999998
10001,2021-10-06,6,190.88,INV-67143,SKU-6561,Product 91,1145.28
10001,2021-10-25,8,164.64,INV-10959,SKU-3948,Product 54,1317.12
10001,2021-11-01,12,131.44,INV-65669,SKU-4659,Product 63,1577.28
10001,2021-11-16,9,71.65,INV-66377,SKU-1990,Product 71,644.85
10001,2021-11-22,7,77.33,INV-92581,SKU-6436,Product 12,541.31
10001,2021-12-08,7,184.89,INV-59410,SKU-9700,Product 27,1294.23
10001,2021-12-08,13,112.23,INV-87721,SKU-3444,Product 19,1458.99
10001,2021-12-31,10,171.5,INV-84781,SKU-6410,Product 63,1715.0
10001,2022-01-29,11,96.99,INV-41723,SKU-5854,Product 66,1066.8899999999999
10001,2022-03-12,7,56.64,INV-60578,SKU-9067,Product 76,396.48
10001,2022-04-19,10,182.12,INV-92054,SKU-5618,Product 36,1821.2
10001,2022-04-24,11,160.35,INV-87233,SKU-5139,Product 48,1763.85
10001,2022-05-15,3,76.6,INV-31027,SKU-6304,Product 6,229.79999999999998
10001,2022-07-05,13,157.3,INV-39467,SKU-5564,Product 92,2044.9
10001,2022-07-25,10,98.46,INV-77561,SKU-1105,Product 59,984.5999999999999
10001,2022-08-21,9,138.29,INV-23149,SKU-7940,Product 95,1244.61
10001,2022-08-22,10,176.43,INV-47696,SKU-5710,Product 21,1764.3000000000002
10001,2022-09-02,10,172.75,INV-85124,SKU-4268,Product 62,1727.5
10001,2022-09-12,8,95.05,INV-47976,SKU-1194,Product 30,760.4
10001,2022-09-22,11,159.52,INV-76422,SKU-9584,Product 12,1754.72
10001,2022-10-08,11,170.01,INV-17711,SKU-4628,Product 9,1870.11
10001,2022-10-11,3,105.84,INV-51205,SKU-8504,Product 3,317.52
10001,2022-12-28,13,106.07,INV-96593,SKU-2007,Product 19,1378.9099999999999
10002,2021-06-04,3,92.23,INV-16533,SKU-5677,Product 44,276.69
10002,2021-08-27,3,85.37,INV-76234,SKU-1437,Product 60,256.11
10002,2021-09-23,6,55.38,INV-21908,SKU-7216,Product 28,332.28000000000003
10002,2021-10-16,4,65.19,INV-78624,SKU-9091,Product 89,260.76
10002,2021-12-26,2,106.96,INV-44836,SKU-9583,Product 7,213.92
10002,2022-04-04,5,39.93,INV-58394,SKU-9275,Product 26,199.65
10002,2022-05-04,6,54.84,INV-95473,SKU-1220,Product 19,329.04
10002,2022-06-11,6,75.38,INV-62587,SKU-5710,Product 50,452.28
10002,2022-09-10,3,61.43,INV-23806,SKU-5257,Product 9,184.29
10002,2022-12-04,4,66.17,INV-93302,SKU-6629,Product 89,264.68
10003,2022-05-22,4,24.91,INV-45983,SKU-6981,Product 72,99.64
10004,2021-01-10,4,31.85,INV-97287,SKU-7261,Product 9,127.4
10004,2021-01-13,5,75.83,INV-89656,SKU-2650,Product 5,379.15
10004,2021-01-21,2,75.92,INV-36627,SKU-7146,Product 34,151.84
10004,2021-03-09,7,82.88,INV-58750,SKU-3224,Product 1,580.16
10004,2021-04-26,4,33.23,INV-42602,SKU-4862,Product 32,132.92
10004,2021-07-07,3,85.66,INV-24352,SKU-7842,Product 86,256.98
10004,2022-01-14,3,59.78,INV-97227,SKU-9520,Product 32,179.34
10004,2022-03-10,3,54.45,INV-42398,SKU-2471,Product 92,163.35000000000002
10004,2022-07-12,3,54.72,INV-56612,SKU-1014,Product 35,164.16
10004,2022-10-05,2,45.26,INV-10941,SKU-9231,Product 59,90.52
10005,2021-01-25,7,42.38,INV-76251,SKU-2643,Product 26,296.66
10005,2021-04-02,3,36.46,INV-93911,SKU-3928,Product 55,109.38
10005,2021-04-15,2,71.26,INV-86993,SKU-2753,Product 63,142.52
10005,2021-07-09,4,90.32,INV-17993,SKU-6224,Product 79,361.28
10005,2021-07-21,3,67.94,INV-23217,SKU-5507,Product 37,203.82
10005,2021-10-04,3,88.8,INV-15972,SKU-8903,Product 52,266.4
10005,2021-10-10,6,94.88,INV-45890,SKU-8976,Product 86,569.28
10005,2021-11-12,5,89.23,INV-72877,SKU-2627,Product 28,446.15000000000003
10005,2021-12-19,2,67.67,INV-98196,SKU-5290,Product 59,135.34
10005,2022-01-10,4,42.14,INV-45989,SKU-5374,Product 59,168.56
10005,2022-02-23,6,69.02,INV-99667,SKU-4066,Product 12,414.12
10005,2022-03-27,2,49.22,INV-33933,SKU-6613,Product 80,98.44
10005,2022-05-08,6,74.01,INV-99504,SKU-8098,Product 15,444.06000000000006
10005,2022-10-10,3,54.69,INV-11085,SKU-7195,Product 47,164.07
10006,2021-01-19,13,55.89,INV-94733,SKU-1805,Product 22,726.57
10006,2021-03-14,13,229.75,INV-34448,SKU-4616,Product 30,2986.75
10006,2021-03-20,3,110.34,INV-83101,SKU-5659,Product 74,331.02
10006,2021-04-18,11,118.16,INV-88412,SKU-2671,Product 21,1299.76
10006,2021-05-04,6,195.62,INV-32105,SKU-9012,Product 85,1173.72
10006,2021-08-20,9,137.11,INV-72718,SKU-9948,Product 70,1233.9900000000002
10006,2021-08-25,11,167.41,INV-17644,SKU-2815,Product 33,1841.51
10006,2021-09-01,13,161.24,INV-72363,SKU-6938,Product 64,2096.12
10006,2021-09-01,3,151.26,INV-42973,SKU-4315,Product 78,453.78
10006,2021-09-26,8,200.5,INV-67540,SKU-1348,Product 66,1604.0
10006,2021-11-23,7,180.17,INV-54328,SKU-5542,Product 96,1261.1899999999998
10006,2021-12-07,6,171.94,INV-78112,SKU-5184,Product 68,1031.6399999999999
10006,2021-12-09,4,151.49,INV-28562,SKU-8610,Product 70,605.96
10006,2021-12-14,9,165.22,INV-51922,SKU-2243,Product 78,1486.98
10006,2022-02-10,10,153.65,INV-80596,SKU-2750,Product 93,1536.5
10006,2022-02-24,3,70.11,INV-95141,SKU-9343,Product 26,210.32999999999998
10006,2022-05-24,8,189.97,INV-94092,SKU-2335,Product 84,1519.76
10006,2022-06-25,12,146.5,INV-43260,SKU-7822,Product 84,1758.0
10006,2022-07-01,5,128.56,INV-48577,SKU-6613,Product 10,642.8
10006,2022-08-08,13,144.27,INV-73109,SKU-5459,Product 62,1875.5100000000002
10006,2022-08-19,14,60.5,INV-58849,SKU-1421,Product 37,847.0
10006,2022-08-19,5,178.91,INV-49883,SKU-1259,Product 9,894.55
10006,2022-08-26,14,197.61,INV-41819,SKU-1501,Product 85,2766.54
10006,2022-09-05,10,157.87,INV-64730,SKU-6264,Product 54,1578.7
10006,2022-09-27,12,135.1,INV-33950,SKU-7277,Product 92,1621.1999999999998
10006,2022-09-30,14,186.87,INV-98148,SKU-6827,Product 60,2616.1800000000003
10006,2022-11-01,4,138.94,INV-33107,SKU-9205,Product 98,555.76
10006,2022-11-24,6,175.72,INV-98913,SKU-8518,Product 6,1054.32
10006,2022-12-28,12,99.21,INV-61857,SKU-6765,Product 42,1190.52
10007,2021-02-08,9,156.93,INV-49232,SKU-1671,Product 97,1412.3700000000001
10007,2021-03-01,13,79.55,INV-12894,SKU-8648,Product 1,1034.1499999999999
10007,2021-04-13,11,185.68,INV-44184,SKU-2794,Product 33,2042.48
10007,2021-05-09,10,223.95,INV-97010,SKU-3150,Product 88,2239.5
10007,2021-05-31,13,124.63,INV-15914,SKU-2780,Product 45,1620.19
10007,2021-07-21,6,177.65,INV-48090,SKU-8718,Product 95,1065.9
10007,2021-07-26,3,177.57,INV-35433,SKU-6305,Product 28,532.71
10007,2021-08-04,13,106.42,INV-32310,SKU-3668,Product 96,1383.46
10007,2022-04-07,12,157.14,INV-21333,SKU-1207,Product 91,1885.6799999999998
10007,2022-05-11,8,157.16,INV-91678,SKU-5296,Product 55,1257.28
10007,2022-06-13,5,134.89,INV-61419,SKU-9935,Product 49,674.4499999999999
10007,2022-07-07,9,70.51,INV-15696,SKU-1742,Product 25,634.59
10007,2022-07-10,9,148.51,INV-29157,SKU-3262,Product 30,1336.59
10007,2022-08-05,8,162.77,INV-20957,SKU-4938,Product 80,1302.16
10007,2022-08-28,9,191.0,INV-99968,SKU-2209,Product 42,1719.0
10007,2022-11-18,4,97.89,INV-51073,SKU-7161,Product 58,391.56
10007,2022-12-01,5,106.14,INV-45837,SKU-9485,Product 92,530.7
10007,2022-12-19,10,173.98,INV-28288,SKU-2436,Product 40,1739.8
10008,2022-01-02,4,29.5,INV-58447,SKU-1605,Product 19,118.0
10008,2022-08-03,4,32.67,INV-73268,SKU-3857,Product 18,130.68
10009,2021-06-11,3,43.91,INV-91371,SKU-3873,Product 19,131.73
10009,2021-08-31,5,64.89,INV-13719,SKU-7094,Product 8,324.45
10009,2022-09-08,4,71.65,INV-85675,SKU-1702,Product 81,286.6
10009,2022-09-08,6,109.5,INV-16462,SKU-2658,Product 41,657.0
10009,2022-11-08,3,56.81,INV-92340,SKU-3835,Product 12,170.43
10009,2022-12-29,3,66.84,INV-96586,SKU-8208,Product 61,200.52
10010,2022-03-18,4,16.86,INV-56993,SKU-7381,Product 46,67.44
10010,2022-12-18,1,31.71,INV-65615,SKU-3316,Product 68,31.71
10011,2021-04-08,3,103.65,INV-15033,SKU-8788,Product 74,310.95000000000005
10011,2021-10-14,3,80.97,INV-76287,SKU-8545,Product 97,242.91
10011,2021-12-29,3,60.01,INV-16737,SKU-3540,Product 87,180.03
10011,2022-02-03,7,48.5,INV-39590,SKU-3365,Product 1,339.5
10011,2022-08-22,4,114.06,INV-20281,SKU-2738,Product 94,456.24
10011,2022-10-24,6,70.6,INV-28274,SKU-9203,Product 52,423.59999999999997
10011,2022-11-13,6,27.91,INV-43264,SKU-1542,Product 20,167.46
10012,2021-03-19,1,24.07,INV-57455,SKU-2406,Product 83,24.07
10012,2021-05-10,2,54.57,INV-14747,SKU-6736,Product 78,109.14
10012,2021-08-02,1,26.82,INV-52120,SKU-1833,Product 79,26.82
10013,2021-01-01,5,28.58,INV-52759,SKU-2461,Product 66,142.89999999999998
10013,2021-01-05,6,36.76,INV-63634,SKU-6126,Product 88,220.56
10013,2021-07-25,4,110.77,INV-14037,SKU-7854,Product 6,443.08
10013,2021-12-02,6,66.72,INV-47850,SKU-7860,Product 38,400.32
10013,2022-03-19,2,83.67,INV-13196,SKU-9532,Product 51,167.34
10013,2022-04-08,6,61.6,INV-16600,SKU-5814,Product 85,369.6
10013,2022-05-20,4,66.41,INV-15213,SKU-8990,Product 84,265.64
10013,2022-07-14,3,61.16,INV-86639,SKU-9944,Product 50,183.48
10013,2022-09-06,3,54.07,INV-48176,SKU-2948,Product 21,162.21
10013,2022-10-09,4,62.94,INV-89215,SKU-5113,Product 77,251.76
10013,2022-10-16,3,82.07,INV-58741,SKU-8981,Product 49,246.20999999999998
10013,2022-12-02,4,63.35,INV-58882,SKU-9312,Product 63,253.4
10014,2021-03-06,6,47.19,INV-87061,SKU-7034,Product 80,283.14
10014,2021-04-08,5,61.78,INV-75243,SKU-6784,Product 36,308.9
10014,2021-08-08,4,37.39,INV-99443,SKU-1363,Product 55,149.56
10014,2021-10-20,2,67.79,INV-22715,SKU-6630,Product 31,135.58
10014,2022-01-12,6,81.05,INV-80643,SKU-5783,Product 80,486.29999999999995
10014,2022-01-19,6,78.08,INV-35656,SKU-5270,Product 86,468.48
10014,2022-03-08,3,37.91,INV-13255,SKU-6790,Product 66,113.72999999999999
10014,2022-07-05,7,41.37,INV-31327,SKU-9916,Product 27,289.59
10014,2022-07-09,5,70.8,INV-78346,SKU-4415,Product 65,354.0
10014,2022-10-13,7,109.01,INV-30128,SKU-7221,Product 38,763.07
10015,2021-01-07,6,64.39,INV-38090,SKU-9540,Product 73,386.34000000000003
10015,2021-02-04,12,57.57,INV-86022,SKU-9632,Product 45,690.84
10015,2021-02-25,14,55.04,INV-77876,SKU-8573,Product 7,770.56
10015,2021-04-16,14,92.18,INV-15534,SKU-4306,Product 87,1290.52
10015,2021-05-02,12,123.83,INV-41994,SKU-5058,Product 84,1485.96
10015,2021-07-06,14,179.66,INV-12124,SKU-4254,Product 36,2515.24
10015,2021-07-18,11,95.99,INV-96217,SKU-9825,Product 96,1055.8899999999999
10015,2021-07-22,13,60.07,INV-35792,SKU-6493,Product 65,780.91
10015,2021-08-14,13,76.9,INV-23739,SKU-8057,Product 30,999.7
10015,2021-08-19,4,162.57,INV-38111,SKU-5284,Product 22,650.28
10015,2021-08-24,11,92.74,INV-55652,SKU-6973,Product 3,1020.14
10015,2021-08-25,3,97.99,INV-35090,SKU-2591,Product 18,293.96999999999997
10015,2021-09-10,8,104.41,INV-26802,SKU-8906,Product 84,835.28
10015,2021-09-26,11,149.51,INV-31494,SKU-8401,Product 13,1644.61
10015,2021-10-12,8,60.02,INV-73965,SKU-8345,Product 73,480.16
10015,2021-11-05,11,144.08,INV-38570,SKU-7075,Product 83,1584.88
10015,2021-12-30,5,80.28,INV-76330,SKU-7786,Product 47,401.4
10015,2022-01-09,7,173.28,INV-35497,SKU-5062,Product 95,1212.96
10015,2022-02-22,5,144.46,INV-52220,SKU-2558,Product 16,722.3000000000001
10015,2022-03-24,4,144.88,INV-19496,SKU-7947,Product 71,579.52
10015,2022-03-26,11,190.75,INV-71273,SKU-3886,Product 32,2098.25
10015,2022-04-21,11,169.58,INV-30874,SKU-9378,Product 62,1865.38
10015,2022-06-04,7,150.25,INV-54245,SKU-8894,Product 68,1051.75
10015,2022-06-16,9,119.07,INV-75820,SKU-7543,Product 67,1071.6299999999999
10015,2022-06-26,3,143.76,INV-38359,SKU-3372,Product 23,431.28
10015,2022-07-04,3,139.74,INV-40133,SKU-8382,Product 45,419.22
10015,2022-08-26,10,108.15,INV-50698,SKU-5826,Product 17,1081.5
10015,2022-09-08,3,142.73,INV-70252,SKU-1552,Product 36,428.18999999999994
10015,2022-10-07,3,60.59,INV-33442,SKU-8316,Product 58,181.77
10015,2022-10-10,11,139.2,INV-99365,SKU-5352,Product 48,1531.1999999999998
10015,2022-10-17,11,135.07,INV-34475,SKU-5451,Product 23,1485.77
10015,2022-10-24,10,163.65,INV-16050,SKU-5650,Product 41,1636.5
10015,2022-11-03,7,84.12,INV-45110,SKU-9091,Product 34,588.84
10015,2022-12-12,9,174.56,INV-34232,SKU-8431,Product 96,1571.04
10016,2021-01-22,3,40.77,INV-76176,SKU-1858,Product 20,122.31
10016,2022-03-19,2,40.08,INV-31021,SKU-1612,Product 67,80.16
10016,2022-03-25,2,74.07,INV-97852,SKU-3781,Product 15,148.14
10016,2022-06-09,6,52.56,INV-50305,SKU-9582,Product 63,315.36
10016,2022-09-23,5,59.28,INV-63084,SKU-7204,Product 54,296.4
10016,2022-12-09,6,80.08,INV-16829,SKU-9537,Product 95,480.48
10017,2021-01-29,3,36.32,INV-52667,SKU-3272,Product 53,108.96000000000001
10017,2021-03-01,4,36.72,INV-63117,SKU-4208,Product 34,146.88
10017,2021-03-16,4,22.58,INV-81734,SKU-7031,Product 93,90.32
10017,2021-09-14,2,28.42,INV-22021,SKU-5114,Product 12,56.84
10017,2022-03-04,3,19.38,INV-35089,SKU-6040,Product 73,58.14
10017,2022-11-14,1,42.16,INV-26365,SKU-7010,Product 53,42.16
10017,2022-11-16,2,24.52,INV-72465,SKU-1256,Product 95,49.04
10018,2021-07-20,2,36.13,INV-84536,SKU-3878,Product 22,72.26
10018,2021-09-13,4,9.79,INV-37467,SKU-4135,Product 29,39.16
10018,2022-10-15,2,22.73,INV-13140,SKU-1881,Product 27,45.46
10019,2021-04-24,3,12.75,INV-27637,SKU-4209,Product 94,38.25
10019,2022-02-18,4,25.94,INV-65808,SKU-5905,Product 52,103.76
10019,2022-03-10,3,20.62,INV-90174,SKU-6284,Product 98,61.86
10019,2022-06-21,1,41.84,INV-64962,SKU-4655,Product 82,41.84
10019,2022-09-23,2,36.69,INV-12363,SKU-8354,Product 69,73.38
10019,2022-10-17,4,20.07,INV-85947,SKU-1370,Product 69,80.28
10020,2021-01-29,13,159.16,INV-22985,SKU-4761,Product 38,2069.08
10020,2021-02-04,13,143.96,INV-68204,SKU-2552,Product 51,1871.48
10020,2021-02-09,10,162.81,INV-46492,SKU-8555,Product 52,1628.1
10020,2021-03-23,11,226.16,INV-86594,SKU-9888,Product 73,2487.7599999999998
10020,2021-06-09,11,181.76,INV-46426,SKU-7922,Product 63,1999.36
10020,2021-06-22,3,123.87,INV-14987,SKU-5075,Product 37,371.61
10020,2021-08-08,13,164.25,INV-12656,SKU-2250,Product 21,2135.25
10020,2021-08-19,9,174.88,INV-53261,SKU-8546,Product 71,1573.92
10020,2021-11-26,14,166.45,INV-95180,SKU-5367,Product 20,2330.2999999999997
10020,2022-01-22,3,160.88,INV-24620,SKU-9583,Product 98,482.64
10020,2022-01-22,4,146.32,INV-56515,SKU-1902,Product 61,585.28
10020,2022-02-03,10,109.09,INV-37320,SKU-1187,Product 55,1090.9
10020,2022-03-25,3,202.65,INV-81107,SKU-8074,Product 71,607.95
10020,2022-04-27,10,66.54,INV-11662,SKU-8589,Product 27,665.4000000000001
10020,2022-05-04,9,188.79,INV-23095,SKU-6221,Product 11,1699.11
10020,2022-05-31,8,57.8,INV-69115,SKU-2685,Product 30,462.4
10020,2022-06-12,11,104.14,INV-43268,SKU-2015,Product 30,1145.54
10020,2022-07-09,6,111.09,INV-43625,SKU-9729,Product 61,666.54
10020,2022-07-17,9,54.36,INV-54839,SKU-9722,Product 47,489.24
10020,2022-08-02,4,121.43,INV-83181,SKU-5777,Product 48,485.72
10020,2022-08-03,6,94.02,INV-33059,SKU-7504,Product 62,564.12
10020,2022-09-25,11,136.16,INV-33419,SKU-3789,Product 14,1497.76
10020,2022-10-13,6,99.74,INV-40429,SKU-6991,Product 48,598.4399999999999
10020,2022-12-01,9,148.39,INV-38207,SKU-1473,Product 59,1335.5099999999998
10021,2021-01-05,5,133.86,INV-83285,SKU-5887,Product 67,669.3000000000001
10021,2021-01-13,13,100.74,INV-13293,SKU-4329,Product 73,1309.62
10021,2021-02-28,12,51.51,INV-69473,SKU-6560,Product 49,618.12
10021,2021-03-10,7,90.92,INV-55955,SKU-7431,Product 53,636.44
10021,2021-05-17,6,100.54,INV-81232,SKU-2466,Product 52,603.24
10021,2021-06-15,14,106.53,INV-37117,SKU-6355,Product 28,1491.42
10021,2021-06-25,12,73.5,INV-16800,SKU-1109,Product 84,882.0
10021,2021-06-26,12,60.76,INV-65565,SKU-8614,Product 94,729.12
10021,2021-07-03,9,192.36,INV-19759,SKU-7412,Product 30,1731.2400000000002
10021,2021-07-14,5,199.79,INV-93883,SKU-5594,Product 18,998.9499999999999
10021,2021-07-15,6,116.42,INV-91242,SKU-4674,Product 24,698.52
10021,2021-08-18,8,188.03,INV-76777,SKU-2742,Product 78,1504.24
10021,2021-08-22,5,71.02,INV-75074,SKU-1293,Product 1,355.09999999999997
10021,2021-09-01,4,169.41,INV-23497,SKU-1733,Product 53,677.64
10021,2021-11-10,11,46.03,INV-47458,SKU-3794,Product 42,506.33000000000004
10021,2021-12-04,12,80.93,INV-20781,SKU-3272,Product 70,971.1600000000001
10021,2021-12-30,11,94.13,INV-97902,SKU-6798,Product 28,1035.4299999999998
10021,2022-01-02,9,159.84,INV-77087,SKU-7852,Product 42,1438.56
10021,2022-03-01,10,158.37,INV-27857,SKU-4338,Product 88,1583.7
10021,2022-03-03,7,132.21,INV-23998,SKU-3944,Product 68,925.47
10021,2022-03-04,12,86.27,INV-80899,SKU-2117,Product 40,1035.24
10021,2022-03-25,6,148.51,INV-30005,SKU-2138,Product 57,891.06
10021,2022-03-29,14,137.44,INV-30828,SKU-1787,Product 10,1924.1599999999999
10021,2022-04-02,7,78.61,INV-11403,SKU-8819,Product 56,550.27
10021,2022-04-27,6,89.39,INV-16457,SKU-7749,Product 41,536.34
10021,2022-04-30,5,63.46,INV-13984,SKU-6665,Product 30,317.3
10021,2022-06-01,3,152.21,INV-71503,SKU-2613,Product 88,456.63
10021,2022-06-10,13,70.61,INV-52129,SKU-6357,Product 40,917.93
10021,2022-07-12,13,144.65,INV-38251,SKU-5532,Product 61,1880.45
10021,2022-07-14,13,65.49,INV-54895,SKU-9648,Product 99,851.3699999999999
10021,2022-08-09,6,150.75,INV-96034,SKU-4773,Product 64,904.5
10021,2022-08-09,7,162.95,INV-88183,SKU-2966,Product 87,1140.6499999999999
10021,2022-09-22,10,103.01,INV-39622,SKU-1483,Product 6,1030.1000000000001
10021,2022-11-20,13,176.09,INV-82399,SKU-2948,Product 38,2289.17
10022,2021-02-09,7,66.86,INV-35563,SKU-7881,Product 53,468.02
10022,2021-03-20,10,156.27,INV-60521,SKU-9477,Product 51,1562.7
10022,2021-04-16,3,88.44,INV-58996,SKU-2225,Product 78,265.32
10022,2021-04-29,6,82.05,INV-55015,SKU-6057,Product 27,492.29999999999995
10022,2021-09-04,8,167.61,INV-20937,SKU-9934,Product 73,1340.88
10022,2021-10-28,13,163.07,INV-66467,SKU-8733,Product 55,2119.91
10022,2021-12-26,5,54.02,INV-82248,SKU-5688,Product 46,270.1
10022,2022-01-15,4,179.45,INV-19218,SKU-6404,Product 22,717.8
10022,2022-05-24,14,137.04,INV-59616,SKU-5323,Product 26,1918.56
10022,2022-06-22,12,181.86,INV-69967,SKU-5000,Product 66,2182.32
10022,2022-07-15,3,138.26,INV-30651,SKU-4158,Product 41,414.78
10022,2022-08-30,9,154.59,INV-21319,SKU-5989,Product 13,1391.31
10022,2022-10-21,11,80.65,INV-16967,SKU-7661,Product 1,887.1500000000001
10022,2022-10-27,6,124.58,INV-32097,SKU-9167,Product 21,747.48
10022,2022-11-11,9,93.01,INV-17675,SKU-2867,Product 54,837.09
10022,2022-11-17,6,65.56,INV-60400,SKU-9407,Product 62,393.36
10022,2022-12-22,5,121.26,INV-27540,SKU-1988,Product 35,606.3000000000001
10023,2021-11-04,3,25.7,INV-73479,SKU-7098,Product 73,77.1
10023,2022-05-01,3,41.55,INV-46830,SKU-7892,Product 55,124.64999999999999
10023,2022-11-04,3,30.7,INV-34871,SKU-2426,Product 54,92.1
10024,2021-05-22,3,36.62,INV-40232,SKU-8312,Product 47,109.85999999999999
10024,2021-12-08,2,40.2,INV-18628,SKU-7334,Product 19,80.4
10024,2022-04-20,3,31.11,INV-43062,SKU-7097,Product 13,93.33
10024,2022-05-06,1,40.12,INV-51435,SKU-9520,Product 77,40.12
10025,2021-04-19,1,52.8,INV-13088,SKU-7281,Product 12,52.8
10026,2021-01-12,10,191.73,INV-34014,SKU-2777,Product 25,1917.3
10026,2021-01-21,6,56.29,INV-61241,SKU-5191,Product 96,337.74
10026,2021-01-25,5,209.62,INV-56715,SKU-4273,Product 82,1048.1
10026,2021-01-25,10,174.0,INV-80285,SKU-6045,Product 80,1740.0
10026,2021-03-23,11,90.65,INV-97189,SKU-8717,Product 2,997.1500000000001
10026,2021-03-31,3,95.13,INV-80791,SKU-3019,Product 55,285.39
10026,2021-04-10,5,138.35,INV-94814,SKU-8203,Product 55,691.75
10026,2021-04-21,9,74.46,INV-69930,SKU-6903,Product 91,670.14
10026,2021-04-23,11,162.82,INV-80739,SKU-6134,Product 99,1791.02
10026,2021-05-02,3,140.17,INV-14711,SKU-3457,Product 10,420.51
10026,2021-06-05,4,144.6,INV-47420,SKU-7792,Product 32,578.4
10026,2021-07-18,5,138.57,INV-25986,SKU-3345,Product 16,692.8499999999999
10026,2021-07-20,10,145.78,INV-39605,SKU-5053,Product 66,1457.8
10026,2021-08-14,14,143.85,INV-49833,SKU-2870,Product 14,2013.8999999999999
10026,2021-08-17,3,98.55,INV-77583,SKU-3886,Product 69,295.65
10026,2021-09-15,11,156.14,INV-85450,SKU-6873,Product 75,1717.54
10026,2021-09-17,11,191.46,INV-76669,SKU-5238,Product 11,2106.06
10026,2021-10-19,8,115.29,INV-40429,SKU-6797,Product 91,922.32
10026,2021-10-23,6,115.69,INV-56418,SKU-7858,Product 4,694.14
10026,2021-11-27,10,173.2,INV-81466,SKU-6402,Product 32,1732.0
10026,2021-12-25,14,127.58,INV-26938,SKU-4393,Product 15,1786.12
10026,2022-01-07,9,118.25,INV-73627,SKU-1892,Product 76,1064.25
10026,2022-01-25,11,229.99,INV-64703,SKU-3946,Product 16,2529.8900000000003
10026,2022-02-09,6,73.11,INV-40908,SKU-3824,Product 86,438.65999999999997
10026,2022-03-13,12,143.21,INV-94989,SKU-8666,Product 35,1718.52
10026,2022-03-28,10,200.28,INV-33665,SKU-2555,Product 15,2002.8
10026,2022-04-25,4,155.24,INV-58484,SKU-6961,Product 22,620.96
10026,2022-05-07,14,52.71,INV-25973,SKU-8166,Product 97,737.94
10026,2022-06-24,10,204.32,INV-97008,SKU-6479,Product 75,2043.1999999999998
10026,2022-07-14,8,145.41,INV-89380,SKU-1645,Product 96,1163.28
10026,2022-07-16,11,56.54,INV-21772,SKU-8465,Product 13,621.9399999999999
10026,2022-08-29,8,179.77,INV-63750,SKU-6817,Product 1,1438.16
10026,2022-09-07,7,129.15,INV-55441,SKU-7615,Product 51,904.0500000000001
10026,2022-09-19,12,64.78,INV-13956,SKU-7553,Product 86,777.36
10026,2022-09-21,14,68.75,INV-89722,SKU-9549,Product 2,962.5
10026,2022-09-29,7,80.48,INV-98365,SKU-4837,Product 15,563.36
10026,2022-10-21,14,101.82,INV-27610,SKU-2284,Product 50,1425.48
10026,2022-11-03,11,131.49,INV-21117,SKU-6506,Product 9,1446.39
10026,2022-12-27,11,170.25,INV-11899,SKU-3034,Product 32,1872.75
10027,2021-01-29,3,50.97,INV-51876,SKU-7236,Product 24,152.91
10027,2022-03-28,1,39.6,INV-31376,SKU-7206,Product 12,39.6
10027,2022-11-12,1,56.06,INV-62404,SKU-8558,Product 65,56.06
10028,2021-01-03,7,79.64,INV-77598,SKU-5321,Product 41,557.48
10028,2021-08-31,3,78.12,INV-41212,SKU-8849,Product 22,234.36
10028,2022-01-26,2,89.21,INV-95176,SKU-4244,Product 11,178.42
10028,2022-06-05,5,62.85,INV-59875,SKU-1569,Product 92,314.25
10028,2022-12-08,7,68.79,INV-61887,SKU-4455,Product 42,481.53000000000003
10029,2021-06-02,1,29.36,INV-65214,SKU-4079,Product 31,29.36
10029,2022-10-21,4,25.09,INV-50527,SKU-1281,Product 35,100.36
10029,2022-12-11,3,38.68,INV-40134,SKU-4266,Product 9,116.03999999999999
10030,2021-01-13,1,33.56,INV-87059,SKU-2074,Product 5,33.56
10030,2021-02-19,4,28.16,INV-52722,SKU-7176,Product 86,112.64
10030,2021-03-27,4,26.21,INV-73140,SKU-3060,Product 62,104.84
10030,2021-07-01,4,13.35,INV-44111,SKU-8398,Product 50,53.4
10030,2021-12-03,2,12.35,INV-72375,SKU-4662,Product 74,24.7
10030,2022-03-28,2,19.09,INV-35757,SKU-4018,Product 68,38.18
10030,2022-09-22,4,19.04,INV-82359,SKU-3591,Product 93,76.16
10030,2022-11-01,2,38.47,INV-44612,SKU-4611,Product 26,76.94
10031,2022-05-05,3,40.78,INV-45502,SKU-8304,Product 82,122.34
10031,2022-08-20,4,31.18,INV-52531,SKU-8727,Product 85,124.72
10031,2022-12-13,3,36.05,INV-52591,SKU-1057,Product 56,108.14999999999999
10032,2022-09-21,3,50.46,INV-44105,SKU-6420,Product 77,151.38
10033,2021-01-09,8,138.79,INV-13763,SKU-8694,Product 67,1110.32
10033,2021-01-10,8,193.7,INV-55212,SKU-3925,Product 97,1549.6
10033,2021-01-12,3,144.64,INV-68367,SKU-2680,Product 19,433.91999999999996
10033,2021-02-17,12,102.04,INV-26442,SKU-2140,Product 19,1224.48
10033,2021-03-09,13,207.9,INV-85919,SKU-6550,Product 43,2702.7000000000003
10033,2021-04-23,13,83.66,INV-90050,SKU-8402,Product 60,1087.58
10033,2021-07-10,12,105.51,INV-57376,SKU-4141,Product 61,1266.1200000000001
10033,2021-09-18,6,179.23,INV-58001,SKU-2726,Product 22,1075.3799999999999
10033,2021-09-28,4,153.36,INV-21416,SKU-5785,Product 95,613.44
10033,2021-10-23,9,112.1,INV-34610,SKU-3204,Product 8,1008.9
10033,2021-10-30,5,125.75,INV-42309,SKU-7570,Product 59,628.75
10033,2021-11-20,10,62.28,INV-28231,SKU-4246,Product 3,622.8
10033,2021-12-04,5,192.39,INV-62808,SKU-5767,Product 84,961.9499999999999
10033,2021-12-31,14,74.43,INV-57574,SKU-8940,Product 7,1042.02
10033,2022-01-04,13,62.74,INV-11821,SKU-2185,Product 46,815.62
10033,2022-04-23,4,61.95,INV-81384,SKU-9365,Product 75,247.8
10033,2022-05-15,7,230.08,INV-26921,SKU-4868,Product 97,1610.5600000000002
10033,2022-05-31,13,51.03,INV-72670,SKU-4767,Product 9,663.39
10033,2022-06-27,5,134.38,INV-48186,SKU-5386,Product 83,671.9
10033,2022-10-18,13,159.18,INV-48314,SKU-3685,Product 42,2069.34
10033,2022-10-27,5,66.1,INV-44968,SKU-1983,Product 96,330.5
10033,2022-12-19,13,161.33,INV-75555,SKU-2781,Product 60,2097.29
10034,2021-03-10,1,39.39,INV-65251,SKU-1791,Product 46,39.39
10034,2021-11-13,3,23.88,INV-50751,SKU-5063,Product 79,71.64
10034,2021-11-27,1,47.3,INV-66848,SKU-7532,Product 26,47.3
10034,2022-09-23,2,23.36,INV-35185,SKU-3861,Product 43,46.72
10035,2021-01-22,10,52.04,INV-84931,SKU-2887,Product 47,520.4
10035,2021-01-25,12,109.58,INV-40692,SKU-5954,Product 96,1314.96
10035,2021-01-25,3,68.28,INV-73720,SKU-5133,Product 6,204.84
10035,2021-02-26,14,173.75,INV-30270,SKU-7231,Product 63,2432.5
10035,2021-03-01,8,87.45,INV-48346,SKU-6551,Product 2,699.6
10035,2021-05-09,14,56.92,INV-92681,SKU-4185,Product 26,796.88
10035,2021-05-19,6,89.42,INV-12792,SKU-1420,Product 41,536.52
10035,2021-07-30,11,55.14,INV-39684,SKU-1964,Product 87,606.54
10035,2021-07-31,10,134.48,INV-66724,SKU-6826,Product 58,1344.8
10035,2021-08-30,3,69.27,INV-96164,SKU-5653,Product 12,207.81
10035,2021-09-09,5,122.84,INV-15594,SKU-8171,Product 68,614.2
10035,2021-09-25,7,70.58,INV-13866,SKU-7113,Product 58,494.06
10035,2021-11-01,13,66.72,INV-92489,SKU-7456,Product 87,867.36
10035,2021-12-21,9,140.33,INV-97793,SKU-5394,Product 79,1262.97
10035,2022-01-06,11,45.15,INV-97498,SKU-2725,Product 53,496.65
10035,2022-01-11,3,170.87,INV-58707,SKU-7103,Product 82,512.61
10035,2022-01-27,4,49.04,INV-43434,SKU-6718,Product 33,196.16
10035,2022-02-01,12,105.19,INV-77891,SKU-3395,Product 92,1262.28
10035,2022-02-09,9,102.5,INV-99152,SKU-7331,Product 61,922.5
10035,2022-02-10,6,111.18,INV-77639,SKU-9811,Product 95,667.08
10035,2022-03-23,14,65.69,INV-23096,SKU-2023,Product 8,919.66
10035,2022-04-01,11,84.39,INV-50854,SKU-4682,Product 55,928.29
10035,2022-06-18,14,111.04,INV-66433,SKU-9716,Product 9,1554.5600000000002
10035,2022-06-20,8,104.65,INV-65001,SKU-6967,Product 72,837.2
10035,2022-08-28,14,73.78,INV-21160,SKU-5572,Product 76,1032.92
10035,2022-08-30,5,157.22,INV-60502,SKU-9721,Product 83,786.1
10035,2022-11-27,11,154.49,INV-95398,SKU-4589,Product 75,1699.39
10036,2021-04-25,2,40.99,INV-78826,SKU-4229,Product 34,81.98
10036,2021-05-01,1,26.71,INV-38538,SKU-8219,Product 20,26.71
10036,2022-09-25,4,14.32,INV-16160,SKU-8142,Product 18,57.28
10036,2022-12-11,2,39.17,INV-81678,SKU-2928,Product 2,78.34
10037,2021-03-08,6,85.94,INV-13271,SKU-1209,Product 36,515.64
10037,2021-04-09,5,74.67,INV-99041,SKU-1003,Product 55,373.35
10037,2021-05-07,7,35.92,INV-45196,SKU-1312,Product 96,251.44
10037,2021-07-11,6,69.39,INV-15269,SKU-7943,Product 84,416.34000000000003
10037,2021-08-09,2,53.78,INV-78345,SKU-7993,Product 51,107.56
10037,2021-09-22,5,86.86,INV-54686,SKU-8226,Product 70,434.3
10037,2022-02-18,5,114.56,INV-99199,SKU-5507,Product 13,572.8
10037,2022-03-31,7,47.74,INV-21586,SKU-2079,Product 63,334.18
10037,2022-07-29,5,56.83,INV-40024,SKU-1478,Product 15,284.15
10037,2022-10-21,2,34.69,INV-33304,SKU-4398,Product 34,69.38
10037,2022-12-03,6,34.28,INV-24799,SKU-3775,Product 77,205.68
10037,2022-12-08,4,91.2,INV-82619,SKU-6372,Product 59,364.8
10038,2021-07-15,4,36.12,INV-34502,SKU-2265,Product 40,144.48
10038,2021-09-02,2,25.46,INV-23071,SKU-6396,Product 10,50.92
10038,2021-10-31,1,18.12,INV-54138,SKU-5268,Product 2,18.12
10038,2022-05-05,1,32.6,INV-21992,SKU-2233,Product 6,32.6
10038,2022-05-18,4,31.03,INV-29112,SKU-3545,Product 63,124.12
10038,2022-06-05,3,37.17,INV-71497,SKU-2135,Product 85,111.51
10039,2021-03-21,2,21.46,INV-25665,SKU-8774,Product 58,42.92
10039,2021-05-29,4,28.51,INV-39967,SKU-2067,Product 88,114.04
10039,2022-11-22,3,41.96,INV-75585,SKU-6651,Product 62,125.88
10040,2021-02-28,3,30.03,INV-16722,SKU-4716,Product 60,90.09
10040,2021-10-22,2,55.37,INV-72402,SKU-3601,Product 85,110.74
10040,2022-04-23,2,18.0,INV-62287,SKU-3079,Product 49,36.0
10040,2022-05-30,1,33.1,INV-66314,SKU-9119,Product 53,33.1
10041,2021-07-07,1,16.04,INV-29351,SKU-2675,Product 53,16.04
10041,2022-01-01,1,42.57,INV-85677,SKU-4272,Product 31,42.57
10041,2022-09-11,3,38.58,INV-45214,SKU-8123,Product 10,115.74
10042,2021-01-28,2,11.87,INV-53098,SKU-3175,Product 11,23.74
10042,2021-05-12,4,51.88,INV-37564,SKU-8697,Product 38,207.52
10042,2021-07-20,4,24.68,INV-24464,SKU-1625,Product 28,98.72
10042,2021-08-25,2,36.73,INV-51026,SKU-8791,Product 24,73.46
10042,2021-09-22,2,31.49,INV-24838,SKU-3920,Product 72,62.98
10042,2021-12-31,3,43.57,INV-92928,SKU-1403,Product 42,130.71
10042,2022-05-23,3,12.39,INV-11781,SKU-6866,Product 55,37.17
10043,2021-02-10,4,35.86,INV-43690,SKU-5867,Product 13,143.44
10043,2021-02-28,2,19.37,INV-24582,SKU-9088,Product 17,38.74
10043,2021-04-09,2,16.61,INV-63450,SKU-1324,Product 57,33.22
10043,2022-03-27,4,23.58,INV-30059,SKU-8861,Product 99,94.32
10043,2022-11-03,4,37.71,INV-49875,SKU-6132,Product 85,150.84
10044,2021-01-05,1,28.05,INV-43993,SKU-3705,Product 78,28.05
10044,2021-06-10,2,36.71,INV-96049,SKU-9262,Product 33,73.42
10044,2021-09-11,4,21.65,INV-56940,SKU-4081,Product 73,86.6
10044,2021-12-04,2,38.88,INV-79513,SKU-7068,Product 89,77.76
10044,2022-10-17,4,41.36,INV-54464,SKU-1496,Product 56,165.44
10044,2022-11-01,1,41.2,INV-20619,SKU-7254,Product 36,41.2
10045,2021-01-23,3,44.59,INV-87838,SKU-8208,Product 69,133.77
10045,2021-07-29,3,18.68,INV-18389,SKU-1968,Product 69,56.04
10045,2021-10-06,1,49.58,INV-74038,SKU-7974,Product 7,49.58
10045,2021-12-02,2,47.86,INV-47344,SKU-2871,Product 55,95.72
10046,2021-01-08,5,34.33,INV-24584,SKU-1944,Product 51,171.64999999999998
10046,2021-01-17,3,30.51,INV-67580,SKU-4057,Product 72,91.53
10046,2021-05-07,2,40.53,INV-31114,SKU-3120,Product 82,81.06
10046,2021-05-31,4,37.92,INV-48385,SKU-7782,Product 5,151.68
10046,2021-06-05,5,28.88,INV-76311,SKU-5981,Product 96,144.4
10046,2021-10-14,4,95.5,INV-12479,SKU-8591,Product 39,382.0
10046,2021-11-28,5,72.38,INV-59572,SKU-3108,Product 67,361.9
10046,2022-01-13,2,58.02,INV-20352,SKU-4288,Product 47,116.04
10046,2022-02-09,3,65.43,INV-13875,SKU-9834,Product 63,196.29000000000002
10046,2022-05-14,3,37.63,INV-59104,SKU-8899,Product 94,112.89000000000001
10046,2022-05-24,6,59.85,INV-27569,SKU-1589,Product 97,359.1
10046,2022-07-17,4,47.46,INV-41649,SKU-4532,Product 69,189.84
10046,2022-08-09,6,94.11,INV-95733,SKU-4645,Product 90,564.66
10046,2022-08-12,3,65.29,INV-61779,SKU-3084,Product 35,195.87
10046,2022-09-22,7,94.77,INV-78322,SKU-2377,Product 68,663.39
10046,2022-11-25,2,43.23,INV-38210,SKU-3962,Product 24,86.46
10047,2021-04-06,3,22.65,INV-53625,SKU-5062,Product 53,67.94999999999999
10048,2022-02-09,4,33.78,INV-91964,SKU-5370,Product 53,135.12
10048,2022-06-09,4,28.81,INV-85902,SKU-2797,Product 89,115.24
10048,2022-09-28,2,17.99,INV-13579,SKU-9792,Product 20,35.98
10049,2022-01-26,3,37.67,INV-69805,SKU-6363,Product 95,113.01
10049,2022-05-14,4,28.93,INV-59490,SKU-1841,Product 61,115.72
10049,2022-06-04,4,11.42,INV-95780,SKU-2144,Product 55,45.68
10049,2022-07-15,3,18.97,INV-11642,SKU-8766,Product 66,56.91
10049,2022-10-24,3,25.17,INV-11789,SKU-4036,Product 82,75.51
10049,2022-11-20,4,19.63,INV-40408,SKU-6219,Product 26,78.52
10050,2021-03-16,2,70.26,INV-98601,SKU-7017,Product 17,140.52
10050,2021-10-08,2,71.27,INV-64290,SKU-1544,Product 10,142.54
10050,2021-11-20,3,42.16,INV-39644,SKU-8695,Product 40,126.47999999999999
10050,2021-12-11,6,52.84,INV-95609,SKU-5955,Product 79,317.04
10050,2022-02-05,2,58.17,INV-46079,SKU-3305,Product 68,116.34
10050,2022-02-24,4,43.54,INV-23648,SKU-4008,Product 57,174.16
10050,2022-11-27,6,90.7,INV-74314,SKU-5065,Product 59,544.2
10051,2021-01-13,5,147.5,INV-69718,SKU-6817,Product 94,737.5
10051,2021-01-17,5,50.25,INV-21238,SKU-3364,Product 54,251.25
10051,2021-02-10,11,62.1,INV-69094,SKU-6489,Product 56,683.1
10051,2021-03-05,6,49.32,INV-59224,SKU-3887,Product 5,295.92
10051,2021-04-24,10,195.37,INV-89827,SKU-1129,Product 72,1953.7
10051,2021-05-30,4,173.95,INV-84268,SKU-6805,Product 16,695.8
10051,2021-06-04,12,196.43,INV-78041,SKU-6096,Product 80,2357.16
10051,2021-08-15,5,113.95,INV-93273,SKU-9643,Product 14,569.75
10051,2021-08-27,7,76.0,INV-10018,SKU-2961,Product 23,532.0
10051,2021-12-28,13,156.51,INV-45945,SKU-4220,Product 57,2034.6299999999999
10051,2022-01-16,8,154.66,INV-63257,SKU-2146,Product 19,1237.28
10051,2022-05-17,3,90.56,INV-49612,SKU-7395,Product 77,271.68
10051,2022-05-26,5,64.75,INV-82540,SKU-2220,Product 54,323.75
10051,2022-07-21,12,165.13,INV-84460,SKU-8876,Product 88,1981.56
10051,2022-07-27,6,140.48,INV-72714,SKU-5102,Product 91,842.8799999999999
10051,2022-07-28,6,81.02,INV-13747,SKU-2471,Product 78,486.12
10051,2022-08-22,11,110.38,INV-41107,SKU-4759,Product 70,1214.1799999999998
10051,2022-08-27,8,143.92,INV-50971,SKU-3842,Product 1,1151.36
10051,2022-09-14,13,126.07,INV-56791,SKU-7527,Product 70,1638.9099999999999
10051,2022-09-20,6,192.18,INV-32032,SKU-9001,Product 72,1153.08
10051,2022-10-09,9,100.41,INV-72653,SKU-4487,Product 46,903.6899999999999
10051,2022-10-27,3,52.73,INV-61973,SKU-4865,Product 16,158.19
10051,2022-11-14,11,139.8,INV-12567,SKU-2674,Product 53,1537.8000000000002
10051,2022-12-24,11,155.06,INV-14856,SKU-6217,Product 60,1705.66
10051,2022-12-27,13,95.82,INV-72055,SKU-7739,Product 75,1245.6599999999999
10052,2021-06-21,4,35.25,INV-18252,SKU-8238,Product 70,141.0
10052,2021-06-21,4,51.01,INV-14462,SKU-4721,Product 36,204.04
10052,2022-08-22,1,10.02,INV-83457,SKU-9558,Product 63,10.02
10053,2021-01-03,9,223.36,INV-35032,SKU-6494,Product 36,2010.2400000000002
10053,2021-01-22,7,62.37,INV-35380,SKU-2290,Product 99,436.59
10053,2021-02-20,5,60.94,INV-69151,SKU-4048,Product 75,304.7
10053,2021-04-02,14,73.88,INV-12972,SKU-2872,Product 96,1034.32
10053,2021-04-04,12,60.97,INV-67260,SKU-5797,Product 70,731.64
10053,2021-04-06,9,68.72,INV-38036,SKU-9697,Product 32,618.48
10053,2021-04-19,7,185.26,INV-74021,SKU-6614,Product 50,1296.82
10053,2021-08-06,14,101.77,INV-28891,SKU-3963,Product 48,1424.78
10053,2021-10-07,9,125.37,INV-13539,SKU-1521,Product 19,1128.33
10053,2021-10-11,4,150.52,INV-22280,SKU-3275,Product 61,602.08
10053,2021-11-14,5,190.19,INV-80186,SKU-8710,Product 14,950.95
10053,2021-11-29,4,88.11,INV-98232,SKU-9956,Product 90,352.44
10053,2021-12-02,11,141.94,INV-11446,SKU-1131,Product 98,1561.34
10053,2021-12-17,12,153.41,INV-47708,SKU-5762,Product 90,1840.92
10053,2021-12-26,11,161.69,INV-40172,SKU-3455,Product 89,1778.59
10053,2022-02-08,11,55.64,INV-13101,SKU-4897,Product 95,612.04
10053,2022-02-27,5,132.7,INV-21036,SKU-7468,Product 70,663.5
10053,2022-03-01,12,158.75,INV-49518,SKU-2155,Product 50,1905.0
10053,2022-03-23,5,80.88,INV-77678,SKU-4388,Product 11,404.4
10053,2022-09-16,7,160.19,INV-15826,SKU-3192,Product 81,1121.33
10053,2022-10-17,9,135.58,INV-57620,SKU-2774,Product 38,1220.22
10053,2022-10-18,3,49.42,INV-66292,SKU-3038,Product 69,148.26
10053,2022-10-19,8,178.2,INV-84279,SKU-8391,Product 24,1425.6
10053,2022-11-10,8,151.38,INV-27275,SKU-4807,Product 95,1211.04
10053,2022-11-29,6,70.89,INV-80382,SKU-1267,Product 21,425.34000000000003
10053,2022-11-29,4,158.66,INV-53921,SKU-5388,Product 7,634.64
10053,2022-12-15,9,105.05,INV-62962,SKU-1478,Product 8,945.4499999999999
10053,2022-12-28,9,178.1,INV-68075,SKU-5333,Product 27,1602.8999999999999
10054,2022-01-01,3,47.14,INV-55812,SKU-2376,Product 75,141.42000000000002
10054,2022-10-19,4,51.04,INV-14370,SKU-5838,Product 48,204.16
10054,2022-11-13,2,13.86,INV-61377,SKU-8715,Product 34,27.72
10055,2021-02-01,3,78.05,INV-69199,SKU-8887,Product 49,234.14999999999998
10055,2021-06-28,2,64.16,INV-47944,SKU-1993,Product 10,128.32
10055,2022-04-02,7,61.4,INV-59527,SKU-1256,Product 89,429.8
10055,2022-06-07,2,42.6,INV-25211,SKU-9096,Product 88,85.2
10055,2022-07-04,5,38.94,INV-89737,SKU-6851,Product 13,194.7
10055,2022-07-18,3,97.7,INV-24800,SKU-5470,Product 37,293.1
10055,2022-08-17,4,112.02,INV-70310,SKU-5520,Product 42,448.08
10055,2022-11-13,5,50.88,INV-94597,SKU-1547,Product 81,254.4
10055,2022-11-19,3,71.13,INV-48187,SKU-2385,Product 98,213.39
10056,2021-06-06,3,57.94,INV-61055,SKU-4361,Product 87,173.82
10056,2021-06-21,2,109.88,INV-85036,SKU-9175,Product 22,219.76
10056,2021-06-24,3,35.03,INV-44728,SKU-8902,Product 2,105.09
10056,2021-08-24,6,92.07,INV-51168,SKU-8504,Product 99,552.42
10056,2021-09-11,5,82.28,INV-14073,SKU-2283,Product 36,411.4
10056,2021-09-16,4,58.77,INV-87199,SKU-8564,Product 36,235.08
10056,2021-10-20,7,34.26,INV-98854,SKU-9422,Product 71,239.82
10056,2021-11-13,5,46.94,INV-62980,SKU-3117,Product 72,234.7
10056,2022-01-11,7,72.13,INV-42492,SKU-4287,Product 48,504.90999999999997
10056,2022-01-22,3,34.22,INV-68269,SKU-7258,Product 39,102.66
10056,2022-04-11,5,35.48,INV-83415,SKU-9432,Product 98,177.39999999999998
10056,2022-04-18,6,44.05,INV-40627,SKU-2667,Product 43,264.29999999999995
10056,2022-05-15,4,51.27,INV-12402,SKU-1496,Product 72,205.08
10056,2022-11-27,5,88.74,INV-58877,SKU-8951,Product 84,443.7
10057,2021-04-09,1,54.34,INV-59662,SKU-7676,Product 16,54.34
10057,2021-07-26,3,45.09,INV-30897,SKU-2421,Product 16,135.27
10057,2022-05-26,1,53.72,INV-67564,SKU-6275,Product 64,53.72
10057,2022-07-27,3,17.62,INV-66174,SKU-5975,Product 62,52.86
10057,2022-09-08,2,46.44,INV-88107,SKU-1371,Product 76,92.88
10057,2022-10-10,1,22.58,INV-80258,SKU-1782,Product 7,22.58
10058,2022-11-03,4,9.78,INV-18488,SKU-6613,Product 59,39.12
10059,2022-04-26,2,42.02,INV-13058,SKU-6334,Product 93,84.04
10059,2022-05-03,3,30.17,INV-22992,SKU-1372,Product 84,90.51
10059,2022-05-14,2,51.14,INV-94368,SKU-3136,Product 21,102.28
10059,2022-05-20,1,23.6,INV-97331,SKU-1916,Product 2,23.6
10060,2021-05-12,4,38.42,INV-46374,SKU-6203,Product 24,153.68
10061,2021-08-17,7,40.5,INV-23365,SKU-4781,Product 39,283.5
10061,2022-09-09,5,36.13,INV-78625,SKU-8578,Product 33,180.65
10061,2022-12-29,4,56.24,INV-43948,SKU-9067,Product 26,224.96
10062,2021-01-27,3,30.42,INV-89788,SKU-5932,Product 91,91.26
10062,2022-09-30,1,10.76,INV-88681,SKU-2602,Product 17,10.76
10062,2022-12-04,4,33.14,INV-34365,SKU-3215,Product 50,132.56
10062,2022-12-22,1,34.65,INV-16876,SKU-5158,Product 49,34.65
10063,2021-04-09,2,102.39,INV-73083,SKU-6280,Product 33,204.78
10063,2021-10-04,7,53.98,INV-98478,SKU-5734,Product 30,377.85999999999996
10063,2021-11-16,4,74.0,INV-22719,SKU-2139,Product 8,296.0
10063,2021-12-26,5,80.22,INV-58699,SKU-4065,Product 98,401.1
10063,2022-09-05,4,41.5,INV-73804,SKU-3955,Product 95,166.0
10063,2022-10-03,4,85.38,INV-28866,SKU-8593,Product 24,341.52
10063,2022-11-10,3,48.7,INV-27230,SKU-7959,Product 15,146.10000000000002
10063,2022-12-27,3,94.94,INV-37228,SKU-1464,Product 51,284.82
10064,2021-03-25,2,24.55,INV-73056,SKU-9209,Product 58,49.1
10064,2021-04-10,3,20.81,INV-77149,SKU-3120,Product 64,62.42999999999999
10064,2021-12-12,1,20.66,INV-29290,SKU-6088,Product 75,20.66
10064,2022-06-01,3,38.48,INV-30572,SKU-5100,Product 54,115.44
10064,2022-08-25,3,22.68,INV-20223,SKU-1751,Product 97,68.03999999999999
10064,2022-12-01,2,33.92,INV-99342,SKU-3787,Product 13,67.84
10065,2021-07-07,4,22.91,INV-57475,SKU-1831,Product 18,91.64
10066,2021-03-03,5,45.38,INV-32942,SKU-6272,Product 74,226.9
10066,2021-07-31,2,84.58,INV-99893,SKU-4580,Product 31,169.16
10066,2021-08-23,7,85.4,INV-81439,SKU-1022,Product 34,597.8000000000001
10066,2022-07-20,2,35.31,INV-39903,SKU-8956,Product 82,70.62
10066,2022-08-31,7,34.42,INV-12042,SKU-5598,Product 34,240.94
10066,2022-09-02,7,57.58,INV-65474,SKU-9807,Product 37,403.06
10066,2022-09-05,4,91.93,INV-66161,SKU-3319,Product 23,367.72
10066,2022-11-03,3,69.26,INV-53052,SKU-4179,Product 91,207.78000000000003
10067,2021-08-30,3,29.25,INV-96576,SKU-9904,Product 29,87.75
10067,2021-10-04,4,49.96,INV-48671,SKU-6335,Product 46,199.84
10067,2022-10-17,4,23.81,INV-19033,SKU-3203,Product 89,95.24
10068,2021-09-27,4,42.76,INV-53050,SKU-1208,Product 88,171.04
10068,2022-03-15,1,40.57,INV-32970,SKU-8843,Product 27,40.57
10068,2022-07-19,3,25.74,INV-53752,SKU-3536,Product 60,77.22
10068,2022-09-03,3,30.06,INV-70673,SKU-3137,Product 42,90.17999999999999
10069,2021-01-01,5,101.37,INV-40737,SKU-6173,Product 97,506.85
10069,2021-01-14,6,32.37,INV-49190,SKU-6846,Product 65,194.21999999999997
10069,2021-03-07,2,43.75,INV-96519,SKU-7120,Product 24,87.5
10069,2021-03-10,7,58.87,INV-54550,SKU-3769,Product 20,412.09
10069,2021-06-15,5,52.36,INV-35412,SKU-4405,Product 21,261.8
10069,2021-07-21,2,42.79,INV-15004,SKU-7321,Product 6,85.58
10069,2022-06-12,2,75.28,INV-41892,SKU-3965,Product 55,150.56
10069,2022-11-07,6,33.81,INV-35280,SKU-4462,Product 7,202.86
10070,2021-02-28,1,29.19,INV-35784,SKU-1302,Product 36,29.19
10070,2021-09-02,2,15.64,INV-62963,SKU-4351,Product 41,31.28
10070,2021-09-11,4,33.79,INV-95038,SKU-7749,Product 54,135.16
10070,2021-10-04,3,29.8,INV-81560,SKU-9892,Product 80,89.4
10070,2022-05-19,2,17.58,INV-54533,SKU-5221,Product 96,35.16
10071,2021-03-16,7,94.72,INV-42966,SKU-1571,Product 23,663.04
10071,2021-03-28,6,122.36,INV-10654,SKU-6481,Product 7,734.16
10071,2021-03-28,11,102.66,INV-61467,SKU-4874,Product 39,1129.26
10071,2021-06-03,13,179.75,INV-21020,SKU-5317,Product 32,2336.75
10071,2021-06-11,4,125.03,INV-89158,SKU-6930,Product 59,500.12
10071,2021-08-15,3,105.2,INV-18940,SKU-5220,Product 73,315.6
10071,2021-08-16,6,82.68,INV-37224,SKU-2690,Product 30,496.08000000000004
10071,2021-10-14,4,129.1,INV-92214,SKU-5284,Product 42,516.4
10071,2021-10-19,6,58.07,INV-42376,SKU-5466,Product 35,348.42
10071,2021-10-20,5,77.91,INV-79058,SKU-3057,Product 34,389.54999999999995
10071,2021-10-21,8,114.97,INV-91766,SKU-3133,Product 30,919.76
10071,2021-11-03,9,174.32,INV-58906,SKU-1715,Product 62,1568.8799999999999
10071,2021-11-14,6,56.05,INV-97599,SKU-8696,Product 40,336.29999999999995
10071,2021-11-24,6,161.01,INV-86033,SKU-4047,Product 30,966.06
10071,2021-12-01,11,81.53,INV-17897,SKU-3469,Product 14,896.83
10071,2022-02-08,6,53.0,INV-25877,SKU-2813,Product 9,318.0
10071,2022-03-22,3,112.59,INV-77894,SKU-4345,Product 35,337.77
10071,2022-04-30,10,184.53,INV-29449,SKU-6075,Product 58,1845.3
10071,2022-04-30,4,199.21,INV-10937,SKU-6596,Product 10,796.84
10071,2022-05-12,11,53.07,INV-85268,SKU-1530,Product 42,583.77
10071,2022-08-29,14,85.78,INV-20114,SKU-1637,Product 10,1200.92
10071,2022-09-28,8,74.92,INV-37618,SKU-1136,Product 95,599.36
10071,2022-10-04,5,165.48,INV-37002,SKU-6095,Product 19,827.4
10071,2022-12-06,12,136.85,INV-48100,SKU-7806,Product 65,1642.1999999999998
10072,2021-01-10,2,76.86,INV-15680,SKU-7745,Product 54,153.72
10072,2021-02-22,2,42.78,INV-65282,SKU-7155,Product 7,85.56
10072,2021-04-19,3,52.67,INV-32455,SKU-5112,Product 74,158.01
10072,2021-06-14,5,76.09,INV-57219,SKU-2709,Product 53,380.45000000000005
10072,2021-09-17,2,110.4,INV-93408,SKU-5767,Product 50,220.8
10072,2021-11-26,2,58.99,INV-27629,SKU-9245,Product 55,117.98
10072,2022-01-25,3,92.56,INV-79720,SKU-8178,Product 49,277.68
10072,2022-03-28,7,90.06,INV-19862,SKU-1036,Product 89,630.4200000000001
10072,2022-04-16,5,63.11,INV-38821,SKU-4213,Product 56,315.55
10072,2022-11-24,4,58.3,INV-91205,SKU-1593,Product 40,233.2
10072,2022-12-08,4,65.15,INV-76050,SKU-7287,Product 96,260.6
10072,2022-12-29,7,25.52,INV-47136,SKU-5088,Product 45,178.64
10073,2021-06-11,3,37.81,INV-23894,SKU-1614,Product 83,113.43
10073,2021-10-29,4,14.47,INV-90286,SKU-7757,Product 71,57.88
10073,2022-07-17,4,43.46,INV-75014,SKU-7896,Product 25,173.84
10073,2022-09-13,2,28.63,INV-38967,SKU-1013,Product 91,57.26
10073,2022-12-24,4,14.34,INV-69121,SKU-8051,Product 2,57.36
10074,2021-01-08,1,22.08,INV-11206,SKU-4080,Product 29,22.08
10074,2021-05-12,3,44.92,INV-76917,SKU-9154,Product 60,134.76
10074,2022-07-10,2,50.56,INV-51154,SKU-8338,Product 18,101.12
10074,2022-10-30,3,38.99,INV-26766,SKU-3256,Product 99,116.97
10074,2022-12-25,1,35.8,INV-25580,SKU-3852,Product 49,35.8
10075,2021-01-15,4,29.63,INV-56815,SKU-2562,Product 37,118.52
10076,2021-12-13,4,27.08,INV-74840,SKU-1195,Product 29,108.32
10076,2022-11-30,3,18.91,INV-50818,SKU-6947,Product 18,56.730000000000004
10077,2021-08-17,3,37.17,INV-40875,SKU-9662,Product 36,111.51
10077,2022-04-28,2,27.48,INV-50581,SKU-2414,Product 37,54.96
10077,2022-12-05,4,14.4,INV-22115,SKU-2785,Product 77,57.6
10078,2021-03-23,4,18.77,INV-19643,SKU-3567,Product 73,75.08
10078,2021-07-23,3,19.1,INV-79092,SKU-8304,Product 22,57.300000000000004
10078,2021-08-05,1,22.11,INV-57733,SKU-1817,Product 65,22.11
10078,2022-07-20,2,41.16,INV-93292,SKU-3237,Product 19,82.32
10079,2021-04-06,10,160.92,INV-40442,SKU-5926,Product 26,1609.1999999999998
10079,2021-07-01,4,108.51,INV-99379,SKU-5669,Product 1,434.04
10079,2021-09-27,10,143.05,INV-19704,SKU-6478,Product 61,1430.5
10079,2021-10-06,9,103.19,INV-68882,SKU-2124,Product 41,928.71
10079,2021-11-03,13,58.72,INV-27196,SKU-5999,Product 91,763.36
10079,2021-11-14,3,109.58,INV-56390,SKU-5716,Product 93,328.74
10079,2022-02-08,13,176.1,INV-26997,SKU-2872,Product 83,2289.2999999999997
10079,2022-02-27,13,165.71,INV-84363,SKU-8713,Product 80,2154.23
10079,2022-04-16,11,115.89,INV-43411,SKU-6351,Product 74,1274.79
10079,2022-04-22,5,211.07,INV-74181,SKU-4048,Product 51,1055.35
10079,2022-05-03,13,61.86,INV-59057,SKU-3562,Product 68,804.18
10079,2022-08-31,10,150.72,INV-13907,SKU-9946,Product 36,1507.2
10079,2022-11-15,14,84.32,INV-75035,SKU-1135,Product 74,1180.48
10079,2022-11-28,8,52.85,INV-24143,SKU-4321,Product 18,422.8
10080,2021-03-16,6,76.49,INV-93161,SKU-6206,Product 82,458.93999999999994
10080,2021-07-30,7,57.39,INV-44904,SKU-8311,Product 20,401.73
10080,2021-11-24,4,56.24,INV-59955,SKU-7719,Product 7,224.96
10080,2022-01-09,3,39.51,INV-49718,SKU-8177,Product 59,118.53
10080,2022-01-25,2,35.33,INV-39487,SKU-7223,Product 82,70.66
10080,2022-02-14,4,32.12,INV-54275,SKU-5738,Product 96,128.48
10080,2022-03-05,5,54.07,INV-96679,SKU-6745,Product 1,270.35
10080,2022-05-23,6,105.02,INV-34284,SKU-2605,Product 84,630.12
10080,2022-08-15,2,71.76,INV-51846,SKU-4936,Product 92,143.52
10080,2022-10-10,4,94.37,INV-21674,SKU-3812,Product 46,377.48
10081,2021-02-07,5,30.72,INV-84767,SKU-1408,Product 60,153.6
10081,2021-03-20,5,45.64,INV-65822,SKU-3451,Product 34,228.2
10081,2021-05-12,6,80.79,INV-67888,SKU-9583,Product 42,484.74
10081,2021-06-27,3,69.06,INV-66758,SKU-2201,Product 35,207.18
10081,2021-11-23,2,98.25,INV-75081,SKU-9471,Product 39,196.5
10081,2022-01-17,4,71.75,INV-35322,SKU-5961,Product 16,287.0
10081,2022-02-27,4,53.15,INV-83654,SKU-3551,Product 26,212.6
10081,2022-04-13,4,53.38,INV-92570,SKU-3425,Product 36,213.52
10081,2022-06-17,3,46.8,INV-89808,SKU-5309,Product 42,140.39999999999998
10081,2022-10-13,7,42.39,INV-47371,SKU-5053,Product 29,296.73
10081,2022-11-10,7,79.21,INV-76635,SKU-7841,Product 78,554.4699999999999
10081,2022-11-20,7,107.16,INV-43071,SKU-6067,Product 33,750.12
10081,2022-12-15,2,77.1,INV-81882,SKU-4166,Product 49,154.2
10082,2021-04-19,4,56.36,INV-58179,SKU-7482,Product 39,225.44
10082,2021-06-12,4,68.74,INV-74213,SKU-8655,Product 62,274.96
10082,2021-07-30,7,46.58,INV-39420,SKU-3819,Product 15,326.06
10082,2021-09-11,6,71.48,INV-54700,SKU-1264,Product 9,428.88
10082,2021-10-23,2,56.03,INV-28482,SKU-9444,Product 70,112.06
10082,2022-01-30,6,80.4,INV-64165,SKU-8604,Product 86,482.40000000000003
10082,2022-03-22,2,60.83,INV-54086,SKU-3376,Product 77,121.66
10082,2022-05-05,3,81.8,INV-30838,SKU-7770,Product 4,245.39999999999998
10082,2022-06-27,3,93.52,INV-11524,SKU-4766,Product 9,280.56
10082,2022-07-04,7,55.65,INV-40190,SKU-4400,Product 29,389.55
10082,2022-09-03,5,31.47,INV-73841,SKU-5291,Product 45,157.35
10082,2022-09-05,7,79.97,INV-17018,SKU-5270,Product 24,559.79
10082,2022-10-26,6,78.37,INV-84954,SKU-9441,Product 84,470.22
10082,2022-11-17,6,92.44,INV-94757,SKU-3386,Product 28,554.64
10083,2022-02-18,4,17.19,INV-43489,SKU-8700,Product 95,68.76
10083,2022-10-22,1,41.89,INV-71901,SKU-6703,Product 12,41.89
10083,2022-12-28,1,17.72,INV-46853,SKU-8588,Product 81,17.72
10084,2021-01-30,8,179.65,INV-99971,SKU-3019,Product 31,1437.2
10084,2021-04-13,6,71.71,INV-25542,SKU-3887,Product 86,430.26
10084,2021-05-04,4,53.58,INV-60021,SKU-4521,Product 91,214.32
10084,2021-05-07,12,73.96,INV-31859,SKU-4669,Product 87,887.52
10084,2021-05-30,13,171.94,INV-74042,SKU-8621,Product 23,2235.22
10084,2021-06-26,3,61.86,INV-71957,SKU-9058,Product 44,185.57999999999998
10084,2021-08-25,6,134.48,INV-17787,SKU-4945,Product 19,806.8799999999999
10084,2021-12-05,14,116.43,INV-28714,SKU-2759,Product 33,1630.02
10084,2022-01-26,13,71.75,INV-86693,SKU-8740,Product 61,932.75
10084,2022-02-27,7,98.54,INV-81051,SKU-4985,Product 80,689.7800000000001
10084,2022-04-19,10,176.15,INV-37257,SKU-2650,Product 69,1761.5
10084,2022-05-20,14,106.17,INV-35976,SKU-6557,Product 88,1486.38
10084,2022-06-10,5,190.08,INV-40008,SKU-6723,Product 81,950.4000000000001
10084,2022-06-28,10,59.87,INV-28731,SKU-1645,Product 24,598.6999999999999
10084,2022-08-21,9,178.3,INV-86610,SKU-2416,Product 1,1604.7
10084,2022-08-27,3,69.93,INV-42908,SKU-1719,Product 78,209.79000000000002
10084,2022-09-24,4,162.39,INV-50767,SKU-3292,Product 57,649.56
10084,2022-10-12,10,89.26,INV-62016,SKU-5177,Product 48,892.6
10084,2022-12-11,7,69.78,INV-40628,SKU-7265,Product 41,488.46000000000004
10084,2022-12-26,6,83.55,INV-81978,SKU-7420,Product 48,501.29999999999995
10085,2021-01-07,2,98.99,INV-57574,SKU-2443,Product 28,197.98
10085,2021-05-29,6,67.03,INV-67505,SKU-2781,Product 68,402.18
10085,2021-06-10,5,88.7,INV-72419,SKU-6869,Product 54,443.5
10085,2021-06-12,7,31.58,INV-22654,SKU-8511,Product 40,221.06
10085,2021-08-11,2,68.85,INV-86553,SKU-6372,Product 58,137.7
10085,2021-09-21,2,65.07,INV-14693,SKU-9806,Product 83,130.14
10085,2021-10-03,7,61.68,INV-86181,SKU-9102,Product 10,431.76
10085,2021-12-16,6,62.33,INV-19678,SKU-5864,Product 28,373.98
10085,2021-12-31,4,95.15,INV-68051,SKU-8611,Product 14,380.6
10085,2022-04-14,2,73.59,INV-42996,SKU-9970,Product 63,147.18
10085,2022-05-21,5,67.92,INV-29450,SKU-3680,Product 90,339.6
10085,2022-10-02,6,77.69,INV-22232,SKU-2466,Product 72,466.14
10086,2021-01-19,3,46.43,INV-76561,SKU-3051,Product 38,139.29
10086,2021-06-20,5,79.46,INV-96371,SKU-5925,Product 43,397.29999999999995
10086,2021-11-11,3,46.33,INV-32741,SKU-3247,Product 21,138.99
10086,2022-01-28,7,93.87,INV-69843,SKU-4361,Product 96,657.09
10086,2022-11-08,5,74.35,INV-41075,SKU-6392,Product 68,371.75
10087,2021-01-11,3,19.67,INV-99809,SKU-8491,Product 79,59.010000000000005
10087,2021-06-30,1,23.97,INV-17753,SKU-9741,Product 86,23.97
10087,2021-09-17,4,47.14,INV-50970,SKU-6139,Product 23,188.56
10087,2021-11-05,2,33.11,INV-22905,SKU-7090,Product 98,66.22
10087,2021-12-18,3,14.54,INV-27991,SKU-9912,Product 16,43.62
10087,2022-03-26,2,33.57,INV-11511,SKU-5081,Product 47,67.14
10087,2022-05-31,1,38.61,INV-67061,SKU-1921,Product 75,38.61
10087,2022-06-20,3,10.77,INV-89478,SKU-9272,Product 18,32.31
10087,2022-09-05,3,21.29,INV-65723,SKU-2946,Product 84,63.87
10087,2022-09-30,2,34.79,INV-18652,SKU-2396,Product 23,69.58
10088,2021-08-11,3,29.15,INV-87510,SKU-9866,Product 11,87.44999999999999
10088,2022-09-23,1,50.13,INV-11066,SKU-9287,Product 27,50.13
10089,2021-02-16,1,11.23,INV-31468,SKU-2573,Product 48,11.23
10089,2021-03-29,3,30.36,INV-34514,SKU-7196,Product 2,91.08
10089,2021-04-17,2,19.68,INV-44575,SKU-1418,Product 84,39.36
10089,2022-01-13,3,21.54,INV-36515,SKU-8378,Product 18,64.62
10089,2022-01-15,2,37.64,INV-85103,SKU-9859,Product 9,75.28
10089,2022-08-19,3,27.11,INV-31310,SKU-9980,Product 79,81.33
10090,2021-02-16,3,29.29,INV-61290,SKU-3196,Product 30,87.87
10090,2022-01-17,4,30.48,INV-17826,SKU-2329,Product 54,121.92
10090,2022-02-01,3,42.14,INV-20704,SKU-5514,Product 87,126.42
10091,2021-03-28,1,15.93,INV-66470,SKU-8483,Product 37,15.93
10091,2021-09-10,1,41.74,INV-69790,SKU-3261,Product 34,41.74
10092,2021-08-02,2,29.56,INV-12074,SKU-8825,Product 18,59.12
10092,2021-08-10,2,11.16,INV-26651,SKU-1434,Product 66,22.32
10092,2022-01-27,1,11.79,INV-34198,SKU-8735,Product 75,11.79
10092,2022-02-02,2,16.09,INV-38314,SKU-3731,Product 40,32.18
10092,2022-07-12,4,25.66,INV-82018,SKU-6325,Product 58,102.64
10092,2022-07-21,1,39.21,INV-78659,SKU-3307,Product 58,39.21
10092,2022-12-27,4,42.78,INV-10605,SKU-4677,Product 68,171.12
10093,2021-01-20,5,108.17,INV-34657,SKU-6656,Product 8,540.85
10093,2021-02-16,8,131.48,INV-26820,SKU-2809,Product 19,1051.84
10093,2021-03-05,7,58.62,INV-65833,SKU-8015,Product 79,410.34
10093,2021-05-21,6,65.62,INV-66064,SKU-9552,Product 26,393.72
10093,2021-06-05,12,177.64,INV-78625,SKU-8165,Product 43,2131.68
10093,2021-06-17,7,79.5,INV-73179,SKU-7450,Product 21,556.5
10093,2021-08-11,11,59.51,INV-62168,SKU-9166,Product 90,654.61
10093,2021-09-13,9,120.6,INV-77551,SKU-3800,Product 27,1085.3999999999999
10093,2021-10-23,4,138.09,INV-31585,SKU-6397,Product 54,552.36
10093,2021-11-10,8,204.85,INV-74694,SKU-2681,Product 61,1638.8
10093,2021-12-01,11,178.84,INV-25954,SKU-1559,Product 22,1967.24
10093,2022-01-31,4,80.05,INV-49632,SKU-5022,Product 38,320.2
10093,2022-04-03,13,167.45,INV-74372,SKU-3220,Product 4,2176.85
10093,2022-04-03,13,190.11,INV-37855,SKU-7964,Product 23,2471.4300000000003
10093,2022-07-12,7,158.93,INV-56541,SKU-4838,Product 86,1112.51
10093,2022-08-04,3,131.38,INV-10740,SKU-7470,Product 37,394.14
10093,2022-08-25,13,122.99,INV-22914,SKU-8536,Product 32,1598.87
10093,2022-09-20,9,122.93,INV-42007,SKU-7360,Product 61,1106.3700000000001
10093,2022-10-23,12,193.78,INV-23555,SKU-1391,Product 84,2325.36
10093,2022-10-30,5,64.45,INV-69429,SKU-5549,Product 38,322.25
10093,2022-11-09,12,171.11,INV-35008,SKU-2176,Product 21,2053.32
10093,2022-11-10,14,65.04,INV-72515,SKU-2884,Product 75,910.5600000000001
10093,2022-11-18,4,63.2,INV-95934,SKU-1878,Product 82,252.8
10093,2022-11-24,11,128.43,INV-74091,SKU-9459,Product 90,1412.73
10093,2022-12-03,14,68.37,INV-54935,SKU-7123,Product 21,957.1800000000001
10093,2022-12-19,8,71.57,INV-78872,SKU-9157,Product 13,572.56
10094,2021-09-05,2,15.77,INV-85224,SKU-8086,Product 2,31.54
10094,2022-02-08,1,51.5,INV-81296,SKU-8260,Product 67,51.5
10094,2022-04-11,2,25.78,INV-24626,SKU-8951,Product 50,51.56
10095,2022-02-02,2,41.62,INV-87283,SKU-5409,Product 89,83.24
10095,2022-11-01,3,34.12,INV-77321,SKU-3633,Product 61,102.35999999999999
10096,2021-01-17,4,27.64,INV-92961,SKU-6112,Product 68,110.56
10096,2021-05-08,3,38.15,INV-93137,SKU-2485,Product 56,114.44999999999999
10096,2021-08-24,4,26.34,INV-75792,SKU-1671,Product 3,105.36
10096,2022-02-01,1,31.4,INV-46961,SKU-9984,Product 38,31.4
10096,2022-05-23,1,38.89,INV-87987,SKU-6560,Product 79,38.89
10096,2022-10-02,1,34.25,INV-58028,SKU-8618,Product 53,34.25
10096,2022-11-05,2,19.38,INV-18678,SKU-7294,Product 47,38.76
10097,2021-06-20,4,35.48,INV-23594,SKU-4684,Product 8,141.92
10097,2021-07-10,1,24.63,INV-73645,SKU-6906,Product 53,24.63
10097,2021-09-08,3,16.19,INV-55493,SKU-5047,Product 50,48.57000000000001
10097,2021-10-20,3,38.84,INV-39500,SKU-1266,Product 77,116.52000000000001
10097,2022-01-16,1,48.87,INV-72809,SKU-7044,Product 69,48.87
10097,2022-02-05,2,22.04,INV-54569,SKU-2344,Product 74,44.08
10098,2021-01-04,2,25.06,INV-16553,SKU-7830,Product 37,50.12
10098,2021-04-13,2,41.68,INV-20943,SKU-1244,Product 93,83.36
10098,2022-06-21,4,39.92,INV-37640,SKU-6667,Product 2,159.68
10098,2022-10-08,3,40.08,INV-89054,SKU-1438,Product 37,120.24
10098,2022-11-23,3,15.47,INV-70033,SKU-6257,Product 83,46.410000000000004
10099,2022-10-24,3,14.99,INV-17806,SKU-1757,Product 87,44.97
10099,2022-11-21,2,18.92,INV-26150,SKU-6710,Product 45,37.84
10100,2021-05-03,3,10.99,INV-56610,SKU-3145,Product 7,32.97
10100,2022-01-14,4,28.35,INV-24060,SKU-2489,Product 40,113.4
10100,2022-01-16,4,26.67,INV-55237,SKU-9262,Product 44,106.68
10100,2022-02-01,2,14.7,INV-62839,SKU-6801,Product 16,29.4
10100,2022-06-25,1,16.29,INV-62476,SKU-1954,Product 98,16.29
10101,2021-01-20,5,49.14,INV-52292,SKU-5753,Product 43,245.7
10101,2021-02-08,2,93.24,INV-87167,SKU-4167,Product 5,186.48
10101,2021-03-10,6,59.36,INV-15295,SKU-5076,Product 61,356.15999999999997
10101,2021-05-12,5,73.59,INV-72907,SKU-2060,Product 92,367.95000000000005
10101,2021-07-04,2,73.47,INV-94536,SKU-9882,Product 5,146.94
10101,2021-08-18,4,67.12,INV-33900,SKU-5941,Product 85,268.48
10101,2021-08-31,6,41.27,INV-89557,SKU-6724,Product 19,247.62
10101,2021-09-28,5,80.27,INV-32703,SKU-9640,Product 80,401.34999999999997
10101,2021-10-18,7,33.6,INV-78203,SKU-7034,Product 16,235.20000000000002
10101,2021-12-08,5,67.16,INV-35150,SKU-2324,Product 53,335.79999999999995
10101,2021-12-10,3,68.89,INV-93029,SKU-4771,Product 96,206.67000000000002
10101,2022-02-11,3,68.73,INV-94517,SKU-1901,Product 45,206.19
10101,2022-06-03,5,36.52,INV-60738,SKU-5680,Product 72,182.60000000000002
10101,2022-06-30,6,55.96,INV-99091,SKU-1315,Product 54,335.76
10101,2022-07-19,4,99.74,INV-65189,SKU-6256,Product 24,398.96
10101,2022-11-01,6,33.26,INV-38091,SKU-2342,Product 57,199.56
10101,2022-11-30,6,62.32,INV-82239,SKU-1747,Product 55,373.92
10101,2022-12-09,6,39.83,INV-38114,SKU-9625,Product 66,238.98
10102,2021-01-29,4,28.62,INV-27451,SKU-1744,Product 3,114.48
10102,2021-03-27,3,34.45,INV-22045,SKU-3346,Product 76,103.35000000000001
10102,2021-04-13,1,41.87,INV-90244,SKU-8529,Product 4,41.87
10102,2021-07-02,2,19.77,INV-60697,SKU-2437,Product 25,39.54
10103,2021-01-23,5,67.49,INV-96120,SKU-5791,Product 74,337.45
10103,2021-02-09,2,40.54,INV-34265,SKU-8715,Product 95,81.08
10103,2021-03-11,7,58.42,INV-54844,SKU-8261,Product 63,408.94
10103,2021-04-01,7,67.78,INV-35762,SKU-2834,Product 29,474.46000000000004
10103,2021-06-14,2,38.84,INV-14949,SKU-7572,Product 58,77.68
10103,2021-07-27,7,59.01,INV-55474,SKU-4620,Product 8,413.07
10103,2021-11-29,5,60.29,INV-41657,SKU-3078,Product 22,301.45
10103,2022-01-29,6,75.43,INV-90957,SKU-6167,Product 82,452.58000000000004
10103,2022-03-01,3,32.39,INV-80514,SKU-9698,Product 78,97.17
10103,2022-03-12,3,50.78,INV-24318,SKU-2782,Product 60,152.34
10103,2022-03-23,2,42.86,INV-80404,SKU-1012,Product 19,85.72
10103,2022-07-04,2,43.63,INV-45966,SKU-2364,Product 6,87.26
10103,2022-07-24,3,92.81,INV-76722,SKU-8581,Product 50,278.43
10103,2022-07-29,7,95.2,INV-24826,SKU-3524,Product 64,666.4
10103,2022-11-24,6,41.18,INV-19472,SKU-4727,Product 37,247.07999999999998
10104,2021-06-22,2,34.03,INV-53779,SKU-5111,Product 51,68.06
10104,2021-09-10,3,36.87,INV-47145,SKU-8058,Product 55,110.60999999999999
10104,2022-09-10,3,23.75,INV-86477,SKU-7308,Product 34,71.25
10105,2021-12-23,2,38.54,INV-66574,SKU-5524,Product 50,77.08
10105,2022-05-23,4,24.03,INV-54830,SKU-3839,Product 3,96.12
10105,2022-07-26,1,50.7,INV-38671,SKU-7101,Product 70,50.7
10106,2021-01-17,11,118.35,INV-50612,SKU-7111,Product 11,1301.85
10106,2021-01-26,5,100.68,INV-40825,SKU-6204,Product 86,503.40000000000003
10106,2021-02-04,8,149.9,INV-69267,SKU-9508,Product 97,1199.2
10106,2021-02-22,12,121.14,INV-98444,SKU-6899,Product 71,1453.68
10106,2021-06-15,11,153.88,INV-16589,SKU-7849,Product 68,1692.6799999999998
10106,2021-07-24,13,171.61,INV-40924,SKU-8008,Product 57,2230.9300000000003
10106,2021-08-04,12,159.48,INV-12176,SKU-3338,Product 64,1913.7599999999998
10106,2021-08-06,8,180.08,INV-46763,SKU-1305,Product 55,1440.64
10106,2021-09-11,13,189.4,INV-74685,SKU-3358,Product 62,2462.2000000000003
10106,2021-10-10,10,173.85,INV-26486,SKU-5912,Product 38,1738.5
10106,2021-10-23,7,132.98,INV-20208,SKU-3231,Product 34,930.8599999999999
10106,2021-10-30,5,56.73,INV-62479,SKU-9688,Product 40,283.65
10106,2021-12-11,10,105.65,INV-62967,SKU-1295,Product 30,1056.5
10106,2021-12-18,6,173.19,INV-43365,SKU-8320,Product 2,1039.1399999999999
10106,2022-02-09,6,171.72,INV-13203,SKU-7499,Product 54,1030.32
10106,2022-05-09,11,151.26,INV-91657,SKU-6196,Product 30,1663.86
10106,2022-05-14,12,93.49,INV-90373,SKU-3072,Product 59,1121.8799999999999
10106,2022-08-19,9,70.9,INV-13778,SKU-1941,Product 20,638.1
10106,2022-09-24,7,202.57,INV-72645,SKU-3784,Product 53,1417.99
10106,2022-11-03,9,151.61,INV-22777,SKU-8936,Product 50,1364.4900000000002
10106,2022-11-05,6,148.85,INV-15640,SKU-4984,Product 27,893.0999999999999
10106,2022-11-19,3,63.15,INV-44256,SKU-4563,Product 46,189.45
10106,2022-12-27,8,76.74,INV-60460,SKU-2593,Product 66,613.92
10107,2021-03-11,4,17.51,INV-32694,SKU-4006,Product 79,70.04
10107,2021-08-11,2,18.07,INV-99218,SKU-5533,Product 19,36.14
10107,2021-10-14,4,41.7,INV-28894,SKU-7225,Product 7,166.8
10108,2021-02-18,4,44.93,INV-58974,SKU-9809,Product 36,179.72
10108,2021-04-05,3,80.08,INV-68081,SKU-7467,Product 99,240.24
10108,2021-05-14,5,41.53,INV-82320,SKU-2545,Product 47,207.65
10108,2021-05-25,5,75.12,INV-96553,SKU-7286,Product 73,375.6
10108,2021-11-04,2,46.47,INV-31803,SKU-4370,Product 31,92.94
10108,2021-11-28,3,30.57,INV-41063,SKU-6492,Product 51,91.71000000000001
10108,2021-12-15,4,80.46,INV-33371,SKU-8975,Product 67,321.84
10108,2022-11-01,5,71.3,INV-35209,SKU-4499,Product 59,356.5
10110,2021-01-26,4,104.16,INV-74168,SKU-3595,Product 6,416.64
10110,2021-03-15,2,48.62,INV-58329,SKU-3216,Product 70,97.24
10110,2021-10-15,3,48.56,INV-73528,SKU-2507,Product 4,145.68
10110,2021-12-29,4,87.55,INV-65366,SKU-2905,Product 94,350.2
10110,2022-01-08,2,67.85,INV-76285,SKU-4051,Product 38,135.7
10110,2022-03-22,2,35.22,INV-98519,SKU-7487,Product 40,70.44
10110,2022-06-09,2,71.77,INV-66546,SKU-4240,Product 68,143.54
10110,2022-07-31,5,111.15,INV-67707,SKU-9062,Product 88,555.75
10110,2022-08-06,2,43.3,INV-99168,SKU-5102,Product 74,86.6
10110,2022-10-07,5,47.3,INV-33289,SKU-8988,Product 39,236.5
10110,2022-11-25,3,66.64,INV-83834,SKU-3553,Product 58,199.92000000000002
10110,2022-12-11,2,35.09,INV-89386,SKU-7732,Product 50,70.18
10111,2021-01-17,2,11.31,INV-72497,SKU-6362,Product 55,22.62
10111,2021-03-24,3,22.32,INV-19376,SKU-1436,Product 10,66.96000000000001
10111,2021-05-20,2,33.46,INV-23890,SKU-7596,Product 3,66.92
10111,2022-01-26,3,22.29,INV-95442,SKU-9664,Product 93,66.87
10111,2022-05-10,1,25.75,INV-88711,SKU-1068,Product 56,25.75
10111,2022-10-30,2,42.42,INV-69056,SKU-9220,Product 38,84.84
10112,2021-02-05,3,159.73,INV-16242,SKU-9145,Product 16,479.18999999999994
10112,2021-05-20,6,157.94,INV-62214,SKU-9710,Product 23,947.64
10112,2021-06-06,10,170.51,INV-31213,SKU-2950,Product 92,1705.1
10112,2021-07-18,6,162.08,INV-59515,SKU-9061,Product 46,972.48
10112,2021-07-31,9,184.82,INV-71248,SKU-7189,Product 18,1663.3799999999999
10112,2021-08-09,3,175.34,INV-38259,SKU-4464,Product 45,526.02
10112,2021-08-18,10,71.5,INV-89401,SKU-1495,Product 84,715.0
10112,2021-11-10,6,82.33,INV-63366,SKU-5079,Product 71,493.98
10112,2022-01-05,3,130.51,INV-44650,SKU-5908,Product 44,391.53
10112,2022-05-15,11,160.9,INV-82807,SKU-5002,Product 65,1769.9
10112,2022-05-26,10,199.85,INV-99676,SKU-3933,Product 78,1998.5
10112,2022-07-12,13,54.9,INV-63711,SKU-2470,Product 88,713.6999999999999
10112,2022-07-22,14,113.06,INV-59581,SKU-6700,Product 31,1582.8400000000001
10112,2022-07-29,3,53.6,INV-18118,SKU-9634,Product 80,160.8
10112,2022-09-07,9,88.32,INV-11949,SKU-1244,Product 49,794.8799999999999
10112,2022-10-21,3,94.89,INV-94698,SKU-4752,Product 21,284.67
10112,2022-11-09,8,221.73,INV-23338,SKU-6984,Product 80,1773.84
10112,2022-11-16,7,161.42,INV-97160,SKU-5815,Product 66,1129.9399999999998
10112,2022-11-23,7,221.1,INV-24464,SKU-8135,Product 14,1547.7
10112,2022-12-14,7,84.66,INV-58638,SKU-5223,Product 38,592.62
10113,2021-06-24,3,11.18,INV-97718,SKU-1244,Product 38,33.54
10113,2021-07-21,1,20.73,INV-90850,SKU-2305,Product 60,20.73
10113,2021-11-27,3,43.06,INV-59280,SKU-2345,Product 5,129.18
10113,2022-04-04,3,36.28,INV-31682,SKU-1078,Product 85,108.84
10113,2022-07-11,1,31.69,INV-74337,SKU-2591,Product 99,31.69
10113,2022-11-19,1,30.53,INV-86579,SKU-4469,Product 78,30.53
10114,2021-02-23,7,49.47,INV-39802,SKU-9411,Product 57,346.28999999999996
10114,2021-03-04,2,46.23,INV-78991,SKU-2691,Product 37,92.46
10114,2021-07-20,3,53.92,INV-78711,SKU-8849,Product 58,161.76
10114,2021-11-17,3,38.93,INV-34714,SKU-5452,Product 84,116.78999999999999
10114,2022-04-26,7,85.61,INV-66215,SKU-1585,Product 99,599.27
10114,2022-04-28,5,62.82,INV-40243,SKU-1092,Product 31,314.1
10114,2022-06-23,3,76.92,INV-60627,SKU-9915,Product 84,230.76
10114,2022-08-16,2,62.97,INV-72803,SKU-1068,Product 21,125.94
10114,2022-09-08,4,62.63,INV-48918,SKU-1472,Product 10,250.52
10115,2021-07-15,2,17.05,INV-69132,SKU-5287,Product 49,34.1
10115,2021-11-10,1,13.96,INV-47880,SKU-2731,Product 38,13.96
10115,2022-03-02,2,36.13,INV-87230,SKU-8574,Product 30,72.26
10115,2022-07-25,2,18.48,INV-17721,SKU-2851,Product 22,36.96
10115,2022-08-29,3,19.35,INV-66927,SKU-9379,Product 91,58.050000000000004
10116,2021-12-12,3,19.91,INV-73012,SKU-7405,Product 51,59.730000000000004
10117,2021-02-22,4,35.11,INV-65308,SKU-4570,Product 61,140.44
10117,2022-04-29,2,35.57,INV-23138,SKU-6934,Product 1,71.14
10117,2022-05-12,3,32.78,INV-94328,SKU-7318,Product 60,98.34
10117,2022-07-21,3,14.16,INV-34107,SKU-6878,Product 86,42.480000000000004
10118,2021-01-12,4,35.3,INV-92606,SKU-6529,Product 1,141.2
10118,2021-08-08,1,25.63,INV-18800,SKU-1308,Product 17,25.63
10118,2022-08-03,3,40.51,INV-84710,SKU-4443,Product 20,121.53
10118,2022-09-05,2,31.05,INV-18698,SKU-5856,Product 8,62.1
10119,2021-06-28,3,23.87,INV-85495,SKU-4733,Product 7,71.61
10119,2021-08-03,4,20.06,INV-60653,SKU-9320,Product 98,80.24
10119,2021-08-23,3,10.83,INV-93310,SKU-5925,Product 21,32.49
10119,2021-09-05,1,29.64,INV-77778,SKU-2358,Product 73,29.64
10119,2022-03-12,2,38.04,INV-37955,SKU-9862,Product 84,76.08
10120,2021-03-04,5,66.03,INV-11649,SKU-3862,Product 98,330.15
10120,2021-03-25,3,83.1,INV-36968,SKU-6681,Product 14,249.29999999999998
10120,2021-05-15,3,69.8,INV-62409,SKU-4235,Product 33,209.39999999999998
10120,2021-06-17,4,33.0,INV-72782,SKU-2360,Product 31,132.0
10120,2021-08-19,4,62.38,INV-81448,SKU-1442,Product 1,249.52
10120,2021-08-27,5,35.02,INV-84722,SKU-1768,Product 19,175.10000000000002
10120,2021-11-04,5,88.66,INV-25772,SKU-8108,Product 75,443.29999999999995
10120,2022-01-19,3,28.71,INV-57907,SKU-9246,Product 35,86.13
10120,2022-01-25,7,64.74,INV-21743,SKU-3507,Product 68,453.17999999999995
10120,2022-02-05,5,41.02,INV-12090,SKU-7070,Product 45,205.10000000000002
10120,2022-02-10,4,67.61,INV-88082,SKU-3154,Product 63,270.44
10120,2022-06-07,6,54.94,INV-35230,SKU-6093,Product 32,329.64
10120,2022-08-31,2,58.27,INV-67872,SKU-6147,Product 45,116.54
10120,2022-10-12,4,104.3,INV-24155,SKU-5733,Product 81,417.2
10120,2022-11-04,5,88.37,INV-92943,SKU-4897,Product 11,441.85
10120,2022-11-16,6,50.77,INV-98004,SKU-8262,Product 29,304.62
10120,2022-12-10,3,65.06,INV-72526,SKU-2088,Product 41,195.18
10121,2021-01-01,6,25.36,INV-71700,SKU-9109,Product 79,152.16
10121,2021-02-11,6,41.93,INV-12455,SKU-1941,Product 53,251.57999999999998
10121,2021-03-11,7,52.47,INV-92952,SKU-2471,Product 20,367.28999999999996
10121,2021-04-09,4,81.12,INV-43132,SKU-1794,Product 79,324.48
10121,2022-04-27,6,68.56,INV-72759,SKU-7041,Product 18,411.36
10121,2022-07-02,6,44.92,INV-45271,SKU-8855,Product 67,269.52
10121,2022-10-25,4,30.19,INV-35143,SKU-7164,Product 1,120.76
10122,2021-01-02,7,51.3,INV-85254,SKU-8156,Product 10,359.09999999999997
10122,2021-09-09,3,74.8,INV-81842,SKU-4005,Product 9,224.39999999999998
10122,2021-10-29,2,72.64,INV-56339,SKU-8446,Product 29,145.28
10122,2022-05-23,5,78.98,INV-51556,SKU-6873,Product 92,394.90000000000003
10122,2022-06-02,7,95.98,INV-38410,SKU-2718,Product 2,671.86
10122,2022-12-01,4,43.27,INV-86387,SKU-8409,Product 27,173.08
10123,2021-05-23,3,19.9,INV-41331,SKU-6585,Product 71,59.699999999999996
10123,2021-10-28,3,19.54,INV-88867,SKU-5516,Product 62,58.62
10123,2022-03-30,3,40.2,INV-44699,SKU-2111,Product 19,120.60000000000001
10123,2022-04-12,1,12.12,INV-81641,SKU-3560,Product 94,12.12
10123,2022-08-19,4,23.82,INV-61116,SKU-7601,Product 94,95.28
10124,2021-04-27,3,39.3,INV-61576,SKU-2934,Product 53,117.89999999999999
10124,2021-09-12,2,26.46,INV-99207,SKU-5863,Product 96,52.92
10124,2022-12-05,2,17.13,INV-20515,SKU-2591,Product 45,34.26
10124,2022-12-12,2,45.66,INV-59449,SKU-9493,Product 82,91.32
10125,2021-02-02,13,62.14,INV-20864,SKU-1043,Product 29,807.82
10125,2021-02-10,12,214.16,INV-71470,SKU-4011,Product 68,2569.92
10125,2021-03-04,10,51.69,INV-80248,SKU-7755,Product 90,516.9
10125,2021-04-13,10,195.88,INV-76186,SKU-1033,Product 65,1958.8
10125,2021-04-23,14,148.21,INV-33636,SKU-1930,Product 69,2074.94
10125,2021-04-30,14,80.96,INV-87391,SKU-2169,Product 1,1133.4399999999998
10125,2021-05-08,13,56.61,INV-67853,SKU-2823,Product 69,735.93
10125,2021-06-03,4,144.27,INV-58700,SKU-9953,Product 42,577.08
10125,2021-06-08,14,154.52,INV-93232,SKU-3962,Product 28,2163.28
10125,2021-07-07,12,101.71,INV-71651,SKU-8828,Product 47,1220.52
10125,2021-07-30,5,84.85,INV-34644,SKU-6725,Product 58,424.25
10125,2021-08-05,7,120.72,INV-17596,SKU-3084,Product 23,845.04
10125,2021-08-08,12,98.15,INV-98644,SKU-7155,Product 83,1177.8000000000002
10125,2021-10-21,6,107.09,INV-14789,SKU-4775,Product 72,642.54
10125,2021-12-15,5,111.87,INV-35551,SKU-4120,Product 32,559.35
10125,2021-12-22,4,103.3,INV-14857,SKU-8806,Product 22,413.2
10125,2021-12-30,14,195.86,INV-70920,SKU-8025,Product 92,2742.04
10125,2022-03-29,11,105.93,INV-47748,SKU-4878,Product 30,1165.23
10125,2022-04-10,13,94.01,INV-71320,SKU-5840,Product 40,1222.13
10125,2022-05-14,8,76.97,INV-95365,SKU-1131,Product 9,615.76
10125,2022-05-31,7,171.28,INV-69459,SKU-3439,Product 60,1198.96
10125,2022-06-16,7,51.74,INV-56995,SKU-3434,Product 86,362.18
10125,2022-08-07,12,92.0,INV-79061,SKU-2796,Product 59,1104.0
10125,2022-09-27,7,128.18,INV-84855,SKU-1191,Product 45,897.26
10126,2021-11-07,1,17.6,INV-47393,SKU-9292,Product 34,17.6
10126,2022-10-21,3,30.18,INV-59116,SKU-5036,Product 44,90.53999999999999
10127,2021-03-13,4,53.72,INV-93790,SKU-4348,Product 66,214.88
10127,2022-01-01,4,37.02,INV-61990,SKU-4385,Product 59,148.08
10127,2022-02-13,3,32.25,INV-15452,SKU-5839,Product 42,96.75
10127,2022-09-05,2,39.81,INV-72403,SKU-1976,Product 50,79.62
10128,2021-05-04,2,35.67,INV-18882,SKU-1087,Product 53,71.34
10128,2021-05-05,3,28.07,INV-41485,SKU-2417,Product 88,84.21000000000001
10128,2021-10-06,3,55.57,INV-31191,SKU-2537,Product 33,166.71
10128,2022-05-20,4,20.9,INV-15239,SKU-1292,Product 48,83.6
10128,2022-07-03,3,13.81,INV-99362,SKU-5902,Product 36,41.43
10128,2022-09-23,1,29.7,INV-93904,SKU-3798,Product 52,29.7
10129,2021-01-07,4,127.03,INV-96961,SKU-2111,Product 55,508.12
10129,2021-01-23,10,174.91,INV-52738,SKU-1981,Product 34,1749.1
10129,2021-03-07,3,97.46,INV-20998,SKU-1033,Product 40,292.38
10129,2021-03-21,11,139.35,INV-44303,SKU-3028,Product 35,1532.85
10129,2021-04-18,9,162.16,INV-44094,SKU-6901,Product 31,1459.44
10129,2021-08-17,3,131.13,INV-41041,SKU-4498,Product 40,393.39
10129,2021-10-03,13,89.83,INV-21613,SKU-7596,Product 74,1167.79
10129,2021-11-21,12,180.66,INV-15631,SKU-8945,Product 13,2167.92
10129,2021-12-09,8,90.97,INV-79245,SKU-3770,Product 7,727.76
10129,2022-01-17,7,152.53,INV-95395,SKU-2309,Product 97,1067.71
10129,2022-03-01,6,136.78,INV-87787,SKU-5145,Product 16,820.6800000000001
10129,2022-03-25,12,148.29,INV-59756,SKU-9175,Product 9,1779.48
10129,2022-04-09,11,64.19,INV-38489,SKU-9207,Product 4,706.0899999999999
10129,2022-04-28,14,228.44,INV-86377,SKU-8483,Product 84,3198.16
10129,2022-06-01,4,44.42,INV-40033,SKU-4155,Product 60,177.68
10129,2022-06-21,9,120.09,INV-55174,SKU-3032,Product 65,1080.81
10129,2022-07-11,14,144.09,INV-59179,SKU-2352,Product 23,2017.26
10129,2022-08-14,4,112.47,INV-65595,SKU-9309,Product 18,449.88
10129,2022-10-04,7,157.47,INV-73594,SKU-3669,Product 20,1102.29
10129,2022-10-14,14,213.21,INV-82870,SKU-4775,Product 89,2984.94
10129,2022-10-21,4,121.77,INV-97258,SKU-3532,Product 59,487.08
10129,2022-10-26,9,74.39,INV-13084,SKU-1731,Product 70,669.51
10129,2022-11-16,8,176.71,INV-53109,SKU-3650,Product 58,1413.68
10129,2022-12-01,10,56.99,INV-89397,SKU-4636,Product 28,569.9
10129,2022-12-03,9,133.38,INV-51813,SKU-1506,Product 24,1200.42
10129,2022-12-16,14,161.03,INV-43014,SKU-6109,Product 57,2254.42
10130,2021-01-07,7,148.94,INV-38234,SKU-4402,Product 98,1042.58
10130,2021-01-10,8,165.6,INV-86008,SKU-5340,Product 81,1324.8
10130,2021-03-04,3,49.59,INV-97258,SKU-5942,Product 52,148.77
10130,2021-03-27,13,62.84,INV-46036,SKU-3694,Product 35,816.9200000000001
10130,2021-07-10,12,150.88,INV-19363,SKU-4770,Product 21,1810.56
10130,2021-08-10,10,61.69,INV-45243,SKU-7973,Product 29,616.9
10130,2021-08-27,4,48.57,INV-35428,SKU-9497,Product 14,194.28
10130,2021-10-18,3,159.38,INV-87585,SKU-9265,Product 96,478.14
10130,2021-11-07,5,198.05,INV-49309,SKU-8430,Product 14,990.25
10130,2021-12-24,8,126.13,INV-11969,SKU-5971,Product 44,1009.04
10130,2021-12-26,7,176.7,INV-16745,SKU-4062,Product 34,1236.8999999999999
10130,2022-02-13,9,119.09,INV-49202,SKU-8620,Product 32,1071.81
10130,2022-03-19,5,45.09,INV-57191,SKU-7676,Product 25,225.45000000000002
10130,2022-05-07,6,104.57,INV-86962,SKU-4628,Product 21,627.42
10130,2022-06-11,11,101.08,INV-87173,SKU-9490,Product 93,1111.8799999999999
10130,2022-06-21,10,99.43,INV-82828,SKU-9961,Product 66,994.3000000000001
10130,2022-07-04,10,158.18,INV-49095,SKU-4317,Product 73,1581.8000000000002
10130,2022-07-28,5,121.32,INV-77638,SKU-4030,Product 77,606.5999999999999
10130,2022-07-28,8,220.47,INV-92176,SKU-5025,Product 69,1763.76
10130,2022-09-22,7,158.32,INV-86772,SKU-6640,Product 25,1108.24
10130,2022-09-23,3,182.93,INV-14110,SKU-8207,Product 81,548.79
10130,2022-10-13,14,114.47,INV-31330,SKU-9302,Product 25,1602.58
10130,2022-10-19,4,73.56,INV-62412,SKU-2122,Product 38,294.24
10130,2022-11-25,12,213.4,INV-39439,SKU-9585,Product 49,2560.8
10131,2021-01-02,3,29.11,INV-38080,SKU-9160,Product 60,87.33
10131,2021-09-01,4,9.78,INV-69660,SKU-9503,Product 53,39.12
10131,2021-12-09,2,36.81,INV-89229,SKU-2832,Product 52,73.62
10131,2022-09-18,1,41.55,INV-76363,SKU-3655,Product 98,41.55
10132,2021-01-15,1,34.86,INV-11600,SKU-8462,Product 83,34.86
10132,2021-08-03,2,44.19,INV-81427,SKU-4076,Product 41,88.38
10132,2022-02-20,3,35.78,INV-35257,SKU-9833,Product 11,107.34
10133,2021-07-13,5,56.97,INV-50464,SKU-3739,Product 88,284.85
10133,2021-07-27,7,82.8,INV-25064,SKU-6620,Product 79,579.6
10133,2022-01-05,7,49.24,INV-29576,SKU-5953,Product 81,344.68
10133,2022-02-13,2,62.72,INV-63391,SKU-1892,Product 5,125.44
10133,2022-03-05,6,72.79,INV-78116,SKU-5644,Product 14,436.74
10133,2022-03-08,5,73.14,INV-19088,SKU-2546,Product 55,365.7
10133,2022-03-16,3,71.54,INV-38615,SKU-8903,Product 14,214.62
10133,2022-05-15,4,84.35,INV-68944,SKU-1710,Product 67,337.4
10133,2022-07-22,5,64.46,INV-23786,SKU-6582,Product 99,322.29999999999995
10133,2022-07-26,4,71.58,INV-21609,SKU-2261,Product 9,286.32
10133,2022-09-30,6,64.61,INV-89303,SKU-4659,Product 83,387.65999999999997
10133,2022-11-22,3,107.33,INV-45883,SKU-1218,Product 70,321.99
10135,2021-03-12,2,41.54,INV-28557,SKU-4709,Product 2,83.08
10135,2021-04-30,1,44.89,INV-83790,SKU-6715,Product 54,44.89
10135,2021-07-03,2,35.59,INV-69025,SKU-8281,Product 78,71.18
10135,2022-03-04,2,51.78,INV-54411,SKU-3653,Product 47,103.56
10136,2021-05-29,3,51.82,INV-60017,SKU-1773,Product 8,155.46
10136,2021-08-27,2,21.75,INV-35658,SKU-7883,Product 23,43.5
10136,2021-12-18,2,46.47,INV-98290,SKU-5415,Product 72,92.94
10136,2021-12-23,1,38.58,INV-33889,SKU-8162,Product 20,38.58
10136,2022-04-11,3,40.28,INV-82728,SKU-5775,Product 83,120.84
10136,2022-08-21,4,34.43,INV-80345,SKU-7345,Product 51,137.72
10137,2021-02-23,4,39.31,INV-38906,SKU-3689,Product 76,157.24
10137,2021-09-03,3,22.05,INV-67392,SKU-7910,Product 30,66.15
10137,2021-12-02,4,13.78,INV-83134,SKU-5761,Product 70,55.12
10137,2022-02-01,3,33.14,INV-95365,SKU-3203,Product 19,99.42
10137,2022-03-10,1,19.36,INV-79918,SKU-2785,Product 88,19.36
10137,2022-03-22,4,20.51,INV-77510,SKU-2258,Product 13,82.04
10137,2022-06-22,4,36.73,INV-75029,SKU-6748,Product 69,146.92
10137,2022-08-20,4,8.64,INV-89258,SKU-1088,Product 18,34.56
10138,2021-04-30,2,53.22,INV-56579,SKU-3413,Product 84,106.44
10138,2021-06-04,6,60.34,INV-55702,SKU-7279,Product 96,362.04
10138,2022-02-27,2,59.85,INV-41812,SKU-5966,Product 8,119.7
10138,2022-04-10,3,111.61,INV-38786,SKU-8224,Product 14,334.83
10138,2022-04-19,3,61.14,INV-78821,SKU-9551,Product 29,183.42000000000002
10138,2022-09-03,7,84.93,INV-25437,SKU-1471,Product 28,594.51
10138,2022-09-11,7,80.81,INV-13659,SKU-4602,Product 9,565.6700000000001
10138,2022-11-01,3,93.78,INV-45330,SKU-2795,Product 39,281.34000000000003
10139,2021-01-17,4,35.9,INV-54233,SKU-4987,Product 1,143.6
10139,2021-03-27,6,71.31,INV-48998,SKU-7283,Product 76,427.86
10139,2021-04-27,7,54.74,INV-16716,SKU-7818,Product 57,383.18
10139,2021-05-04,7,85.89,INV-35391,SKU-6104,Product 41,601.23
10139,2021-11-22,5,101.72,INV-87707,SKU-1308,Product 9,508.6
10139,2022-10-25,5,85.76,INV-85856,SKU-6178,Product 74,428.8
10139,2022-10-28,3,81.97,INV-91976,SKU-8472,Product 10,245.91
10140,2022-09-29,2,47.57,INV-67238,SKU-8073,Product 57,95.14
10141,2021-04-07,2,43.27,INV-86195,SKU-9010,Product 18,86.54
10141,2021-06-12,6,71.16,INV-12456,SKU-1206,Product 77,426.96
10141,2021-06-19,7,81.58,INV-17135,SKU-1789,Product 28,571.06
10141,2021-07-09,5,58.16,INV-78643,SKU-6628,Product 94,290.79999999999995
10141,2021-07-12,2,69.44,INV-41682,SKU-5074,Product 63,138.88
10141,2021-07-13,4,29.36,INV-56540,SKU-2231,Product 24,117.44
10141,2021-07-14,7,38.04,INV-43762,SKU-5318,Product 53,266.28
10141,2021-12-26,3,76.1,INV-61149,SKU-8675,Product 25,228.29999999999998
10141,2022-08-23,6,63.76,INV-85694,SKU-3808,Product 12,382.56
10141,2022-11-08,5,112.33,INV-59355,SKU-3775,Product 29,561.65
10142,2021-01-01,7,45.69,INV-38604,SKU-2378,Product 86,319.83
10142,2021-01-17,13,110.18,INV-47755,SKU-9733,Product 8,1432.3400000000001
10142,2021-03-10,6,97.51,INV-13260,SKU-5838,Product 86,585.0600000000001
10142,2021-03-16,14,169.67,INV-53290,SKU-4266,Product 12,2375.3799999999997
10142,2021-03-17,5,191.93,INV-35230,SKU-1110,Product 90,959.6500000000001
10142,2021-04-05,13,170.38,INV-41533,SKU-8714,Product 4,2214.94
10142,2021-07-13,12,154.41,INV-55316,SKU-1434,Product 15,1852.92
10142,2021-08-10,8,92.24,INV-43724,SKU-6180,Product 77,737.92
10142,2021-09-18,11,94.34,INV-32608,SKU-3405,Product 62,1037.74
10142,2021-10-17,14,107.77,INV-75283,SKU-8408,Product 83,1508.78
10142,2021-10-18,9,140.44,INV-66160,SKU-4422,Product 51,1263.96
10142,2022-01-22,14,154.98,INV-14952,SKU-6047,Product 35,2169.72
10142,2022-01-26,13,146.39,INV-61996,SKU-5301,Product 71,1903.0699999999997
10142,2022-02-01,13,152.31,INV-87790,SKU-3524,Product 65,1980.03
10142,2022-02-14,11,138.03,INV-97303,SKU-8470,Product 6,1518.33
10142,2022-02-22,8,85.67,INV-57598,SKU-9529,Product 67,685.36
10142,2022-04-01,12,143.09,INV-69823,SKU-4472,Product 13,1717.08
10142,2022-04-16,3,153.3,INV-78743,SKU-6564,Product 97,459.90000000000003
10142,2022-05-12,3,123.42,INV-11225,SKU-3702,Product 29,370.26
10142,2022-06-10,4,163.4,INV-63971,SKU-3790,Product 72,653.6
10142,2022-06-24,9,123.62,INV-26641,SKU-5905,Product 52,1112.58
10142,2022-07-15,6,183.49,INV-87425,SKU-2547,Product 79,1100.94
10142,2022-08-19,6,168.56,INV-10290,SKU-6870,Product 96,1011.36
10142,2022-09-04,6,98.29,INV-96935,SKU-7897,Product 84,589.74
10142,2022-10-17,7,155.25,INV-93530,SKU-2786,Product 48,1086.75
10142,2022-11-26,8,84.77,INV-85563,SKU-1157,Product 24,678.16
10143,2021-01-19,6,42.21,INV-70765,SKU-1283,Product 53,253.26
10143,2021-04-28,4,46.68,INV-87904,SKU-8428,Product 6,186.72
10143,2021-05-12,4,90.19,INV-36955,SKU-5872,Product 28,360.76
10143,2021-08-04,5,51.35,INV-86011,SKU-3440,Product 1,256.75
10143,2021-10-22,4,38.71,INV-76708,SKU-5517,Product 72,154.84
10143,2021-11-21,4,66.92,INV-86349,SKU-9572,Product 33,267.68
10143,2021-11-23,2,44.09,INV-79837,SKU-8207,Product 17,88.18
10143,2021-12-21,4,38.88,INV-27529,SKU-5394,Product 7,155.52
10143,2022-01-21,3,90.54,INV-17398,SKU-3452,Product 41,271.62
10143,2022-02-11,5,27.15,INV-94321,SKU-5909,Product 14,135.75
10143,2022-04-22,4,80.69,INV-72637,SKU-1028,Product 35,322.76
10143,2022-04-28,3,37.51,INV-50816,SKU-8347,Product 68,112.53
10143,2022-05-09,3,78.37,INV-84299,SKU-6605,Product 54,235.11
10143,2022-07-24,4,67.03,INV-24073,SKU-8737,Product 77,268.12
10143,2022-08-16,2,37.19,INV-12599,SKU-6716,Product 46,74.38
10143,2022-09-22,2,81.31,INV-69070,SKU-7023,Product 17,162.62
10144,2021-02-19,6,37.6,INV-28792,SKU-5860,Product 54,225.60000000000002
10144,2021-08-06,2,59.1,INV-76188,SKU-6799,Product 55,118.2
10144,2021-10-16,7,47.51,INV-93520,SKU-3233,Product 58,332.57
10144,2022-01-25,6,48.58,INV-11484,SKU-4376,Product 55,291.48
10144,2022-04-28,4,76.51,INV-32451,SKU-4752,Product 57,306.04
10144,2022-05-29,4,74.74,INV-13794,SKU-4590,Product 45,298.96
10144,2022-07-26,6,96.21,INV-68914,SKU-9951,Product 72,577.26
10145,2021-02-22,6,57.49,INV-74366,SKU-4459,Product 98,344.94
10145,2021-03-27,3,37.43,INV-26988,SKU-8967,Product 43,112.28999999999999
10145,2021-07-29,7,35.28,INV-81947,SKU-7365,Product 36,246.96
10145,2021-09-13,2,59.47,INV-65235,SKU-8970,Product 51,118.94
10145,2021-10-13,5,50.74,INV-24202,SKU-5547,Product 72,253.70000000000002
10145,2021-12-30,4,79.41,INV-11436,SKU-3099,Product 14,317.64
10145,2022-03-06,3,24.51,INV-53237,SKU-8450,Product 21,73.53
10145,2022-04-15,3,41.02,INV-19319,SKU-3925,Product 29,123.06
10145,2022-04-22,3,46.98,INV-27443,SKU-2922,Product 88,140.94
10145,2022-06-26,2,30.58,INV-58303,SKU-2455,Product 67,61.16
10146,2021-04-09,4,44.96,INV-18066,SKU-1479,Product 30,179.84
10146,2021-09-16,6,57.13,INV-31131,SKU-3240,Product 43,342.78000000000003
10146,2021-09-21,2,49.6,INV-58250,SKU-3384,Product 96,99.2
10146,2021-12-10,3,54.23,INV-60257,SKU-7830,Product 32,162.69
10146,2022-01-11,4,71.41,INV-84681,SKU-4381,Product 80,285.64
10146,2022-11-03,3,98.69,INV-92307,SKU-1298,Product 83,296.07
10146,2022-12-09,7,55.96,INV-43630,SKU-5527,Product 47,391.72
10147,2021-01-02,5,25.56,INV-56110,SKU-9898,Product 90,127.8
10147,2021-01-20,4,78.04,INV-32218,SKU-3820,Product 96,312.16
10147,2021-02-07,7,50.52,INV-93987,SKU-8831,Product 43,353.64000000000004
10147,2021-02-27,7,69.89,INV-44782,SKU-5624,Product 25,489.23
10147,2021-04-14,2,65.05,INV-55420,SKU-8838,Product 62,130.1
10147,2021-05-06,2,58.21,INV-80015,SKU-5198,Product 4,116.42
10147,2021-08-14,6,49.94,INV-98017,SKU-3483,Product 40,299.64
10147,2021-11-09,2,54.5,INV-90263,SKU-2515,Product 74,109.0
10147,2021-12-19,4,118.84,INV-92667,SKU-2321,Product 37,475.36
10147,2022-01-20,7,59.51,INV-17571,SKU-7363,Product 45,416.57
10147,2022-01-29,2,49.61,INV-38704,SKU-8257,Product 52,99.22
10147,2022-03-29,7,91.27,INV-90857,SKU-6769,Product 78,638.89
10147,2022-04-22,2,25.9,INV-77879,SKU-8188,Product 87,51.8
10147,2022-06-09,7,101.19,INV-20879,SKU-3844,Product 23,708.3299999999999
10147,2022-09-04,5,63.19,INV-56116,SKU-8348,Product 25,315.95
10147,2022-10-25,2,88.32,INV-31775,SKU-8657,Product 68,176.64
10148,2021-01-12,12,62.72,INV-31485,SKU-4526,Product 10,752.64
10148,2021-02-18,6,109.36,INV-83740,SKU-6122,Product 90,656.16
10148,2021-03-08,4,201.5,INV-65878,SKU-1572,Product 4,806.0
10148,2021-03-17,6,180.8,INV-56589,SKU-1286,Product 48,1084.8000000000002
10148,2021-04-14,6,78.06,INV-92551,SKU-9553,Product 96,468.36
10148,2021-07-18,4,167.88,INV-93312,SKU-3076,Product 7,671.52
10148,2021-08-16,9,88.09,INV-87145,SKU-4016,Product 35,792.8100000000001
10148,2021-10-10,8,160.68,INV-27619,SKU-4967,Product 52,1285.44
10148,2022-01-15,11,62.59,INV-47538,SKU-6833,Product 14,688.49
10148,2022-04-27,8,172.01,INV-95361,SKU-2838,Product 89,1376.08
10148,2022-05-10,12,103.96,INV-57415,SKU-2563,Product 23,1247.52
10148,2022-06-01,12,118.32,INV-95468,SKU-7163,Product 16,1419.84
10148,2022-08-03,14,147.79,INV-24138,SKU-3683,Product 80,2069.06
10148,2022-10-08,9,97.04,INV-39681,SKU-9323,Product 66,873.36
10148,2022-10-31,9,174.21,INV-16415,SKU-2894,Product 84,1567.89
10148,2022-11-04,10,174.21,INV-85153,SKU-7074,Product 13,1742.1000000000001
10148,2022-11-16,9,175.23,INV-92719,SKU-4822,Product 16,1577.07
10148,2022-12-05,6,58.69,INV-13527,SKU-3306,Product 14,352.14
10148,2022-12-28,8,111.52,INV-28422,SKU-5133,Product 99,892.16
10149,2021-07-07,4,35.43,INV-43430,SKU-9199,Product 76,141.72
10149,2021-07-22,1,30.82,INV-52230,SKU-9226,Product 18,30.82
10149,2022-01-27,3,30.35,INV-97029,SKU-2045,Product 76,91.05000000000001
10149,2022-02-09,4,47.88,INV-81492,SKU-3367,Product 41,191.52
10149,2022-02-22,4,29.44,INV-49142,SKU-7004,Product 18,117.76
10150,2021-07-09,4,9.6,INV-47424,SKU-9892,Product 9,38.4
10150,2021-08-01,3,24.6,INV-18382,SKU-9339,Product 21,73.80000000000001
10150,2021-08-30,3,30.86,INV-41174,SKU-1440,Product 76,92.58
10150,2021-12-25,1,19.5,INV-80929,SKU-8102,Product 78,19.5
10150,2022-11-26,3,13.59,INV-95402,SKU-2531,Product 87,40.769999999999996
10151,2021-10-29,4,30.26,INV-69058,SKU-3595,Product 27,121.04
10151,2021-12-31,2,33.25,INV-28316,SKU-4535,Product 59,66.5
10151,2022-03-07,3,10.04,INV-62647,SKU-7494,Product 60,30.119999999999997
10151,2022-10-23,2,25.95,INV-15634,SKU-3281,Product 39,51.9
10152,2021-03-08,3,138.54,INV-66849,SKU-8104,Product 29,415.62
10152,2021-03-27,3,209.38,INV-34601,SKU-7812,Product 72,628.14
10152,2021-03-29,4,171.83,INV-17961,SKU-5601,Product 78,687.32
10152,2021-03-31,9,114.1,INV-57310,SKU-1578,Product 75,1026.8999999999999
10152,2021-04-11,4,171.05,INV-59414,SKU-9145,Product 45,684.2
10152,2021-05-08,4,133.66,INV-64784,SKU-2706,Product 39,534.64
10152,2021-05-11,10,210.36,INV-63394,SKU-4805,Product 26,2103.6000000000004
10152,2021-06-28,13,75.14,INV-70532,SKU-8299,Product 33,976.82
10152,2021-07-01,14,130.48,INV-25634,SKU-7731,Product 52,1826.7199999999998
10152,2021-12-15,11,111.69,INV-22871,SKU-4035,Product 93,1228.59
10152,2021-12-23,10,174.36,INV-59704,SKU-6543,Product 11,1743.6000000000001
10152,2022-01-04,7,58.2,INV-59156,SKU-6533,Product 54,407.40000000000003
10152,2022-01-22,5,110.82,INV-28201,SKU-5901,Product 80,554.0999999999999
10152,2022-02-08,5,88.34,INV-62598,SKU-7982,Product 9,441.70000000000005
10152,2022-02-15,4,149.07,INV-62791,SKU-5557,Product 52,596.28
10152,2022-03-31,8,57.26,INV-25141,SKU-3377,Product 80,458.08
10152,2022-05-16,5,43.55,INV-21569,SKU-2059,Product 79,217.75
10152,2022-07-03,11,125.31,INV-10299,SKU-8809,Product 42,1378.41
10152,2022-09-01,13,116.28,INV-32474,SKU-9154,Product 49,1511.64
10152,2022-09-14,5,82.1,INV-56250,SKU-8498,Product 67,410.5
10152,2022-10-10,4,142.57,INV-84210,SKU-4847,Product 91,570.28
10152,2022-11-06,8,114.95,INV-49062,SKU-6193,Product 57,919.6
10152,2022-11-14,11,55.14,INV-49426,SKU-5827,Product 14,606.54
10152,2022-12-04,12,86.23,INV-80921,SKU-1255,Product 39,1034.76
10152,2022-12-24,9,130.81,INV-80990,SKU-4150,Product 70,1177.29
10153,2021-01-06,3,86.49,INV-43445,SKU-3650,Product 14,259.46999999999997
10153,2021-02-19,2,72.0,INV-12147,SKU-1615,Product 52,144.0
10153,2021-04-28,5,99.91,INV-93220,SKU-6015,Product 50,499.54999999999995
10153,2021-06-22,5,63.38,INV-10036,SKU-9114,Product 34,316.90000000000003
10153,2021-07-27,3,73.78,INV-15008,SKU-5893,Product 26,221.34
10153,2021-08-10,4,68.53,INV-58355,SKU-2314,Product 38,274.12
10153,2022-02-20,5,35.58,INV-63806,SKU-1260,Product 89,177.89999999999998
10153,2022-03-14,4,51.51,INV-77863,SKU-9809,Product 53,206.04
10153,2022-07-24,5,66.08,INV-57796,SKU-6412,Product 18,330.4
10153,2022-10-15,5,45.67,INV-45361,SKU-7852,Product 30,228.35000000000002
10154,2021-08-03,2,17.46,INV-75713,SKU-5513,Product 42,34.92
10154,2022-05-17,3,24.13,INV-25657,SKU-3291,Product 95,72.39
10155,2021-03-18,3,10.57,INV-11136,SKU-1554,Product 50,31.71
10155,2021-04-23,4,15.04,INV-78472,SKU-4862,Product 43,60.16
10155,2021-10-10,4,49.2,INV-83744,SKU-9515,Product 23,196.8
10155,2022-02-10,2,16.84,INV-46880,SKU-5565,Product 43,33.68
10155,2022-08-22,2,43.02,INV-95725,SKU-9108,Product 68,86.04
10155,2022-12-30,1,27.7,INV-18896,SKU-5907,Product 23,27.7
10156,2021-04-30,4,24.42,INV-29215,SKU-4062,Product 44,97.68
10156,2021-09-20,1,38.67,INV-79131,SKU-2267,Product 38,38.67
10156,2022-02-16,4,14.38,INV-51070,SKU-3734,Product 63,57.52
10156,2022-04-28,3,13.3,INV-28226,SKU-3662,Product 99,39.900000000000006
10156,2022-07-14,3,25.91,INV-59932,SKU-2019,Product 66,77.73
10156,2022-10-01,4,39.63,INV-63566,SKU-3513,Product 89,158.52
10157,2021-02-05,6,107.05,INV-24211,SKU-4745,Product 67,642.3
10157,2021-04-17,7,106.17,INV-25704,SKU-2356,Product 69,743.19
10157,2021-06-12,2,49.45,INV-45333,SKU-4174,Product 10,98.9
10157,2022-03-25,5,34.39,INV-49994,SKU-6108,Product 49,171.95
10157,2022-05-04,3,58.81,INV-17586,SKU-1913,Product 90,176.43
10157,2022-07-18,5,51.1,INV-96759,SKU-7490,Product 93,255.5
10157,2022-07-23,4,101.06,INV-13650,SKU-4620,Product 86,404.24
10158,2022-01-27,3,16.53,INV-16714,SKU-9376,Product 54,49.59
10158,2022-12-28,1,19.98,INV-17420,SKU-8139,Product 43,19.98
10159,2021-03-07,7,44.53,INV-19630,SKU-9676,Product 41,311.71000000000004
10159,2021-05-19,7,56.74,INV-65963,SKU-1164,Product 21,397.18
10159,2021-06-02,2,82.34,INV-46594,SKU-5339,Product 35,164.68
10159,2021-07-22,3,73.88,INV-78285,SKU-3605,Product 56,221.64
10159,2021-10-31,5,60.99,INV-71667,SKU-8400,Product 12,304.95
10159,2022-06-02,4,45.52,INV-97004,SKU-5014,Product 36,182.08
10159,2022-06-10,6,32.38,INV-52875,SKU-7326,Product 16,194.28000000000003
10159,2022-08-16,5,81.15,INV-16408,SKU-8635,Product 74,405.75
10159,2022-08-19,5,72.65,INV-69916,SKU-9102,Product 79,363.25
10159,2022-10-20,7,48.12,INV-80410,SKU-4036,Product 74,336.84
10159,2022-10-22,6,43.53,INV-86412,SKU-7947,Product 55,261.18
10160,2021-02-17,5,76.48,INV-16535,SKU-3695,Product 29,382.40000000000003
10160,2021-05-25,7,56.51,INV-85788,SKU-5317,Product 65,395.57
10160,2021-07-09,6,63.84,INV-31340,SKU-3339,Product 79,383.04
10160,2021-12-16,4,91.0,INV-39830,SKU-1175,Product 32,364.0
10160,2022-01-20,7,90.17,INV-85919,SKU-9714,Product 97,631.19
10160,2022-02-23,6,26.16,INV-38355,SKU-8300,Product 40,156.96
10160,2022-04-20,7,89.02,INV-38688,SKU-7705,Product 7,623.14
10160,2022-05-29,7,91.9,INV-21698,SKU-5791,Product 27,643.3000000000001
10160,2022-07-08,4,52.54,INV-72744,SKU-8962,Product 7,210.16
10160,2022-07-10,4,69.57,INV-47849,SKU-5901,Product 1,278.28
10160,2022-10-12,2,62.86,INV-50081,SKU-8290,Product 79,125.72
10160,2022-11-04,2,107.05,INV-13212,SKU-1916,Product 59,214.1
10160,2022-12-01,6,74.1,INV-66383,SKU-3354,Product 75,444.59999999999997
10161,2021-06-03,4,19.08,INV-52836,SKU-8944,Product 4,76.32
10161,2021-12-30,1,41.96,INV-46701,SKU-4385,Product 27,41.96
10162,2021-10-07,2,39.23,INV-95349,SKU-8176,Product 60,78.46
10162,2021-12-11,3,34.68,INV-54045,SKU-8147,Product 80,104.03999999999999
10162,2021-12-14,1,9.78,INV-88959,SKU-1418,Product 78,9.78
10162,2022-06-24,4,19.05,INV-30102,SKU-7125,Product 5,76.2
10163,2021-05-20,6,35.54,INV-96760,SKU-2629,Product 71,213.24
10163,2021-05-21,6,62.72,INV-32257,SKU-3284,Product 61,376.32
10163,2021-06-08,3,76.04,INV-47322,SKU-3517,Product 42,228.12
10163,2021-07-29,2,79.19,INV-12812,SKU-7562,Product 99,158.38
10163,2021-08-22,3,49.63,INV-23133,SKU-6301,Product 86,148.89000000000001
10163,2021-10-02,3,63.23,INV-68700,SKU-4092,Product 22,189.69
10163,2022-01-04,3,59.97,INV-24735,SKU-1135,Product 80,179.91
10163,2022-03-18,6,33.16,INV-45843,SKU-2656,Product 80,198.95999999999998
10163,2022-06-28,3,79.36,INV-16230,SKU-9661,Product 45,238.07999999999998
10163,2022-11-25,4,40.59,INV-25900,SKU-3031,Product 98,162.36
10163,2022-11-30,6,59.99,INV-82988,SKU-7118,Product 2,359.94
10164,2021-04-23,4,55.72,INV-47394,SKU-3905,Product 52,222.88
10164,2021-07-26,6,61.47,INV-22128,SKU-7979,Product 63,368.82
10164,2021-12-02,3,105.49,INV-70117,SKU-9181,Product 72,316.46999999999997
10164,2022-09-17,7,46.45,INV-99194,SKU-3552,Product 80,325.15000000000003
10164,2022-11-24,6,72.86,INV-47213,SKU-1291,Product 61,437.15999999999997
10164,2022-12-03,5,78.54,INV-98306,SKU-8887,Product 31,392.70000000000005
10166,2021-01-22,3,58.01,INV-61529,SKU-9019,Product 66,174.03
10166,2021-01-22,6,85.91,INV-44935,SKU-6959,Product 98,515.46
10166,2021-06-15,6,65.92,INV-50702,SKU-9333,Product 6,395.52
10166,2021-11-14,3,67.47,INV-67701,SKU-1567,Product 96,202.41
10166,2021-12-22,4,70.43,INV-45577,SKU-3921,Product 69,281.72
10166,2022-01-02,7,60.43,INV-36623,SKU-6409,Product 62,423.01
10166,2022-01-23,4,56.95,INV-49767,SKU-8322,Product 72,227.8
10166,2022-01-26,5,87.5,INV-95200,SKU-1540,Product 48,437.5
10166,2022-02-19,6,35.81,INV-68259,SKU-4942,Product 28,214.86
10166,2022-03-02,4,86.18,INV-83302,SKU-2428,Product 27,344.72
10166,2022-03-07,3,36.61,INV-89731,SKU-4110,Product 79,109.83
10166,2022-05-30,3,98.81,INV-79871,SKU-4522,Product 2,296.43
10166,2022-06-02,6,50.44,INV-12661,SKU-5798,Product 29,302.64
10166,2022-08-05,7,70.25,INV-67355,SKU-3150,Product 59,491.75
10166,2022-10-01,7,57.43,INV-44159,SKU-2340,Product 31,402.01
10166,2022-11-10,7,53.35,INV-57498,SKU-9759,Product 38,373.45
10167,2021-03-04,8,66.71,INV-81533,SKU-8424,Product 3,533.68
10167,2021-03-06,14,134.02,INV-31788,SKU-1683,Product 93,1876.2800000000002
10167,2021-03-16,14,177.97,INV-43783,SKU-2384,Product 42,2491.58
10167,2021-03-19,8,139.58,INV-10887,SKU-8281,Product 69,1116.64
10167,2021-03-27,14,137.82,INV-34509,SKU-7347,Product 69,1929.48
10167,2021-04-12,14,41.75,INV-70392,SKU-7566,Product 39,584.5
10167,2021-04-16,4,128.7,INV-81774,SKU-5490,Product 59,514.8
10167,2021-04-18,5,221.6,INV-90650,SKU-6140,Product 91,1108.0
10167,2021-04-28,8,125.96,INV-95961,SKU-3038,Product 45,1007.68
10167,2021-04-28,4,131.03,INV-11607,SKU-6074,Product 70,524.12
10167,2021-07-11,8,95.21,INV-70753,SKU-1897,Product 10,761.68
10167,2021-10-13,3,126.81,INV-44134,SKU-3938,Product 89,380.43
10167,2021-10-29,9,155.52,INV-64896,SKU-3790,Product 40,1399.68
10167,2021-11-05,3,119.43,INV-27922,SKU-5164,Product 90,358.29
10167,2021-12-29,4,76.36,INV-97429,SKU-2370,Product 92,305.44
10167,2022-02-06,8,190.74,INV-69758,SKU-7035,Product 83,1525.92
10167,2022-04-30,10,160.65,INV-34722,SKU-8446,Product 9,1606.5
10167,2022-05-12,5,156.17,INV-92455,SKU-8500,Product 37,780.8499999999999
10167,2022-05-18,10,85.81,INV-50629,SKU-3238,Product 73,858.1
10167,2022-07-25,9,83.51,INV-27191,SKU-8345,Product 40,751.59
10167,2022-07-29,4,54.81,INV-57668,SKU-2522,Product 26,219.24
10167,2022-08-14,12,151.68,INV-10863,SKU-5625,Product 60,1820.16
10167,2022-08-27,6,219.09,INV-97425,SKU-6426,Product 2,1314.54
10167,2022-11-04,3,68.65,INV-74949,SKU-3575,Product 85,205.95000000000002
10167,2022-12-21,10,95.85,INV-48560,SKU-3563,Product 80,958.5
10168,2021-02-09,6,72.0,INV-66799,SKU-8371,Product 87,432.0
10168,2021-03-02,3,84.84,INV-27538,SKU-2459,Product 96,254.52
10168,2021-10-31,5,31.09,INV-85692,SKU-2057,Product 96,155.45
10168,2022-03-04,5,77.12,INV-57867,SKU-8230,Product 82,385.6
10168,2022-03-18,5,45.54,INV-70019,SKU-5036,Product 21,227.7
10168,2022-05-15,3,92.78,INV-80085,SKU-9302,Product 37,278.34000000000003
10168,2022-05-31,3,42.68,INV-39121,SKU-3383,Product 4,128.04
10168,2022-07-27,6,86.65,INV-15557,SKU-6262,Product 69,519.9000000000001
10168,2022-09-26,7,68.5,INV-97566,SKU-5945,Product 92,479.5
10168,2022-10-07,2,63.69,INV-17597,SKU-9906,Product 46,127.38
10168,2022-11-04,6,50.49,INV-16747,SKU-3199,Product 77,302.94
10169,2021-09-09,1,35.63,INV-68447,SKU-2512,Product 3,35.63
10169,2022-03-22,2,29.46,INV-84697,SKU-2071,Product 97,58.92
10169,2022-04-05,3,24.56,INV-86303,SKU-3036,Product 31,73.67999999999999
10169,2022-05-12,1,36.33,INV-32313,SKU-9616,Product 80,36.33
10169,2022-07-25,4,9.78,INV-56145,SKU-7336,Product 64,39.12
10170,2021-02-22,6,69.13,INV-41775,SKU-5121,Product 15,414.78
10170,2021-04-22,6,132.59,INV-96492,SKU-1637,Product 44,795.54
10170,2021-04-23,11,166.54,INV-52898,SKU-8568,Product 65,1831.9399999999998
10170,2021-06-09,14,162.56,INV-73456,SKU-1786,Product 17,2275.84
10170,2021-08-15,8,53.05,INV-81996,SKU-1017,Product 95,424.4
10170,2021-08-15,3,166.85,INV-32522,SKU-7680,Product 92,500.54999999999995
10170,2021-09-27,14,124.75,INV-76092,SKU-6293,Product 39,1746.5
10170,2021-10-15,8,68.26,INV-70277,SKU-9740,Product 86,546.08
10170,2021-10-31,10,161.88,INV-67924,SKU-1976,Product 49,1618.8
10170,2021-12-05,5,182.23,INV-34194,SKU-7064,Product 77,911.15
10170,2021-12-08,6,111.96,INV-17553,SKU-1063,Product 52,671.76
10170,2021-12-10,6,161.55,INV-99882,SKU-6190,Product 20,969.3000000000001
10170,2021-12-17,9,120.0,INV-85965,SKU-5907,Product 31,1080.0
10170,2022-01-12,8,138.98,INV-34982,SKU-4478,Product 77,1111.84
10170,2022-01-16,9,67.83,INV-69327,SKU-3051,Product 23,610.47
10170,2022-01-17,13,117.14,INV-56031,SKU-1020,Product 12,1522.82
10170,2022-01-20,6,107.32,INV-87878,SKU-6604,Product 87,643.92
10170,2022-01-27,7,174.69,INV-42687,SKU-8732,Product 86,1222.83
10170,2022-02-08,3,173.35,INV-89948,SKU-9806,Product 98,520.05
10170,2022-06-03,7,181.89,INV-97082,SKU-9105,Product 13,1273.23
10170,2022-06-10,9,73.5,INV-70662,SKU-1360,Product 78,661.5
10170,2022-06-25,8,189.16,INV-57700,SKU-1839,Product 3,1513.28
10170,2022-06-30,4,111.08,INV-45169,SKU-2274,Product 93,444.32
10170,2022-07-01,8,108.24,INV-92554,SKU-4608,Product 55,865.92
10170,2022-07-12,7,123.86,INV-54944,SKU-2977,Product 63,867.02
10170,2022-07-25,9,94.41,INV-46731,SKU-5942,Product 10,849.6899999999999
10170,2022-08-06,3,100.24,INV-60111,SKU-4735,Product 5,300.71999999999997
10170,2022-10-23,5,178.26,INV-47525,SKU-2554,Product 62,891.3
10171,2021-01-25,1,20.64,INV-12590,SKU-8921,Product 28,20.64
10171,2021-06-09,3,24.99,INV-37551,SKU-7232,Product 45,74.97
10171,2021-11-26,3,33.48,INV-78099,SKU-9498,Product 68,100.44
10171,2022-03-25,1,19.99,INV-75109,SKU-6543,Product 56,19.99
10171,2022-11-04,4,24.77,INV-98348,SKU-2106,Product 10,99.08
10171,2022-12-12,2,21.07,INV-89036,SKU-2441,Product 87,42.14
10172,2021-06-15,3,38.47,INV-69810,SKU-4656,Product 51,115.41
10172,2021-07-25,2,21.84,INV-61158,SKU-2409,Product 99,43.68
10172,2021-11-20,1,12.59,INV-50496,SKU-7480,Product 34,12.59
10172,2021-12-06,1,35.5,INV-16693,SKU-5903,Product 56,35.5
10172,2022-11-19,4,9.41,INV-79023,SKU-8537,Product 87,37.64
10173,2021-04-10,2,14.98,INV-79990,SKU-7870,Product 5,29.96
10173,2021-04-12,1,25.06,INV-29654,SKU-5693,Product 8,25.06
10173,2021-06-26,2,14.87,INV-33215,SKU-6949,Product 92,29.74
10173,2022-01-12,2,38.75,INV-11951,SKU-3370,Product 10,77.5
10173,2022-02-24,3,21.13,INV-75365,SKU-6265,Product 12,63.39
10173,2022-03-07,2,32.6,INV-25362,SKU-6690,Product 88,65.2
10173,2022-08-27,1,40.77,INV-62314,SKU-2416,Product 37,40.77
10173,2022-10-13,2,50.99,INV-35046,SKU-5035,Product 24,101.98
10173,2022-10-27,4,25.13,INV-98128,SKU-2751,Product 98,100.52
10174,2021-08-27,2,25.57,INV-14210,SKU-6471,Product 80,51.14
10174,2021-10-25,3,37.29,INV-85978,SKU-8316,Product 58,111.87
10174,2022-02-05,3,8.77,INV-80945,SKU-1158,Product 51,26.31
10174,2022-03-22,4,35.84,INV-29856,SKU-4642,Product 31,143.36
10174,2022-04-28,3,17.61,INV-92874,SKU-9214,Product 62,52.83
10174,2022-11-01,1,15.37,INV-35910,SKU-5647,Product 51,15.37
10175,2021-01-03,5,70.47,INV-57872,SKU-3414,Product 73,352.35
10175,2021-01-31,6,38.16,INV-67402,SKU-5823,Product 4,228.95999999999998
10175,2021-03-09,4,45.66,INV-90820,SKU-2211,Product 34,182.64
10175,2021-03-29,7,77.87,INV-95787,SKU-5360,Product 6,545.09
10175,2021-07-07,2,36.46,INV-67371,SKU-1387,Product 36,72.92
10175,2021-08-11,5,86.26,INV-56209,SKU-3923,Product 25,431.3
10175,2021-09-12,4,79.78,INV-67081,SKU-6031,Product 86,319.12
10175,2021-10-20,4,89.49,INV-86435,SKU-9141,Product 3,357.96
10175,2021-11-22,5,52.94,INV-86565,SKU-6429,Product 51,264.7
10175,2021-12-23,5,94.67,INV-23440,SKU-6413,Product 61,473.35
10175,2022-03-21,6,33.26,INV-42611,SKU-6955,Product 43,199.56
10175,2022-04-29,4,69.61,INV-60362,SKU-7641,Product 88,278.44
10175,2022-10-07,6,74.3,INV-91122,SKU-6312,Product 10,445.79999999999995
10175,2022-11-06,2,53.91,INV-49952,SKU-6479,Product 5,107.82
10176,2021-01-10,14,42.84,INV-24990,SKU-7441,Product 34,599.76
10176,2021-01-22,11,98.25,INV-70263,SKU-4970,Product 1,1080.75
10176,2021-02-05,4,132.26,INV-25029,SKU-3077,Product 84,529.04
10176,2021-02-08,13,177.4,INV-66373,SKU-9613,Product 81,2306.2000000000003
10176,2021-03-02,5,71.76,INV-42573,SKU-9396,Product 99,358.8
10176,2021-04-19,14,91.18,INV-31963,SKU-5570,Product 77,1276.52
10176,2021-04-22,13,89.63,INV-96596,SKU-4390,Product 70,1165.19
10176,2021-08-18,12,133.5,INV-85787,SKU-7957,Product 31,1602.0
10176,2021-10-14,4,95.35,INV-73580,SKU-4067,Product 37,381.4
10176,2021-10-19,7,192.02,INV-97687,SKU-1466,Product 17,1344.14
10176,2021-11-14,14,181.73,INV-64918,SKU-8711,Product 39,2544.22
10176,2021-12-19,13,156.98,INV-78149,SKU-8015,Product 21,2040.7399999999998
10176,2022-01-23,8,94.02,INV-21763,SKU-8366,Product 44,752.16
10176,2022-03-03,12,83.63,INV-41896,SKU-7345,Product 65,1003.56
10176,2022-03-10,11,58.78,INV-38147,SKU-4725,Product 42,646.58
10176,2022-03-17,14,137.04,INV-97753,SKU-9088,Product 85,1918.56
10176,2022-04-19,3,137.22,INV-50324,SKU-6930,Product 89,411.65999999999997
10176,2022-05-20,11,106.1,INV-59239,SKU-1562,Product 83,1167.1
10176,2022-07-12,10,69.6,INV-35463,SKU-1744,Product 21,696.0
10176,2022-09-21,6,157.5,INV-80671,SKU-8948,Product 33,945.0
10176,2022-09-29,5,109.28,INV-41942,SKU-1632,Product 41,546.4
10176,2022-10-26,13,145.92,INV-24450,SKU-2473,Product 54,1896.9599999999998
10176,2022-11-05,14,209.85,INV-64613,SKU-8599,Product 61,2937.9
10176,2022-11-14,11,91.85,INV-92949,SKU-1978,Product 6,1010.3499999999999
10176,2022-12-10,5,115.79,INV-64555,SKU-4430,Product 9,578.95
10176,2022-12-29,12,102.29,INV-41655,SKU-3105,Product 39,1227.48
10177,2021-01-01,11,145.68,INV-83598,SKU-2040,Product 59,1602.48
10177,2021-01-04,12,67.18,INV-64254,SKU-1240,Product 45,806.1600000000001
10177,2021-02-28,3,93.89,INV-27341,SKU-6858,Product 71,281.67
10177,2021-03-23,13,162.52,INV-95504,SKU-9539,Product 58,2112.76
10177,2021-04-22,9,117.88,INV-59212,SKU-3211,Product 13,1060.92
10177,2021-05-06,6,86.08,INV-60503,SKU-1171,Product 21,516.48
10177,2021-06-08,3,138.01,INV-60697,SKU-3693,Product 48,414.03
10177,2021-07-24,3,121.14,INV-29674,SKU-3251,Product 74,363.42
10177,2021-08-27,14,69.47,INV-24706,SKU-6463,Product 6,972.5799999999999
10177,2021-09-11,5,93.34,INV-73723,SKU-5086,Product 86,466.70000000000005
10177,2021-10-04,6,171.04,INV-61871,SKU-4903,Product 14,1026.24
10177,2021-11-10,12,182.27,INV-39817,SKU-5766,Product 12,2187.2400000000002
10177,2021-11-27,10,104.82,INV-82917,SKU-6574,Product 15,1048.1999999999998
10177,2021-12-31,11,46.34,INV-22213,SKU-1560,Product 36,509.74
10177,2022-03-01,10,103.8,INV-59693,SKU-1164,Product 80,1038.0
10177,2022-03-11,3,71.65,INV-83644,SKU-5409,Product 47,214.95000000000002
10177,2022-03-11,12,125.09,INV-36006,SKU-9141,Product 17,1501.08
10177,2022-04-01,5,151.66,INV-33434,SKU-5959,Product 27,758.3
10177,2022-05-07,4,57.42,INV-53745,SKU-9412,Product 21,229.68
10177,2022-06-22,4,63.38,INV-61641,SKU-7401,Product 38,253.52
10177,2022-07-01,5,114.15,INV-91912,SKU-8937,Product 70,570.75
10177,2022-07-06,6,69.98,INV-24542,SKU-5669,Product 4,419.88
10177,2022-07-25,9,118.97,INV-40888,SKU-9060,Product 65,1070.73
10177,2022-07-29,11,143.67,INV-12716,SKU-6660,Product 38,1580.37
10177,2022-10-21,6,116.02,INV-17207,SKU-5397,Product 40,696.12
10177,2022-10-25,9,79.15,INV-83892,SKU-3805,Product 88,712.35
10177,2022-10-27,5,65.77,INV-33178,SKU-9804,Product 59,328.84999999999997
10177,2022-11-21,8,60.15,INV-63441,SKU-6446,Product 81,481.2
10177,2022-11-28,6,146.2,INV-29547,SKU-7752,Product 6,877.1999999999999
10177,2022-11-29,12,131.35,INV-64933,SKU-1944,Product 42,1576.1999999999998
10177,2022-11-30,8,64.83,INV-76376,SKU-6083,Product 54,518.64
10177,2022-11-30,14,76.36,INV-47822,SKU-4338,Product 36,1069.04
10177,2022-12-15,11,87.99,INV-56546,SKU-8008,Product 36,967.89
10177,2022-12-28,12,153.72,INV-23580,SKU-2856,Product 16,1844.6399999999999
10178,2021-01-16,7,91.34,INV-89068,SKU-3710,Product 10,639.38
10178,2021-07-29,7,73.73,INV-73607,SKU-8524,Product 97,516.11
10178,2021-08-29,3,77.18,INV-31140,SKU-9650,Product 57,231.54000000000002
10178,2021-12-09,2,33.17,INV-62652,SKU-5073,Product 18,66.34
10178,2021-12-16,4,85.6,INV-98060,SKU-8219,Product 51,342.4
10178,2022-03-19,6,29.83,INV-63591,SKU-8591,Product 17,178.98
10178,2022-03-28,4,43.05,INV-68400,SKU-2096,Product 90,172.2
10178,2022-08-08,5,51.75,INV-10056,SKU-3243,Product 38,258.75
10179,2021-03-16,2,27.21,INV-10814,SKU-9787,Product 76,54.42
10179,2022-09-02,3,14.17,INV-18868,SKU-3564,Product 22,42.51
10180,2021-02-17,7,59.43,INV-32664,SKU-6350,Product 50,416.01
10180,2021-04-05,3,72.15,INV-25507,SKU-4686,Product 27,216.45000000000002
10180,2021-06-14,2,42.49,INV-62635,SKU-7635,Product 54,84.98
10180,2021-07-10,5,38.19,INV-24735,SKU-4032,Product 62,190.95
10180,2021-10-23,4,114.25,INV-57543,SKU-7712,Product 33,457.0
10180,2021-12-02,3,57.58,INV-16820,SKU-9512,Product 79,172.74
10180,2022-03-20,6,59.23,INV-12993,SKU-1246,Product 11,355.38
10180,2022-04-08,6,83.48,INV-31164,SKU-2772,Product 63,500.88
10180,2022-04-10,5,77.92,INV-44281,SKU-8425,Product 25,389.6
10180,2022-05-19,7,71.27,INV-27871,SKU-9759,Product 53,498.89
10180,2022-09-02,7,50.78,INV-96314,SKU-2158,Product 16,355.46000000000004
10180,2022-10-26,7,83.51,INV-38381,SKU-4343,Product 55,584.57
10180,2022-11-04,2,69.49,INV-95823,SKU-4613,Product 8,138.98
10180,2022-11-20,7,71.21,INV-75927,SKU-8880,Product 34,498.46999999999997
10181,2021-02-23,3,80.56,INV-50517,SKU-5142,Product 71,241.68
10181,2021-04-12,4,69.15,INV-32736,SKU-5808,Product 54,276.6
10181,2021-05-03,4,87.65,INV-72540,SKU-8738,Product 61,350.6
10181,2021-11-06,6,81.63,INV-84858,SKU-2750,Product 2,489.78
10181,2021-11-13,4,89.16,INV-84346,SKU-3712,Product 91,356.64
10181,2022-02-18,7,78.18,INV-52530,SKU-6969,Product 53,547.26
10181,2022-05-03,3,107.56,INV-14326,SKU-4597,Product 96,322.68
10181,2022-06-06,4,48.93,INV-10924,SKU-3170,Product 3,195.72
10181,2022-06-16,5,25.03,INV-61405,SKU-9532,Product 66,125.15
10181,2022-07-12,2,77.65,INV-62137,SKU-1709,Product 79,155.3
10181,2022-08-14,7,36.12,INV-37424,SKU-7323,Product 81,252.83999999999997
10182,2021-05-19,4,103.77,INV-89919,SKU-3941,Product 29,415.08
10182,2021-12-29,7,85.09,INV-49332,SKU-5506,Product 24,595.63
10182,2022-02-05,7,101.52,INV-45057,SKU-8370,Product 31,710.64
10182,2022-10-14,7,105.84,INV-93096,SKU-7183,Product 26,740.88
10182,2022-11-14,6,56.41,INV-13258,SKU-7121,Product 14,338.46
10183,2021-02-01,4,20.56,INV-33147,SKU-4395,Product 46,82.24
10183,2021-07-02,3,38.31,INV-88015,SKU-2410,Product 69,114.93
10183,2022-05-20,3,48.4,INV-30498,SKU-1121,Product 72,145.2
10184,2021-01-10,5,140.09,INV-76673,SKU-6606,Product 75,700.45
10184,2021-03-07,13,71.94,INV-70289,SKU-2131,Product 28,935.22
10184,2021-04-13,9,188.19,INV-61188,SKU-6560,Product 54,1693.71
10184,2021-04-23,12,102.48,INV-42199,SKU-2188,Product 28,1229.76
10184,2021-07-05,8,147.82,INV-13268,SKU-1658,Product 17,1182.56
10184,2021-07-20,3,119.89,INV-46158,SKU-9294,Product 83,359.67
10184,2021-08-02,14,80.42,INV-45985,SKU-7584,Product 37,1125.88
10184,2021-10-04,5,90.43,INV-84573,SKU-5185,Product 3,452.15000000000003
10184,2021-11-10,11,49.53,INV-70631,SKU-3480,Product 57,544.83
10184,2022-01-19,14,148.78,INV-95122,SKU-3086,Product 51,2082.92
10184,2022-01-26,7,156.85,INV-88167,SKU-2874,Product 12,1097.95
10184,2022-02-25,4,164.83,INV-60450,SKU-8548,Product 20,659.32
10184,2022-03-11,10,179.43,INV-53158,SKU-6374,Product 97,1794.3000000000002
10184,2022-04-08,7,99.65,INV-89871,SKU-3897,Product 48,697.5500000000001
10184,2022-06-04,8,172.19,INV-60713,SKU-5006,Product 12,1377.52
10184,2022-07-08,6,111.13,INV-85450,SKU-2161,Product 98,666.78
10184,2022-07-08,13,108.5,INV-28096,SKU-7710,Product 85,1410.5
10184,2022-09-17,14,206.67,INV-62086,SKU-1498,Product 42,2893.3799999999997
10184,2022-11-07,6,186.44,INV-45236,SKU-8291,Product 88,1118.6399999999999
10184,2022-12-21,12,137.22,INV-49678,SKU-6173,Product 32,1646.6399999999999
10185,2021-01-03,13,76.47,INV-97130,SKU-1270,Product 73,994.11
10185,2021-02-08,11,54.87,INV-96921,SKU-6303,Product 26,603.5699999999999
10185,2021-02-10,3,191.85,INV-50894,SKU-4281,Product 90,575.55
10185,2021-04-13,14,67.35,INV-59531,SKU-8285,Product 28,942.8999999999999
10185,2021-05-21,6,67.11,INV-11687,SKU-6987,Product 80,402.65999999999997
10185,2021-06-11,7,155.31,INV-10606,SKU-9129,Product 80,1087.17
10185,2021-06-19,8,145.3,INV-65516,SKU-5765,Product 24,1162.4
10185,2021-07-02,14,75.77,INV-21480,SKU-7229,Product 88,1060.78
10185,2021-08-14,7,233.97,INV-36419,SKU-6062,Product 58,1637.79
10185,2021-09-05,7,182.58,INV-74057,SKU-2210,Product 91,1278.0600000000002
10185,2021-09-11,4,130.98,INV-71993,SKU-3274,Product 39,523.92
10185,2021-10-30,11,171.15,INV-36998,SKU-4486,Product 99,1882.65
10185,2021-11-30,13,71.6,INV-31266,SKU-7978,Product 86,930.8
10185,2022-01-01,13,67.62,INV-50537,SKU-2427,Product 31,879.0600000000001
10185,2022-01-06,4,62.59,INV-68618,SKU-8549,Product 25,250.36
10185,2022-04-22,12,173.0,INV-78259,SKU-1658,Product 7,2076.0
10185,2022-04-22,13,105.63,INV-98790,SKU-8213,Product 80,1373.19
10185,2022-06-26,4,129.61,INV-19334,SKU-5381,Product 18,518.44
10185,2022-07-09,9,123.16,INV-71313,SKU-2392,Product 6,1108.44
10185,2022-07-22,5,188.04,INV-10002,SKU-9130,Product 86,940.1999999999999
10185,2022-08-04,11,64.41,INV-37250,SKU-4845,Product 18,708.51
10185,2022-09-12,13,143.94,INV-60009,SKU-1131,Product 91,1871.22
10185,2022-10-12,6,89.15,INV-53117,SKU-8162,Product 22,534.9000000000001
10185,2022-10-16,6,170.41,INV-49916,SKU-2100,Product 12,1022.46
10185,2022-10-17,3,64.9,INV-79020,SKU-1413,Product 34,194.70000000000002
10185,2022-10-21,5,172.32,INV-30694,SKU-9680,Product 96,861.5999999999999
10185,2022-12-11,3,156.99,INV-85113,SKU-4484,Product 92,470.97
10185,2022-12-22,3,216.29,INV-79285,SKU-3538,Product 60,648.87
10186,2021-05-21,4,149.46,INV-70135,SKU-5522,Product 56,597.84
10186,2021-06-26,14,143.09,INV-87248,SKU-5905,Product 23,2003.26
10186,2021-07-27,5,157.95,INV-38357,SKU-9944,Product 45,789.75
10186,2021-09-05,6,108.94,INV-31602,SKU-1191,Product 77,653.64
10186,2021-09-28,12,163.81,INV-17160,SKU-9575,Product 42,1965.72
10186,2021-10-04,6,153.36,INV-78309,SKU-6193,Product 97,920.1600000000001
10186,2021-10-05,6,57.0,INV-18714,SKU-9897,Product 96,342.0
10186,2021-10-30,6,120.86,INV-11502,SKU-5684,Product 3,725.16
10186,2021-12-08,8,70.35,INV-81974,SKU-7518,Product 27,562.8
10186,2022-02-13,8,168.14,INV-35572,SKU-5171,Product 83,1345.12
10186,2022-02-23,13,92.06,INV-86637,SKU-8906,Product 51,1196.78
10186,2022-02-26,14,70.99,INV-79590,SKU-1935,Product 13,993.8599999999999
10186,2022-05-21,11,53.61,INV-40613,SKU-4307,Product 34,589.71
10186,2022-06-21,10,176.91,INV-82838,SKU-6492,Product 77,1769.1
10186,2022-06-27,6,149.27,INV-69778,SKU-2620,Product 55,895.6200000000001
10186,2022-09-02,5,213.37,INV-60356,SKU-7449,Product 4,1066.85
10186,2022-10-17,13,83.47,INV-67439,SKU-3369,Product 12,1085.11
10186,2022-10-21,14,108.43,INV-10189,SKU-7008,Product 59,1518.02
10186,2022-11-05,3,53.83,INV-88908,SKU-5883,Product 61,161.49
10186,2022-11-13,5,155.41,INV-22379,SKU-9929,Product 69,777.05
10187,2021-01-19,4,32.93,INV-17122,SKU-2642,Product 15,131.72
10187,2021-06-06,4,36.48,INV-64262,SKU-2108,Product 91,145.92
10187,2022-09-20,4,13.78,INV-55537,SKU-6073,Product 2,55.12
10188,2021-04-06,3,37.03,INV-81998,SKU-1082,Product 21,111.09
10188,2021-06-27,4,38.75,INV-14132,SKU-9830,Product 84,155.0
10188,2021-11-20,4,36.33,INV-63871,SKU-2345,Product 87,145.32
10188,2022-04-01,1,20.24,INV-17435,SKU-2548,Product 74,20.24
10189,2021-03-29,2,105.83,INV-39715,SKU-4647,Product 33,211.66
10189,2021-04-28,2,30.91,INV-31083,SKU-9250,Product 13,61.82
10189,2021-05-08,2,59.0,INV-44837,SKU-4358,Product 7,118.0
10189,2021-05-11,5,70.32,INV-78446,SKU-2970,Product 85,351.59999999999997
10189,2021-05-18,7,48.55,INV-14140,SKU-2552,Product 36,339.84999999999997
10189,2022-01-05,6,42.12,INV-69278,SKU-6978,Product 16,252.71999999999997
10189,2022-02-01,4,87.2,INV-85852,SKU-7104,Product 94,348.8
10189,2022-08-11,5,50.39,INV-72818,SKU-8776,Product 91,251.95
10189,2022-09-30,6,78.22,INV-93113,SKU-6915,Product 94,469.32
10189,2022-10-24,4,82.57,INV-17704,SKU-2125,Product 26,330.28
10189,2022-10-29,3,34.59,INV-68928,SKU-4006,Product 77,103.77000000000001
10189,2022-11-07,2,64.15,INV-82776,SKU-5942,Product 39,128.3
10189,2022-11-17,5,33.73,INV-59108,SKU-2997,Product 72,168.64999999999998
10190,2021-01-19,10,77.36,INV-24538,SKU-2171,Product 93,773.6
10190,2021-01-30,10,68.86,INV-50229,SKU-8791,Product 52,688.6
10190,2021-02-25,3,72.75,INV-54819,SKU-7195,Product 60,218.25
10190,2021-02-27,6,98.71,INV-67988,SKU-7299,Product 22,592.26
10190,2021-06-06,10,88.52,INV-17785,SKU-7095,Product 67,885.1999999999999
10190,2021-07-02,9,128.39,INV-33565,SKU-9814,Product 65,1155.5099999999998
10190,2021-08-15,4,96.13,INV-14717,SKU-5854,Product 67,384.52
10190,2021-08-31,12,93.91,INV-30742,SKU-9903,Product 83,1126.92
10190,2021-09-19,6,71.44,INV-87115,SKU-1589,Product 76,428.64
10190,2021-09-21,8,160.01,INV-68031,SKU-5752,Product 7,1280.08
10190,2021-09-26,5,94.31,INV-87654,SKU-6473,Product 51,471.55
10190,2021-11-02,10,146.54,INV-55577,SKU-3158,Product 37,1465.3999999999999
10190,2021-11-12,14,133.21,INV-85811,SKU-9164,Product 60,1864.94
10190,2022-01-29,13,107.59,INV-43678,SKU-7586,Product 48,1398.67
10190,2022-01-29,12,91.47,INV-71976,SKU-6383,Product 93,1097.6399999999999
10190,2022-02-14,14,185.04,INV-40659,SKU-5211,Product 8,2590.56
10190,2022-04-08,9,138.4,INV-94075,SKU-4479,Product 40,1245.6000000000001
10190,2022-06-12,3,83.13,INV-87146,SKU-8832,Product 33,249.39
10190,2022-06-27,4,169.0,INV-63811,SKU-5275,Product 34,676.0
10190,2022-08-27,7,199.17,INV-49342,SKU-7121,Product 17,1394.1899999999998
10190,2022-10-07,7,79.02,INV-98768,SKU-9366,Product 6,553.14
10190,2022-11-07,9,158.88,INV-39075,SKU-6495,Product 62,1429.92
10190,2022-11-26,14,164.07,INV-48725,SKU-6255,Product 68,2296.98
10191,2021-01-05,2,73.76,INV-92203,SKU-6840,Product 64,147.52
10191,2021-04-27,6,48.19,INV-45377,SKU-4909,Product 20,289.14
10191,2021-05-17,6,41.16,INV-16690,SKU-6331,Product 40,246.95999999999998
10191,2021-08-10,3,98.31,INV-66152,SKU-7639,Product 10,294.93
10191,2021-11-15,3,64.59,INV-50452,SKU-9212,Product 93,193.77
10191,2022-05-23,2,36.84,INV-35761,SKU-4262,Product 9,73.68
10191,2022-07-01,7,29.64,INV-29191,SKU-6190,Product 45,207.48000000000002
10191,2022-09-11,3,52.6,INV-52502,SKU-3711,Product 22,157.8
10191,2022-10-06,4,106.71,INV-53124,SKU-1589,Product 33,426.84
10191,2022-11-06,4,105.04,INV-78148,SKU-5562,Product 40,420.16
10192,2021-01-03,4,173.29,INV-52024,SKU-3508,Product 55,693.16
10192,2021-02-17,7,71.03,INV-66884,SKU-5987,Product 42,497.21000000000004
10192,2021-03-29,11,64.63,INV-16630,SKU-3859,Product 90,710.93
10192,2021-05-31,10,89.35,INV-92676,SKU-8304,Product 61,893.5
10192,2021-06-21,4,91.29,INV-26201,SKU-9585,Product 75,365.16
10192,2021-08-06,10,166.04,INV-45416,SKU-3065,Product 18,1660.3999999999999
10192,2021-09-11,9,80.57,INV-76998,SKU-6962,Product 28,725.1299999999999
10192,2021-09-11,13,113.81,INV-75202,SKU-8552,Product 59,1479.53
10192,2021-11-30,3,157.5,INV-82620,SKU-3779,Product 40,472.5
10192,2021-12-01,3,77.92,INV-34356,SKU-5143,Product 19,233.76
10192,2022-01-16,9,56.33,INV-48397,SKU-7318,Product 46,506.96999999999997
10192,2022-01-19,11,59.65,INV-91861,SKU-7734,Product 55,656.15
10192,2022-01-22,5,164.53,INV-54480,SKU-7249,Product 82,822.65
10192,2022-01-25,10,110.47,INV-30080,SKU-3825,Product 36,1104.7
10192,2022-03-31,4,131.67,INV-25051,SKU-3951,Product 54,526.68
10192,2022-04-01,4,97.28,INV-65267,SKU-4894,Product 7,389.12
10192,2022-04-04,10,132.37,INV-24728,SKU-7275,Product 34,1323.7
10192,2022-04-18,9,95.95,INV-40643,SKU-7867,Product 47,863.5500000000001
10192,2022-06-27,5,102.47,INV-47693,SKU-2080,Product 1,512.35
10192,2022-08-25,5,153.15,INV-57318,SKU-4174,Product 39,765.75
10192,2022-12-24,9,137.78,INV-50103,SKU-7277,Product 33,1240.02
10193,2021-07-04,2,41.83,INV-23246,SKU-2076,Product 91,83.66
10193,2022-07-13,3,36.44,INV-76425,SKU-4061,Product 62,109.32
10193,2022-10-25,4,22.26,INV-36649,SKU-5701,Product 8,89.04
10194,2021-04-12,1,22.0,INV-59916,SKU-6575,Product 22,22.0
10194,2022-01-18,1,47.98,INV-20108,SKU-9098,Product 85,47.98
10194,2022-03-31,4,35.97,INV-38206,SKU-8191,Product 93,143.88
10194,2022-05-28,3,49.65,INV-52717,SKU-3536,Product 94,148.95
10195,2021-03-08,7,84.41,INV-57480,SKU-8811,Product 19,590.87
10195,2021-09-16,7,61.78,INV-18646,SKU-7401,Product 18,432.46000000000004
10195,2021-12-03,2,35.55,INV-83012,SKU-8931,Product 4,71.1
10195,2022-03-28,2,40.27,INV-93208,SKU-9937,Product 32,80.54
10195,2022-12-29,5,99.87,INV-71027,SKU-3202,Product 59,499.35
10196,2021-02-06,1,9.19,INV-54899,SKU-9876,Product 51,9.19
10196,2021-03-06,4,18.27,INV-47929,SKU-1644,Product 61,73.08
10196,2021-04-02,1,26.2,INV-43208,SKU-2138,Product 43,26.2
10196,2021-10-21,1,26.3,INV-80976,SKU-9148,Product 72,26.3
10196,2022-02-01,1,25.48,INV-38283,SKU-4043,Product 70,25.48
10196,2022-06-04,3,32.44,INV-23698,SKU-1930,Product 36,97.32
10196,2022-09-25,2,41.58,INV-26505,SKU-5254,Product 50,83.16
10196,2022-09-28,4,8.71,INV-26830,SKU-3250,Product 72,34.84
10196,2022-11-07,1,40.27,INV-33097,SKU-3978,Product 70,40.27
10197,2021-01-10,5,38.53,INV-23405,SKU-2365,Product 79,192.65
10197,2021-02-10,2,60.98,INV-63947,SKU-2917,Product 90,121.96
10197,2021-05-13,5,37.73,INV-12708,SKU-6981,Product 62,188.64999999999998
10197,2021-06-27,4,54.46,INV-80934,SKU-7678,Product 26,217.84
10197,2021-06-28,7,101.82,INV-76547,SKU-8902,Product 46,712.74
10197,2021-07-14,7,94.28,INV-94044,SKU-6291,Product 6,659.96
10197,2021-08-05,7,37.26,INV-43038,SKU-8641,Product 99,260.82
10197,2021-10-03,3,83.33,INV-84696,SKU-4815,Product 52,249.99
10197,2021-10-30,4,54.03,INV-92124,SKU-7784,Product 38,216.12
10197,2022-02-09,3,68.93,INV-25032,SKU-6859,Product 92,206.79000000000002
10197,2022-08-05,4,69.7,INV-27786,SKU-5376,Product 51,278.8
10197,2022-10-14,4,83.69,INV-38429,SKU-9601,Product 34,334.76
10197,2022-10-22,7,66.83,INV-77080,SKU-4996,Product 82,467.81
10197,2022-10-25,7,80.88,INV-63408,SKU-9294,Product 78,566.16
10198,2021-06-12,4,36.92,INV-99692,SKU-3022,Product 31,147.68
10198,2021-07-22,4,26.26,INV-28014,SKU-4278,Product 57,105.04
10198,2022-05-21,4,12.62,INV-86661,SKU-6110,Product 61,50.48
10198,2022-06-03,2,43.45,INV-47097,SKU-7715,Product 70,86.9
10198,2022-11-16,1,28.61,INV-12454,SKU-4487,Product 93,28.61
10199,2021-02-25,2,40.01,INV-32169,SKU-7219,Product 31,80.02
10199,2021-08-15,4,41.63,INV-70489,SKU-7097,Product 36,166.52
10199,2021-12-21,2,44.29,INV-27083,SKU-7318,Product 15,88.58
10199,2022-02-18,3,31.55,INV-49516,SKU-7103,Product 22,94.65
10199,2022-06-30,2,44.1,INV-38645,SKU-9734,Product 61,88.2
10200,2021-01-13,3,99.89,INV-70424,SKU-9423,Product 99,299.67
10200,2021-02-16,7,84.42,INV-28780,SKU-8851,Product 9,590.94
10200,2021-04-10,4,58.83,INV-59272,SKU-7908,Product 93,235.32
10200,2021-08-16,3,95.89,INV-38015,SKU-5111,Product 48,287.67
10200,2022-01-15,5,56.01,INV-55813,SKU-6209,Product 20,280.05
10200,2022-01-30,2,43.86,INV-62621,SKU-6932,Product 48,87.72
10200,2022-04-26,7,59.35,INV-47907,SKU-7567,Product 29,415.45
10200,2022-07-15,2,45.66,INV-59393,SKU-5234,Product 97,91.32
10200,2022-09-19,3,81.61,INV-44928,SKU-6740,Product 89,244.82999999999998
10201,2021-04-02,1,42.73,INV-35156,SKU-7752,Product 84,42.73
10201,2021-04-16,2,29.96,INV-20956,SKU-5919,Product 36,59.92
10201,2021-10-09,1,29.12,INV-35511,SKU-9573,Product 95,29.12
10201,2022-05-16,2,41.88,INV-89180,SKU-5917,Product 29,83.76
10201,2022-07-08,1,36.26,INV-29332,SKU-9405,Product 68,36.26
10201,2022-09-12,2,10.12,INV-53211,SKU-4004,Product 46,20.24
10202,2021-08-25,7,87.91,INV-84229,SKU-8428,Product 3,615.37
10202,2021-09-07,2,41.75,INV-95953,SKU-2639,Product 44,83.5
10202,2022-03-16,4,56.52,INV-18528,SKU-8970,Product 42,226.08
10202,2022-10-27,5,43.48,INV-48458,SKU-6818,Product 69,217.39999999999998
10202,2022-11-22,5,72.61,INV-87120,SKU-6965,Product 73,363.05
10203,2021-03-17,5,33.31,INV-26773,SKU-5616,Product 12,166.55
10203,2021-08-18,4,97.64,INV-28976,SKU-7632,Product 87,390.56
10203,2021-11-15,3,56.3,INV-39482,SKU-9103,Product 65,168.89999999999998
10203,2022-01-11,6,92.27,INV-50033,SKU-6597,Product 21,553.62
10203,2022-03-08,5,42.4,INV-46710,SKU-2800,Product 79,212.0
10203,2022-04-07,4,75.94,INV-15301,SKU-2455,Product 46,303.76
10203,2022-05-07,6,61.39,INV-85199,SKU-7900,Product 84,368.34000000000003
10203,2022-05-11,5,51.86,INV-13764,SKU-9553,Product 73,259.3
10203,2022-08-30,7,80.82,INV-70800,SKU-2882,Product 44,565.74
10203,2022-09-13,6,36.88,INV-92267,SKU-1844,Product 56,221.28000000000003
10203,2022-10-20,4,37.74,INV-92942,SKU-3758,Product 65,150.96
10203,2022-12-27,6,78.25,INV-39108,SKU-6157,Product 99,469.5
10204,2021-01-07,6,192.76,INV-72807,SKU-5866,Product 1,1156.56
10204,2021-01-12,4,158.55,INV-97218,SKU-8017,Product 92,634.2
10204,2021-03-15,6,75.13,INV-39146,SKU-4166,Product 10,450.78
10204,2021-05-21,5,87.93,INV-54191,SKU-4766,Product 97,439.65000000000003
10204,2021-06-10,11,109.54,INV-58014,SKU-5356,Product 19,1204.94
10204,2021-06-15,11,146.36,INV-82446,SKU-3003,Product 8,1609.96
10204,2021-07-03,13,76.5,INV-45133,SKU-1854,Product 65,994.5
10204,2021-08-26,6,224.59,INV-14133,SKU-7529,Product 69,1347.54
10204,2021-09-01,12,183.59,INV-59368,SKU-6700,Product 98,2203.08
10204,2021-10-10,9,199.15,INV-17923,SKU-2606,Product 18,1792.3500000000001
10204,2021-10-12,8,138.88,INV-39336,SKU-9374,Product 95,1111.04
10204,2021-10-28,8,149.61,INV-11591,SKU-5072,Product 42,1196.88
10204,2021-10-29,12,69.19,INV-95938,SKU-4082,Product 35,830.28
10204,2022-01-12,3,187.66,INV-13217,SKU-5357,Product 19,562.98
10204,2022-01-27,9,124.56,INV-28394,SKU-3582,Product 58,1121.04
10204,2022-01-28,10,99.74,INV-31182,SKU-9040,Product 72,997.4
10204,2022-03-16,5,59.16,INV-35975,SKU-8126,Product 66,295.79999999999995
10204,2022-03-21,13,154.23,INV-82999,SKU-2126,Product 81,2004.9899999999998
10204,2022-04-14,8,63.59,INV-77665,SKU-4078,Product 54,508.72
10204,2022-08-24,10,230.9,INV-68491,SKU-1612,Product 85,2309.0
10204,2022-09-01,4,64.13,INV-64520,SKU-6971,Product 6,256.52
10204,2022-11-06,8,65.27,INV-36178,SKU-6670,Product 37,522.16
10204,2022-11-27,13,147.65,INV-26643,SKU-6025,Product 7,1919.45
10205,2021-02-09,4,48.06,INV-53422,SKU-4589,Product 83,192.24
10205,2021-04-07,2,61.54,INV-24605,SKU-8088,Product 83,123.08
10205,2021-04-23,6,88.35,INV-20581,SKU-5535,Product 75,530.0999999999999
10205,2021-09-24,6,35.45,INV-16655,SKU-7190,Product 4,212.70000000000002
10205,2022-03-16,5,66.91,INV-62331,SKU-4247,Product 64,334.54999999999995
10205,2022-03-26,2,96.61,INV-84892,SKU-9092,Product 45,193.22
10205,2022-03-30,2,42.89,INV-65965,SKU-3745,Product 98,85.78
10206,2021-12-31,3,31.78,INV-89149,SKU-8399,Product 36,95.34
10206,2022-03-27,1,14.7,INV-62762,SKU-5744,Product 36,14.7
10206,2022-11-24,4,21.26,INV-43469,SKU-4348,Product 85,85.04
10207,2021-07-28,3,38.19,INV-58842,SKU-4116,Product 34,114.57
10207,2021-08-01,3,14.63,INV-99552,SKU-1060,Product 55,43.89
10207,2021-12-04,1,17.71,INV-73539,SKU-7466,Product 79,17.71
10207,2022-05-15,4,13.49,INV-52337,SKU-8641,Product 13,53.96
10207,2022-05-21,2,24.29,INV-27243,SKU-2547,Product 36,48.58
10207,2022-08-16,3,40.16,INV-98730,SKU-6316,Product 86,120.47999999999999
10207,2022-09-25,4,20.65,INV-55050,SKU-4241,Product 47,82.6
10207,2022-10-26,3,50.48,INV-31252,SKU-7986,Product 79,151.44
10207,2022-11-04,3,38.01,INV-18801,SKU-7571,Product 69,114.03
10208,2021-07-12,1,33.61,INV-65012,SKU-2770,Product 23,33.61
10208,2021-10-10,3,29.41,INV-17816,SKU-1258,Product 87,88.23
10208,2022-03-05,2,13.23,INV-89432,SKU-9757,Product 71,26.46
10208,2022-12-02,3,17.75,INV-59217,SKU-4410,Product 38,53.25
10209,2021-09-17,2,41.19,INV-22227,SKU-1232,Product 54,82.38
10209,2021-11-22,2,17.61,INV-50160,SKU-7071,Product 12,35.22
10209,2022-06-11,1,24.04,INV-62151,SKU-4440,Product 89,24.04
10210,2021-03-04,1,13.04,INV-53415,SKU-3843,Product 67,13.04
10210,2021-03-16,3,21.4,INV-85542,SKU-2225,Product 30,64.19999999999999
10210,2021-04-23,1,17.7,INV-26966,SKU-9651,Product 8,17.7
10210,2021-08-11,3,42.87,INV-78919,SKU-4540,Product 10,128.60999999999999
10210,2022-03-02,3,28.56,INV-87916,SKU-8995,Product 24,85.67999999999999
10210,2022-05-03,4,13.42,INV-29405,SKU-9970,Product 29,53.68
10210,2022-05-05,4,32.31,INV-48665,SKU-3902,Product 81,129.24
10211,2021-04-16,14,195.81,INV-45315,SKU-4164,Product 45,2741.34
10211,2021-05-06,10,181.04,INV-49218,SKU-4215,Product 18,1810.3999999999999
10211,2021-05-13,9,126.92,INV-59210,SKU-4702,Product 58,1142.28
10211,2021-06-20,9,58.0,INV-29009,SKU-6893,Product 14,522.0
10211,2021-07-01,9,159.47,INV-44830,SKU-5627,Product 71,1435.23
10211,2021-07-07,8,107.59,INV-70469,SKU-9928,Product 57,860.72
10211,2021-08-06,7,136.4,INV-80304,SKU-8567,Product 15,954.8000000000001
10211,2022-01-02,5,171.66,INV-27812,SKU-5874,Product 54,858.3
10211,2022-01-22,5,181.81,INV-75311,SKU-4884,Product 85,909.05
10211,2022-02-09,13,149.04,INV-11340,SKU-9782,Product 39,1937.52
10211,2022-03-25,4,53.7,INV-37846,SKU-8359,Product 2,214.8
10211,2022-03-27,12,45.81,INV-41076,SKU-5085,Product 44,549.72
10211,2022-04-07,10,57.48,INV-27910,SKU-7789,Product 13,574.8
10211,2022-06-19,12,72.09,INV-41709,SKU-4444,Product 23,865.08
10211,2022-06-24,9,101.99,INV-20605,SKU-8939,Product 17,917.91
10211,2022-07-14,4,147.01,INV-64101,SKU-2421,Product 19,588.04
10211,2022-07-18,7,109.35,INV-13165,SKU-9451,Product 39,765.4499999999999
10211,2022-08-22,6,180.8,INV-18989,SKU-5467,Product 32,1084.8000000000002
10211,2022-09-05,10,194.24,INV-54687,SKU-6558,Product 72,1942.4
10211,2022-10-25,13,184.74,INV-69032,SKU-4321,Product 41,2401.62
10211,2022-12-04,7,72.0,INV-74079,SKU-1137,Product 23,504.0
10211,2022-12-08,6,168.09,INV-30810,SKU-1247,Product 27,1008.54
10211,2022-12-26,12,152.32,INV-36044,SKU-6587,Product 55,1827.84
10211,2022-12-27,14,220.62,INV-34432,SKU-5602,Product 51,3088.6800000000003
10212,2021-09-01,4,49.42,INV-37738,SKU-4925,Product 16,197.68
10212,2021-09-30,4,88.78,INV-58834,SKU-4958,Product 79,355.12
10212,2022-03-27,5,62.77,INV-18080,SKU-7823,Product 38,313.85
10212,2022-04-19,5,76.05,INV-54857,SKU-8825,Product 7,380.25
10212,2022-07-11,7,83.14,INV-66004,SKU-7516,Product 94,581.98
10212,2022-07-26,3,36.58,INV-54505,SKU-2077,Product 39,109.74
10212,2022-08-08,5,76.65,INV-75681,SKU-6116,Product 92,383.25
10212,2022-09-14,5,82.55,INV-46764,SKU-2688,Product 80,412.75
10212,2022-12-28,6,74.69,INV-17150,SKU-7896,Product 71,448.14
10213,2021-01-23,10,112.45,INV-73741,SKU-1413,Product 72,1124.5
10213,2021-01-26,6,90.41,INV-19942,SKU-1892,Product 87,542.46
10213,2021-02-14,3,114.64,INV-34647,SKU-5382,Product 66,343.92
10213,2021-03-25,13,102.54,INV-93268,SKU-6556,Product 54,1333.02
10213,2021-04-25,3,223.41,INV-81319,SKU-1712,Product 31,670.23
10213,2021-05-21,11,140.47,INV-47917,SKU-3513,Product 81,1545.17
10213,2021-06-05,12,172.66,INV-39991,SKU-8634,Product 37,2071.92
10213,2021-06-23,10,153.11,INV-94117,SKU-4911,Product 15,1531.1000000000001
10213,2021-08-05,13,140.35,INV-29352,SKU-3659,Product 29,1824.55
10213,2021-11-14,14,126.55,INV-50733,SKU-3083,Product 55,1771.7
10213,2022-01-17,14,77.96,INV-18680,SKU-2485,Product 76,1091.4399999999998
10213,2022-01-28,5,102.14,INV-58522,SKU-9457,Product 51,510.7
10213,2022-04-03,9,67.07,INV-40339,SKU-2353,Product 65,603.6299999999999
10213,2022-04-10,14,57.7,INV-38918,SKU-1649,Product 38,807.8000000000001
10213,2022-04-12,6,120.26,INV-80857,SKU-5216,Product 11,721.5600000000001
10213,2022-05-12,11,174.81,INV-86060,SKU-1329,Product 50,1922.91
10213,2022-06-03,10,90.16,INV-72583,SKU-8433,Product 25,901.5999999999999
10213,2022-06-16,11,187.19,INV-28008,SKU-2756,Product 11,2059.09
10213,2022-07-01,14,179.94,INV-30243,SKU-4695,Product 25,2519.16
10213,2022-07-26,8,127.21,INV-58416,SKU-6709,Product 24,1017.68
10213,2022-09-06,10,139.3,INV-32631,SKU-9432,Product 7,1393.0
10213,2022-10-02,3,196.19,INV-62398,SKU-5041,Product 98,588.5699999999999
10213,2022-11-04,9,161.73,INV-20470,SKU-6658,Product 61,1455.57
10213,2022-11-11,8,80.49,INV-35110,SKU-8046,Product 61,643.92
10213,2022-12-05,10,64.6,INV-98690,SKU-7328,Product 27,646.0
10214,2021-01-19,1,27.15,INV-60093,SKU-6050,Product 75,27.15
10214,2021-06-19,3,10.36,INV-70487,SKU-2770,Product 49,31.08
10214,2021-11-20,2,30.63,INV-10699,SKU-8565,Product 44,61.26
10214,2022-04-04,1,16.02,INV-58737,SKU-1599,Product 79,16.02
10214,2022-07-14,3,48.24,INV-25563,SKU-7436,Product 21,144.72
10214,2022-07-17,2,23.21,INV-42524,SKU-7090,Product 38,46.42
10214,2022-07-21,4,50.16,INV-54874,SKU-8429,Product 87,200.64
10214,2022-08-04,4,37.15,INV-83425,SKU-6238,Product 26,148.6
10214,2022-10-27,4,55.32,INV-78357,SKU-4662,Product 35,221.28
10215,2021-01-02,1,52.19,INV-99668,SKU-7323,Product 15,52.19
10215,2022-01-06,4,41.0,INV-97579,SKU-5968,Product 56,164.0
10215,2022-06-24,2,25.43,INV-99180,SKU-8011,Product 48,50.86
10215,2022-09-26,3,12.09,INV-18738,SKU-8888,Product 25,36.269999999999996
10216,2021-03-25,13,142.38,INV-33412,SKU-7479,Product 50,1850.94
10216,2021-04-25,3,138.85,INV-23155,SKU-7172,Product 60,416.54999999999995
10216,2021-05-07,7,147.79,INV-24179,SKU-1039,Product 62,1034.53
10216,2021-05-08,6,172.24,INV-53368,SKU-3179,Product 49,1033.44
10216,2021-05-28,12,92.38,INV-55486,SKU-7594,Product 3,1108.56
10216,2021-05-31,3,108.91,INV-93501,SKU-4679,Product 13,326.73
10216,2021-07-10,7,80.11,INV-84328,SKU-9572,Product 54,560.77
10216,2021-08-29,13,101.42,INV-57918,SKU-1690,Product 20,1318.46
10216,2021-09-22,14,142.82,INV-37129,SKU-6919,Product 52,1999.48
10216,2021-10-07,6,189.32,INV-68896,SKU-7731,Product 62,1135.92
10216,2021-10-12,5,109.9,INV-69767,SKU-7226,Product 47,549.5
10216,2021-10-15,11,76.07,INV-59188,SKU-2444,Product 7,836.77
10216,2021-10-29,7,131.82,INV-20935,SKU-4784,Product 11,922.74
10216,2021-11-19,4,94.1,INV-18545,SKU-1071,Product 96,376.4
10216,2021-12-24,8,68.49,INV-79405,SKU-6200,Product 60,547.92
10216,2022-01-25,5,83.97,INV-63309,SKU-1867,Product 84,419.85
10216,2022-02-20,10,191.51,INV-50910,SKU-7260,Product 24,1915.1
10216,2022-03-16,13,195.39,INV-89468,SKU-6334,Product 63,2540.0699999999997
10216,2022-04-02,14,116.25,INV-94658,SKU-4369,Product 78,1627.5
10216,2022-04-11,11,138.32,INV-35112,SKU-9996,Product 82,1521.52
10216,2022-04-22,7,112.3,INV-96091,SKU-2568,Product 43,786.1
10216,2022-05-08,9,177.14,INV-22224,SKU-7906,Product 1,1594.2599999999998
10216,2022-06-01,4,99.66,INV-61747,SKU-9117,Product 59,398.64
10216,2022-06-26,5,50.61,INV-47236,SKU-3346,Product 33,253.05
10216,2022-07-24,3,129.9,INV-58886,SKU-7511,Product 26,389.70000000000005
10216,2022-09-11,13,135.41,INV-11753,SKU-7882,Product 44,1760.33
10216,2022-09-11,13,146.31,INV-64013,SKU-7300,Product 49,1902.03
10216,2022-10-06,14,130.44,INV-83339,SKU-7574,Product 30,1826.1599999999999
10216,2022-11-19,7,157.38,INV-84432,SKU-7640,Product 84,1101.6599999999999
10216,2022-11-25,14,103.52,INV-94990,SKU-1620,Product 92,1449.28
10217,2022-07-02,3,25.62,INV-96843,SKU-4385,Product 41,76.86
10217,2022-10-13,2,26.79,INV-49673,SKU-1376,Product 79,53.58
10218,2021-09-10,3,27.21,INV-36140,SKU-2184,Product 62,81.63
10218,2022-06-11,4,25.03,INV-53894,SKU-7869,Product 23,100.12
10218,2022-11-06,3,39.98,INV-43952,SKU-3584,Product 36,119.94
10219,2021-01-12,3,35.11,INV-69658,SKU-7363,Product 82,105.33
10219,2021-07-23,2,42.32,INV-31470,SKU-7649,Product 65,84.64
10219,2021-07-25,1,32.86,INV-34330,SKU-6321,Product 19,32.86
10219,2021-09-17,4,25.03,INV-52325,SKU-8735,Product 59,100.12
10219,2021-12-15,1,30.33,INV-62776,SKU-3732,Product 74,30.33
10219,2022-08-31,1,36.05,INV-62452,SKU-6821,Product 60,36.05
10219,2022-12-23,4,13.27,INV-15556,SKU-9532,Product 85,53.08
10220,2021-03-25,6,57.01,INV-96006,SKU-1734,Product 89,342.06
10220,2021-07-11,7,34.36,INV-12739,SKU-5784,Product 12,240.51999999999998
10220,2022-06-04,2,55.37,INV-88798,SKU-6229,Product 93,110.74
10220,2022-09-08,2,83.35,INV-99889,SKU-4991,Product 2,166.7
10221,2021-05-23,5,79.09,INV-42381,SKU-6331,Product 16,395.45000000000005
10221,2021-06-22,4,39.39,INV-50955,SKU-3972,Product 77,157.56
10221,2022-01-12,4,102.12,INV-25784,SKU-3758,Product 64,408.48
10221,2022-03-19,2,56.89,INV-74400,SKU-7824,Product 30,113.78
10221,2022-08-03,5,68.9,INV-36801,SKU-1828,Product 47,344.5
10221,2022-08-14,4,35.67,INV-17308,SKU-7659,Product 23,142.68
10221,2022-10-10,5,118.07,INV-27259,SKU-6955,Product 90,590.3499999999999
10221,2022-10-24,2,76.21,INV-53464,SKU-3939,Product 71,152.42
10221,2022-12-09,2,87.26,INV-33584,SKU-1215,Product 44,174.52
10222,2021-01-16,3,153.64,INV-25855,SKU-5756,Product 88,460.91999999999996
10222,2021-02-12,7,88.09,INV-50239,SKU-2991,Product 15,616.63
10222,2021-03-09,12,102.93,INV-81431,SKU-8550,Product 66,1235.16
10222,2021-06-03,11,64.84,INV-78513,SKU-1842,Product 95,713.24
10222,2021-07-11,9,118.36,INV-57820,SKU-4147,Product 82,1065.24
10222,2021-09-21,5,123.44,INV-12917,SKU-7885,Product 64,617.2
10222,2021-10-30,3,70.85,INV-41403,SKU-9774,Product 72,212.54999999999998
10222,2022-02-03,8,152.67,INV-60865,SKU-5783,Product 39,1221.36
10222,2022-03-11,7,107.84,INV-95092,SKU-9959,Product 51,754.88
10222,2022-04-27,5,155.61,INV-69648,SKU-5304,Product 73,778.0500000000001
10222,2022-05-04,12,78.01,INV-72273,SKU-1739,Product 72,936.1200000000001
10222,2022-05-19,14,136.47,INV-44303,SKU-5753,Product 90,1910.58
10222,2022-05-23,13,176.76,INV-82289,SKU-8740,Product 32,2297.88
10222,2022-06-24,7,47.9,INV-61893,SKU-1797,Product 95,335.3
10222,2022-07-05,12,104.96,INV-75521,SKU-5342,Product 22,1259.52
10222,2022-07-14,5,114.45,INV-17505,SKU-2179,Product 95,572.25
10222,2022-07-19,8,66.94,INV-41358,SKU-7054,Product 59,535.52
10222,2022-07-22,12,173.64,INV-98672,SKU-1945,Product 38,2083.68
10222,2022-08-17,3,141.68,INV-70964,SKU-5526,Product 23,425.04
10222,2022-10-22,8,138.24,INV-11883,SKU-3886,Product 94,1105.92
10223,2021-01-15,7,74.49,INV-95487,SKU-6120,Product 48,521.43
10223,2021-05-26,2,82.56,INV-77104,SKU-5720,Product 22,165.12
10223,2021-06-08,2,116.08,INV-61454,SKU-2075,Product 81,232.16
10223,2021-09-17,7,80.0,INV-41275,SKU-9722,Product 91,560.0
10223,2021-10-23,2,56.19,INV-63804,SKU-5586,Product 68,112.38
10223,2022-01-23,5,48.56,INV-32287,SKU-8755,Product 27,242.8
10223,2022-03-12,4,98.86,INV-87159,SKU-8488,Product 17,395.44
10223,2022-12-29,3,70.47,INV-24006,SKU-5895,Product 19,211.41
10224,2021-02-21,3,95.05,INV-32111,SKU-9686,Product 52,285.15
10224,2021-03-24,14,59.91,INV-76554,SKU-2179,Product 74,838.74
10224,2021-05-02,7,75.58,INV-91991,SKU-1027,Product 85,529.06
10224,2021-05-12,8,144.24,INV-41089,SKU-8050,Product 81,1153.92
10224,2021-06-03,14,110.79,INV-57361,SKU-6765,Product 75,1551.0600000000002
10224,2021-07-29,14,130.63,INV-90633,SKU-7381,Product 28,1828.82
10224,2021-08-04,14,221.46,INV-25805,SKU-1723,Product 34,3100.44
10224,2021-08-27,11,112.08,INV-27130,SKU-5337,Product 25,1232.8799999999999
10224,2021-11-02,3,115.53,INV-95366,SKU-6738,Product 27,346.59000000000003
10224,2021-11-17,6,203.78,INV-77703,SKU-3144,Product 25,1222.68
10224,2021-12-11,9,129.34,INV-20884,SKU-5433,Product 36,1164.06
10224,2021-12-27,5,139.83,INV-28895,SKU-7596,Product 16,699.1500000000001
10224,2022-01-16,8,93.99,INV-30645,SKU-8134,Product 19,751.92
10224,2022-01-21,8,134.55,INV-22834,SKU-3314,Product 61,1076.4
10224,2022-01-25,11,47.18,INV-49175,SKU-5242,Product 52,518.98
10224,2022-02-16,13,108.9,INV-49499,SKU-5793,Product 20,1415.7
10224,2022-03-28,3,200.08,INV-15487,SKU-4514,Product 90,600.24
10224,2022-08-15,10,200.16,INV-32735,SKU-4974,Product 18,2001.6
10224,2022-08-21,4,115.7,INV-26921,SKU-5591,Product 12,462.8
10224,2022-09-17,9,194.81,INV-18958,SKU-9806,Product 35,1753.29
10224,2022-09-20,8,180.14,INV-95930,SKU-7665,Product 89,1441.12
10224,2022-10-24,10,127.98,INV-54135,SKU-3662,Product 75,1279.8
10224,2022-11-03,9,113.3,INV-55272,SKU-5837,Product 58,1019.6999999999999
10224,2022-11-04,9,64.44,INV-62800,SKU-6445,Product 69,579.96
10225,2021-10-14,2,17.42,INV-19295,SKU-8812,Product 46,34.84
10225,2022-02-23,2,35.59,INV-59372,SKU-8356,Product 93,71.18
10225,2022-06-21,4,39.62,INV-34592,SKU-1432,Product 83,158.48
10225,2022-07-16,1,35.69,INV-67813,SKU-7806,Product 30,35.69
10226,2021-03-13,4,173.73,INV-82144,SKU-1347,Product 22,694.92
10226,2021-03-25,3,194.87,INV-87275,SKU-5069,Product 5,584.61
10226,2021-04-11,5,160.5,INV-77720,SKU-2275,Product 33,802.5
10226,2021-06-13,4,149.21,INV-46185,SKU-1248,Product 3,596.84
10226,2021-08-23,8,156.44,INV-44980,SKU-9078,Product 7,1251.52
10226,2021-10-30,13,173.48,INV-78525,SKU-8138,Product 74,2255.24
10226,2022-01-21,9,60.55,INV-20991,SKU-4177,Product 36,544.9499999999999
10226,2022-01-26,7,191.39,INV-54557,SKU-3555,Product 66,1339.73
10226,2022-04-01,5,162.72,INV-73944,SKU-7966,Product 46,813.6
10226,2022-04-22,8,92.42,INV-89098,SKU-3620,Product 19,739.36
10226,2022-05-23,10,143.97,INV-25040,SKU-9803,Product 87,1439.7
10226,2022-05-29,3,71.17,INV-51277,SKU-6301,Product 60,213.51
10226,2022-07-08,12,89.39,INV-52782,SKU-2271,Product 56,1072.68
10226,2022-07-29,5,161.73,INV-16934,SKU-4238,Product 93,808.65
10226,2022-08-21,11,85.23,INV-83870,SKU-8778,Product 52,937.5300000000001
10226,2022-08-23,5,113.11,INV-85645,SKU-3886,Product 56,565.55
10226,2022-09-25,6,195.04,INV-46516,SKU-6578,Product 25,1170.24
10226,2022-10-11,8,115.38,INV-96257,SKU-7572,Product 99,923.04
10226,2022-10-16,5,152.89,INV-26417,SKU-3799,Product 73,764.4499999999999
10226,2022-11-01,11,69.06,INV-99643,SKU-9651,Product 60,759.6600000000001
10226,2022-11-03,3,102.07,INV-69846,SKU-3240,Product 18,306.21
10226,2022-11-14,14,182.86,INV-71362,SKU-9048,Product 40,2560.04
10226,2022-12-11,11,94.86,INV-73960,SKU-9306,Product 54,1043.46
10226,2022-12-27,4,146.02,INV-25027,SKU-8429,Product 48,584.08
10227,2021-06-22,1,38.63,INV-66017,SKU-6643,Product 77,38.63
10227,2021-12-27,4,36.58,INV-22567,SKU-4817,Product 22,146.32
10227,2021-12-30,1,17.75,INV-44435,SKU-2825,Product 66,17.75
10227,2022-04-27,4,24.87,INV-58415,SKU-7521,Product 52,99.48
10228,2021-10-23,3,45.87,INV-38682,SKU-7838,Product 58,137.60999999999999
10229,2021-12-26,1,40.69,INV-68552,SKU-6804,Product 96,40.69
10229,2022-02-22,4,19.58,INV-88191,SKU-5581,Product 43,78.32
10229,2022-03-15,4,42.53,INV-65864,SKU-6208,Product 19,170.12
10229,2022-08-03,1,26.57,INV-30598,SKU-1579,Product 96,26.57
10230,2021-01-12,7,38.88,INV-99471,SKU-3246,Product 90,272.16
10230,2021-01-19,2,62.99,INV-49950,SKU-8034,Product 78,125.98
10230,2021-02-21,4,71.21,INV-64469,SKU-1810,Product 60,284.84
10230,2021-04-09,4,45.21,INV-53654,SKU-4518,Product 7,180.84
10230,2021-08-01,4,91.08,INV-70848,SKU-2568,Product 19,364.32
10230,2021-08-08,4,74.27,INV-92393,SKU-5983,Product 43,297.08
10230,2021-10-14,5,53.25,INV-37347,SKU-6351,Product 85,266.25
10230,2021-10-16,5,26.4,INV-26640,SKU-7512,Product 48,132.0
10230,2021-11-01,3,77.65,INV-88674,SKU-3974,Product 29,232.95000000000002
10230,2022-01-06,4,53.72,INV-11157,SKU-8452,Product 19,214.88
10230,2022-06-17,6,30.54,INV-57631,SKU-2002,Product 71,183.24
10230,2022-10-26,3,55.22,INV-94664,SKU-7041,Product 2,165.66
10231,2021-03-15,3,29.64,INV-79806,SKU-4603,Product 77,88.92
10231,2021-05-14,1,26.37,INV-98792,SKU-8923,Product 79,26.37
10231,2021-10-21,3,38.18,INV-98487,SKU-5865,Product 83,114.53999999999999
10232,2021-07-14,1,33.99,INV-68480,SKU-8044,Product 70,33.99
10232,2021-11-10,2,12.6,INV-36470,SKU-9328,Product 62,25.2
10232,2022-02-13,2,15.91,INV-73001,SKU-9409,Product 92,31.82
10232,2022-04-02,1,34.64,INV-20892,SKU-4374,Product 16,34.64
10232,2022-11-26,3,52.35,INV-95643,SKU-1363,Product 34,157.05
10232,2022-12-09,3,43.65,INV-34193,SKU-8207,Product 23,130.95
10233,2021-01-07,7,118.2,INV-40691,SKU-9148,Product 48,827.4
10233,2021-03-07,13,225.36,INV-44872,SKU-3053,Product 47,2929.6800000000003
10233,2021-03-23,10,89.78,INV-81843,SKU-4128,Product 78,897.8
10233,2021-04-12,11,151.97,INV-42408,SKU-7508,Product 98,1671.67
10233,2021-04-28,12,58.99,INV-12613,SKU-8141,Product 38,707.88
10233,2021-05-10,4,101.03,INV-31695,SKU-9792,Product 49,404.12
10233,2021-05-12,5,79.78,INV-78096,SKU-3177,Product 27,398.9
10233,2021-06-10,7,185.11,INV-55536,SKU-5918,Product 12,1295.77
10233,2021-06-26,4,204.93,INV-30927,SKU-9014,Product 63,819.72
10233,2021-07-11,6,148.8,INV-70312,SKU-5403,Product 17,892.8000000000001
10233,2021-08-19,14,150.76,INV-83548,SKU-2645,Product 69,2110.64
10233,2021-09-07,5,147.5,INV-40497,SKU-3519,Product 70,737.5
10233,2021-09-25,7,142.56,INV-96672,SKU-2531,Product 19,997.9200000000001
10233,2021-10-23,3,95.48,INV-30143,SKU-9939,Product 80,286.44
10233,2021-11-20,10,178.91,INV-35692,SKU-1495,Product 52,1789.1
10233,2021-12-18,12,165.84,INV-37791,SKU-8808,Product 86,1990.08
10233,2022-03-14,12,135.77,INV-14149,SKU-6848,Product 77,1629.2400000000002
10233,2022-03-28,10,117.03,INV-34394,SKU-7476,Product 69,1170.3
10233,2022-04-19,10,92.67,INV-15416,SKU-9532,Product 77,926.7
10233,2022-04-25,4,76.76,INV-82757,SKU-9660,Product 84,307.04
10233,2022-04-26,5,107.81,INV-47387,SKU-6191,Product 5,539.05
10233,2022-05-05,11,74.06,INV-59165,SKU-1745,Product 99,814.6600000000001
10233,2022-06-05,4,171.99,INV-22588,SKU-2222,Product 19,687.96
10233,2022-06-14,13,71.82,INV-58793,SKU-8153,Product 54,933.6599999999999
10233,2022-09-21,6,80.86,INV-98563,SKU-2213,Product 52,485.15999999999997
10233,2022-11-12,9,62.54,INV-47210,SKU-4667,Product 95,562.86
10233,2022-12-10,8,140.81,INV-46843,SKU-7162,Product 47,1126.48
10234,2021-01-20,6,56.61,INV-45903,SKU-3277,Product 11,339.65999999999997
10234,2021-01-25,4,87.37,INV-49825,SKU-8865,Product 64,349.48
10234,2021-05-14,5,82.4,INV-68901,SKU-3113,Product 21,412.0
10234,2021-06-11,2,38.93,INV-71531,SKU-6970,Product 17,77.86
10234,2021-09-20,3,70.18,INV-23854,SKU-3136,Product 72,210.54000000000002
10234,2022-10-13,7,75.79,INV-31563,SKU-7472,Product 88,530.5300000000001
10234,2022-12-24,7,79.98,INV-28484,SKU-3754,Product 65,559.86
10235,2021-05-19,1,31.98,INV-60762,SKU-8830,Product 41,31.98
10235,2021-10-10,4,56.21,INV-46984,SKU-8384,Product 3,224.84
10235,2021-11-17,3,17.84,INV-13871,SKU-4223,Product 43,53.519999999999996
10235,2022-11-22,1,29.29,INV-45503,SKU-6473,Product 86,29.29
10235,2022-12-27,3,30.38,INV-91533,SKU-2366,Product 54,91.14
10236,2021-02-10,14,52.43,INV-44754,SKU-4544,Product 68,734.02
10236,2021-04-28,3,90.24,INV-84519,SKU-1636,Product 64,270.71999999999997
10236,2021-09-18,7,141.86,INV-38233,SKU-5823,Product 62,993.0200000000001
10236,2021-10-31,14,135.81,INV-20780,SKU-6394,Product 86,1901.3400000000001
10236,2021-11-27,6,100.98,INV-80680,SKU-5633,Product 47,605.88
10236,2021-12-05,12,74.45,INV-14928,SKU-8596,Product 58,893.4000000000001
10236,2021-12-08,3,117.18,INV-90729,SKU-7619,Product 42,351.54
10236,2021-12-21,6,116.54,INV-42324,SKU-8612,Product 11,699.24
10236,2022-01-08,11,98.3,INV-32798,SKU-8441,Product 32,1081.3
10236,2022-01-15,9,49.46,INV-41643,SKU-5201,Product 96,445.14
10236,2022-01-25,12,171.56,INV-10055,SKU-4324,Product 2,2058.7200000000003
10236,2022-05-12,3,147.46,INV-80242,SKU-5035,Product 62,442.38
10236,2022-07-06,11,89.7,INV-80320,SKU-6761,Product 67,986.7
10236,2022-07-29,11,127.16,INV-61397,SKU-2686,Product 76,1398.76
10236,2022-09-12,11,136.55,INV-37296,SKU-6739,Product 33,1502.0500000000002
10236,2022-09-24,6,194.7,INV-26285,SKU-3737,Product 45,1168.1999999999998
10236,2022-10-20,4,210.5,INV-85532,SKU-4359,Product 67,842.0
10236,2022-12-17,7,175.39,INV-46139,SKU-8222,Product 80,1227.73
10237,2021-01-19,10,114.47,INV-37366,SKU-2058,Product 48,1144.7
10237,2021-02-23,4,62.63,INV-77505,SKU-1318,Product 6,250.52
10237,2021-04-28,5,134.78,INV-39792,SKU-4868,Product 72,673.9
10237,2021-05-08,3,96.71,INV-64102,SKU-4282,Product 85,290.13
10237,2021-05-13,11,164.09,INV-75334,SKU-7661,Product 70,1804.99
10237,2021-06-18,7,151.96,INV-78096,SKU-7981,Product 31,1063.72
10237,2021-07-29,4,179.53,INV-46539,SKU-6538,Product 54,718.12
10237,2021-07-29,6,110.82,INV-38205,SKU-5056,Product 70,664.92
10237,2021-09-22,13,166.78,INV-10048,SKU-5210,Product 27,2168.14
10237,2021-12-28,12,151.64,INV-55329,SKU-9324,Product 8,1819.6799999999998
10237,2022-01-31,11,163.33,INV-41748,SKU-9591,Product 83,1796.63
10237,2022-02-08,8,62.83,INV-10503,SKU-9277,Product 9,502.64
10237,2022-04-21,6,160.79,INV-36925,SKU-6251,Product 88,964.74
10237,2022-05-07,11,154.77,INV-74610,SKU-5571,Product 61,1702.47
10237,2022-05-19,12,106.73,INV-50496,SKU-3665,Product 49,1280.76
10237,2022-06-10,6,130.54,INV-17421,SKU-8047,Product 22,783.24
10237,2022-08-02,11,155.14,INV-85318,SKU-8036,Product 93,1706.54
10237,2022-08-25,11,76.3,INV-13353,SKU-6969,Product 21,839.3
10237,2022-11-06,6,92.56,INV-79224,SKU-8689,Product 20,555.36
10237,2022-11-30,10,166.81,INV-31329,SKU-8980,Product 86,1668.1
10238,2021-01-12,4,79.0,INV-60406,SKU-4688,Product 37,316.0
10238,2021-04-29,4,59.66,INV-22922,SKU-1084,Product 92,238.64
10238,2021-06-24,5,78.45,INV-28244,SKU-4875,Product 92,392.25
10238,2021-09-30,2,58.67,INV-16309,SKU-3755,Product 19,117.34
10238,2022-03-31,3,30.43,INV-29369,SKU-3076,Product 25,91.28999999999999
10238,2022-04-22,2,82.66,INV-56221,SKU-9852,Product 98,165.32
10238,2022-05-03,2,101.24,INV-73642,SKU-6991,Product 76,202.48
10238,2022-10-17,6,31.48,INV-41092,SKU-2836,Product 17,188.88
10238,2022-10-23,7,98.48,INV-71186,SKU-7045,Product 37,689.36
10238,2022-12-04,3,45.72,INV-88218,SKU-1355,Product 17,137.16
10238,2022-12-16,6,58.5,INV-19821,SKU-3796,Product 66,351.0
10239,2021-01-10,7,71.47,INV-30746,SKU-6023,Product 86,500.28999999999996
10239,2021-02-09,9,56.84,INV-72224,SKU-8503,Product 60,511.56000000000006
10239,2021-02-23,8,108.56,INV-13089,SKU-1523,Product 52,868.48
10239,2021-02-23,13,156.43,INV-34466,SKU-3548,Product 49,2033.5900000000001
10239,2021-02-27,14,151.14,INV-16971,SKU-8425,Product 36,2115.96
10239,2021-03-28,7,69.56,INV-58506,SKU-7772,Product 43,486.92
10239,2021-03-31,14,166.89,INV-25029,SKU-8147,Product 17,2336.46
10239,2021-05-05,7,131.12,INV-48258,SKU-9564,Product 77,917.84
10239,2021-08-06,3,74.74,INV-21954,SKU-6162,Product 55,224.21999999999997
10239,2021-10-01,12,60.29,INV-19111,SKU-6682,Product 10,723.48
10239,2021-10-31,4,115.5,INV-59316,SKU-9811,Product 70,462.0
10239,2021-12-12,6,164.08,INV-13316,SKU-4489,Product 82,984.48
10239,2022-02-05,12,82.17,INV-37011,SKU-4651,Product 16,986.04
10239,2022-02-10,10,71.87,INV-25332,SKU-2790,Product 70,718.7
10239,2022-02-25,4,124.79,INV-79532,SKU-5786,Product 64,499.16
10239,2022-02-28,8,58.16,INV-90383,SKU-7106,Product 38,465.28
10239,2022-03-17,12,139.24,INV-24260,SKU-2074,Product 53,1670.88
10239,2022-03-26,5,139.47,INV-26359,SKU-7118,Product 3,697.35
10239,2022-04-08,6,138.8,INV-73672,SKU-9345,Product 86,832.8000000000001
10239,2022-04-10,11,201.83,INV-82390,SKU-8637,Product 35,2220.13
10239,2022-05-23,9,179.8,INV-53013,SKU-8546,Product 74,1618.2
10239,2022-07-01,8,185.15,INV-10916,SKU-7126,Product 13,1481.2
10239,2022-07-09,9,61.92,INV-48286,SKU-3657,Product 13,557.28
10239,2022-07-22,14,213.52,INV-37217,SKU-8364,Product 14,2989.28
10239,2022-08-19,13,122.46,INV-59711,SKU-6441,Product 49,1591.98
10239,2022-09-01,3,168.62,INV-81818,SKU-6085,Product 91,505.86
10239,2022-09-05,7,218.81,INV-38223,SKU-1807,Product 51,1531.67
10239,2022-09-10,5,124.34,INV-67819,SKU-2049,Product 34,621.7
10239,2022-09-13,5,177.54,INV-86266,SKU-2996,Product 90,887.6999999999999
10239,2022-10-14,13,70.53,INV-52146,SKU-2733,Product 61,916.89
10239,2022-10-27,14,67.3,INV-33482,SKU-4676,Product 94,942.1999999999999
10240,2021-09-27,1,31.98,INV-61224,SKU-7911,Product 73,31.98
10241,2021-01-19,5,93.55,INV-35274,SKU-3853,Product 97,467.75
10241,2021-02-04,7,104.58,INV-41385,SKU-5663,Product 22,732.06
10241,2021-04-01,7,53.08,INV-31256,SKU-9638,Product 34,371.56
10241,2021-05-12,5,52.19,INV-86853,SKU-4406,Product 31,260.95
10241,2021-11-14,5,84.06,INV-41408,SKU-7501,Product 30,420.3
10241,2022-05-17,6,98.35,INV-97104,SKU-9746,Product 93,590.0999999999999
10241,2022-08-27,6,39.4,INV-90399,SKU-8007,Product 1,236.39999999999998
10241,2022-10-24,6,51.07,INV-82493,SKU-3692,Product 15,306.42
10242,2021-02-24,4,26.27,INV-75228,SKU-6766,Product 46,105.08
10242,2021-08-08,1,23.29,INV-31065,SKU-6633,Product 48,23.29
10242,2022-01-30,2,13.12,INV-74450,SKU-5121,Product 1,26.24
10242,2022-12-29,1,36.64,INV-44855,SKU-8817,Product 31,36.64
10243,2021-06-11,4,41.73,INV-97789,SKU-3121,Product 74,166.92
10243,2022-04-18,3,34.7,INV-42406,SKU-8494,Product 57,104.10000000000001
10243,2022-05-31,2,25.32,INV-87166,SKU-1855,Product 48,50.64
10243,2022-09-06,4,9.95,INV-55419,SKU-2913,Product 9,39.8
10243,2022-10-26,1,24.96,INV-61412,SKU-2429,Product 50,24.96
10244,2021-03-16,4,47.48,INV-92309,SKU-4638,Product 81,189.92
10244,2021-08-30,3,32.72,INV-37946,SKU-2552,Product 98,98.16
10244,2022-09-20,1,38.19,INV-70709,SKU-4078,Product 30,38.19
10244,2022-09-24,4,40.0,INV-84486,SKU-9938,Product 81,160.0
10244,2022-12-17,4,44.64,INV-19145,SKU-7658,Product 51,178.56
10244,2022-12-30,3,15.75,INV-46881,SKU-4911,Product 37,47.25
10245,2021-05-19,3,49.27,INV-57965,SKU-4349,Product 70,147.81
10245,2021-12-11,3,32.91,INV-57367,SKU-1734,Product 37,98.72999999999999
10245,2021-12-12,2,13.16,INV-91156,SKU-4865,Product 85,26.32
10245,2022-12-30,1,35.72,INV-96949,SKU-2460,Product 80,35.72
10246,2021-10-10,1,38.23,INV-30954,SKU-5453,Product 72,38.23
10246,2022-09-21,2,19.71,INV-61701,SKU-2216,Product 22,39.42
10246,2022-11-03,2,13.71,INV-44572,SKU-9112,Product 75,27.42
10247,2021-02-09,2,87.39,INV-38474,SKU-5307,Product 43,174.78
10247,2021-02-18,4,26.83,INV-82111,SKU-3908,Product 42,107.32
10247,2021-03-18,4,67.49,INV-31200,SKU-8188,Product 26,269.96
10247,2021-04-06,3,79.16,INV-11869,SKU-5648,Product 92,237.48
10247,2021-04-16,5,34.14,INV-25660,SKU-2928,Product 26,170.7
10247,2021-06-14,7,43.97,INV-12711,SKU-7228,Product 1,307.78999999999996
10247,2021-07-29,5,62.09,INV-76463,SKU-9797,Product 67,310.45000000000005
10247,2021-10-12,6,39.01,INV-98913,SKU-4598,Product 69,234.06
10247,2021-11-14,2,65.28,INV-82249,SKU-4183,Product 78,130.56
10247,2022-01-17,2,93.57,INV-57458,SKU-4307,Product 63,187.14
10247,2022-03-16,7,73.76,INV-40084,SKU-3654,Product 79,516.32
10247,2022-03-30,7,44.82,INV-83601,SKU-4147,Product 42,313.74
10247,2022-05-26,5,85.08,INV-32028,SKU-3419,Product 92,425.4
10248,2021-04-02,4,26.71,INV-97931,SKU-2899,Product 68,106.84
10249,2021-06-14,3,40.34,INV-29467,SKU-9030,Product 57,121.02000000000001
10249,2022-02-04,1,53.82,INV-23229,SKU-8802,Product 86,53.82
10249,2022-03-28,4,14.27,INV-32537,SKU-9178,Product 5,57.08
10249,2022-09-02,3,11.11,INV-83965,SKU-7453,Product 49,33.33
10249,2022-12-28,2,51.27,INV-21184,SKU-5429,Product 11,102.54
10250,2022-07-01,4,28.54,INV-82454,SKU-8008,Product 89,114.16
10250,2022-11-21,4,10.57,INV-75463,SKU-9678,Product 8,42.28
10251,2022-04-25,1,17.18,INV-36199,SKU-6224,Product 2,17.18
10252,2021-03-16,2,69.35,INV-67203,SKU-9653,Product 82,138.7
10252,2021-04-09,5,66.08,INV-22854,SKU-1245,Product 39,330.4
10252,2021-09-02,2,92.08,INV-38333,SKU-4181,Product 74,184.16
10252,2021-09-10,5,61.53,INV-11755,SKU-4390,Product 57,307.65
10252,2021-11-09,3,84.64,INV-22231,SKU-1274,Product 65,253.92000000000002
10252,2022-01-21,7,56.22,INV-25295,SKU-6787,Product 94,393.53999999999996
10252,2022-09-08,4,55.23,INV-21573,SKU-3555,Product 85,220.92
10252,2022-09-15,5,43.99,INV-21291,SKU-2408,Product 92,219.95000000000002
10252,2022-09-30,4,59.91,INV-91455,SKU-1051,Product 43,239.64
10252,2022-11-24,7,39.18,INV-73620,SKU-8670,Product 29,274.26
10253,2021-03-04,2,58.81,INV-50546,SKU-9079,Product 2,117.62
10253,2021-03-06,4,75.14,INV-13902,SKU-2352,Product 61,300.56
10253,2021-03-07,5,93.58,INV-28823,SKU-6587,Product 58,467.9
10253,2021-05-09,3,83.89,INV-33610,SKU-9032,Product 99,251.67000000000002
10253,2021-05-27,2,112.82,INV-47462,SKU-5651,Product 80,225.64
10253,2021-06-19,5,78.01,INV-79205,SKU-3481,Product 31,390.05
10253,2021-10-27,6,38.33,INV-21715,SKU-6426,Product 8,229.98
10253,2022-05-15,4,60.0,INV-87123,SKU-6291,Product 95,240.0
10253,2022-07-23,2,69.73,INV-55166,SKU-9949,Product 27,139.46
10254,2021-04-03,4,48.32,INV-25779,SKU-6492,Product 27,193.28
10254,2021-05-12,2,33.05,INV-52373,SKU-7395,Product 38,66.1
10254,2021-11-27,3,35.84,INV-22638,SKU-1179,Product 34,107.52000000000001
10254,2022-05-26,3,14.16,INV-34022,SKU-3538,Product 27,42.480000000000004
10255,2021-05-02,11,147.27,INV-61265,SKU-1957,Product 19,1619.97
10255,2021-05-09,9,79.78,INV-98894,SKU-6803,Product 67,718.02
10255,2021-05-19,10,185.01,INV-18884,SKU-4038,Product 26,1850.1
10255,2021-06-08,3,114.29,INV-75657,SKU-5313,Product 53,342.87
10255,2021-07-17,6,64.52,INV-71855,SKU-2909,Product 20,387.12
10255,2021-07-26,7,124.71,INV-20519,SKU-2646,Product 92,872.9699999999999
10255,2021-07-29,10,143.91,INV-31236,SKU-2104,Product 87,1439.1
10255,2021-08-25,12,186.34,INV-87006,SKU-1171,Product 30,2236.08
10255,2021-09-21,10,144.63,INV-20607,SKU-1535,Product 29,1446.3
10255,2021-09-30,13,179.33,INV-12976,SKU-8426,Product 87,2331.29
10255,2022-01-03,9,55.3,INV-81733,SKU-3283,Product 63,497.7
10255,2022-02-24,6,116.94,INV-31319,SKU-3447,Product 58,701.64
10255,2022-03-27,6,98.5,INV-37639,SKU-2153,Product 43,591.0
10255,2022-04-21,11,66.56,INV-21252,SKU-4341,Product 95,732.1600000000001
10255,2022-05-21,10,144.54,INV-79619,SKU-4340,Product 36,1445.3999999999999
10255,2022-05-27,5,100.27,INV-61866,SKU-2347,Product 17,501.34999999999997
10255,2022-10-12,5,92.8,INV-93021,SKU-5421,Product 50,464.0
10255,2022-10-17,4,140.36,INV-60416,SKU-3259,Product 86,561.44
10255,2022-10-18,6,134.46,INV-57083,SKU-3910,Product 79,806.76
10255,2022-10-31,12,164.7,INV-50378,SKU-3744,Product 89,1976.3999999999999
10256,2021-01-08,1,57.35,INV-97817,SKU-6782,Product 77,57.35
10256,2021-06-24,1,20.4,INV-49585,SKU-3065,Product 88,20.4
10256,2022-01-18,3,17.01,INV-61319,SKU-8979,Product 39,51.03
10256,2022-03-11,1,28.72,INV-95089,SKU-7413,Product 25,28.72
10256,2022-05-18,2,18.81,INV-94785,SKU-3575,Product 54,37.62
10256,2022-12-26,1,49.31,INV-71030,SKU-2152,Product 33,49.31
10257,2021-01-28,7,63.07,INV-34935,SKU-9219,Product 78,441.49
10257,2021-02-26,5,62.1,INV-45340,SKU-6940,Product 63,310.5
10257,2021-03-23,4,46.8,INV-83246,SKU-9663,Product 69,187.2
10257,2021-03-24,2,36.26,INV-25759,SKU-8517,Product 38,72.52
10257,2021-08-06,2,86.5,INV-65715,SKU-8289,Product 52,173.0
10257,2021-11-01,7,96.33,INV-41257,SKU-2943,Product 56,674.31
10257,2021-11-06,7,30.46,INV-57544,SKU-1857,Product 10,213.22
10257,2021-11-07,6,40.3,INV-74930,SKU-2526,Product 27,241.79999999999998
10257,2022-09-08,4,36.27,INV-81979,SKU-5759,Product 44,145.08
10257,2022-10-23,5,63.47,INV-14539,SKU-3473,Product 91,317.35
10257,2022-11-10,2,45.06,INV-22501,SKU-4477,Product 52,90.12
10257,2022-12-17,7,92.26,INV-12488,SKU-2512,Product 84,645.82
10258,2021-03-04,3,164.61,INV-58555,SKU-6176,Product 66,493.83000000000004
10258,2021-03-11,5,87.1,INV-40319,SKU-5227,Product 96,435.5
10258,2021-04-30,9,90.35,INV-62196,SKU-6530,Product 1,813.15
10258,2021-06-05,7,92.6,INV-61739,SKU-1289,Product 53,648.1999999999999
10258,2021-06-11,9,175.3,INV-54383,SKU-7040,Product 61,1577.7
10258,2021-06-14,9,113.45,INV-78145,SKU-1082,Product 68,1021.0500000000001
10258,2021-08-24,13,62.73,INV-57634,SKU-6048,Product 19,815.49
10258,2021-09-10,13,57.57,INV-78322,SKU-8169,Product 21,748.41
10258,2021-09-18,13,121.43,INV-73153,SKU-2026,Product 82,1578.5900000000001
10258,2021-10-27,6,85.82,INV-67966,SKU-5787,Product 35,514.92
10258,2021-11-07,10,165.68,INV-74806,SKU-3442,Product 88,1656.8000000000002
10258,2021-11-10,4,122.3,INV-24665,SKU-4473,Product 13,489.2
10258,2022-02-16,7,83.91,INV-51534,SKU-1220,Product 59,587.37
10258,2022-02-28,9,182.19,INV-10455,SKU-8643,Product 82,1639.71
10258,2022-04-13,8,104.24,INV-97028,SKU-3162,Product 54,833.92
10258,2022-05-21,5,114.38,INV-74339,SKU-9185,Product 1,571.9
10258,2022-05-23,9,68.13,INV-88776,SKU-8409,Product 20,613.17
10258,2022-05-24,9,55.58,INV-22467,SKU-4191,Product 28,500.21999999999997
10258,2022-05-24,12,144.9,INV-18307,SKU-8342,Product 93,1738.8000000000002
10258,2022-07-07,6,138.19,INV-71274,SKU-7050,Product 70,829.14
10258,2022-09-08,12,168.83,INV-97054,SKU-5242,Product 16,2025.96
10258,2022-09-26,10,124.95,INV-51445,SKU-9391,Product 63,1249.5
10258,2022-10-15,9,92.21,INV-87997,SKU-1089,Product 33,829.89
10258,2022-10-23,11,151.23,INV-54619,SKU-8230,Product 52,1663.53
10258,2022-11-18,14,126.38,INV-75580,SKU-2686,Product 98,1769.32
10258,2022-12-27,11,162.15,INV-63276,SKU-1965,Product 17,1783.65
10259,2021-01-16,7,146.83,INV-40624,SKU-3180,Product 85,1027.8100000000002
10259,2021-02-14,6,49.95,INV-57119,SKU-1900,Product 65,299.70000000000005
10259,2021-03-31,8,129.74,INV-16137,SKU-3876,Product 43,1037.92
10259,2021-05-10,4,73.64,INV-11455,SKU-2890,Product 51,294.56
10259,2021-06-13,7,61.74,INV-61955,SKU-1888,Product 73,432.18
10259,2021-07-26,7,116.46,INV-29788,SKU-3768,Product 96,815.2199999999999
10259,2021-08-01,6,40.38,INV-29984,SKU-1050,Product 63,242.28000000000003
10259,2021-09-14,6,133.9,INV-82690,SKU-1592,Product 60,803.4000000000001
10259,2021-10-28,14,145.33,INV-79690,SKU-3778,Product 10,2034.6200000000001
10259,2021-12-04,10,69.33,INV-82651,SKU-3256,Product 31,693.3
10259,2021-12-06,11,93.33,INV-45902,SKU-2587,Product 10,1026.6299999999999
10259,2022-01-14,6,164.61,INV-73598,SKU-6606,Product 25,987.6600000000001
10259,2022-01-25,12,120.7,INV-43149,SKU-5356,Product 31,1448.4
10259,2022-03-31,6,201.72,INV-52084,SKU-1293,Product 38,1210.32
10259,2022-05-14,3,121.4,INV-87042,SKU-9208,Product 22,364.20000000000005
10259,2022-06-19,3,54.36,INV-39605,SKU-7066,Product 15,163.07999999999998
10259,2022-07-24,10,196.98,INV-92357,SKU-4749,Product 90,1969.8
10259,2022-08-31,5,114.79,INV-94307,SKU-3693,Product 91,573.95
10260,2021-02-19,10,61.35,INV-10038,SKU-9920,Product 60,613.5
10260,2021-03-23,7,154.03,INV-89082,SKU-7805,Product 21,1078.21
10260,2021-04-23,10,89.68,INV-75640,SKU-2739,Product 57,896.8000000000001
10260,2021-04-30,5,83.46,INV-79702,SKU-3925,Product 50,417.29999999999995
10260,2021-05-05,5,137.48,INV-15691,SKU-6729,Product 34,687.4
10260,2021-05-10,8,75.71,INV-59631,SKU-2935,Product 46,605.68
10260,2021-05-23,14,137.37,INV-75896,SKU-5599,Product 57,1923.18
10260,2021-06-05,4,134.92,INV-32542,SKU-1178,Product 61,539.68
10260,2021-09-01,13,158.0,INV-49605,SKU-7467,Product 78,2054.0
10260,2021-12-08,5,155.07,INV-72284,SKU-6690,Product 65,775.3499999999999
10260,2022-01-22,3,83.92,INV-95358,SKU-9768,Product 38,251.76
10260,2022-03-28,14,210.62,INV-82793,SKU-7213,Product 39,2948.6800000000003
10260,2022-04-08,13,78.22,INV-66552,SKU-5556,Product 30,1016.86
10260,2022-04-15,5,200.59,INV-28325,SKU-1204,Product 65,1002.95
10260,2022-06-03,7,102.04,INV-72582,SKU-1168,Product 19,714.2800000000001
10260,2022-07-03,14,65.28,INV-77264,SKU-2249,Product 24,913.9200000000001
10260,2022-07-06,3,174.92,INV-62592,SKU-1209,Product 82,524.76
10260,2022-09-25,9,180.43,INV-31106,SKU-7015,Product 3,1623.8700000000001
10260,2022-09-26,4,113.1,INV-28658,SKU-8523,Product 38,452.4
10260,2022-10-12,10,96.78,INV-39371,SKU-7915,Product 8,967.8
10260,2022-11-16,7,124.22,INV-63685,SKU-1161,Product 73,869.54
10260,2022-12-16,5,129.63,INV-86752,SKU-3397,Product 19,648.15
10262,2021-01-22,4,55.02,INV-31091,SKU-1900,Product 14,220.08
10262,2021-05-14,3,77.5,INV-19036,SKU-6645,Product 13,232.5
10262,2021-06-28,3,36.06,INV-26786,SKU-4838,Product 60,108.18
10262,2022-03-13,2,82.14,INV-61662,SKU-9285,Product 40,164.28
10262,2022-04-08,7,36.28,INV-87111,SKU-2844,Product 85,253.96
10262,2022-05-07,2,46.7,INV-56930,SKU-9853,Product 20,93.4
10262,2022-08-25,2,36.08,INV-11528,SKU-5571,Product 45,72.16
10263,2021-01-28,4,16.91,INV-31031,SKU-7681,Product 14,67.64
10263,2021-10-11,3,20.53,INV-54291,SKU-8278,Product 34,61.59
10263,2022-02-03,4,10.19,INV-95968,SKU-2177,Product 82,40.76
10263,2022-04-22,4,51.96,INV-51382,SKU-2141,Product 24,207.84
10263,2022-10-22,4,15.56,INV-98377,SKU-5866,Product 63,62.24
10264,2021-07-18,1,23.25,INV-95024,SKU-5355,Product 3,23.25
10264,2021-08-10,4,32.76,INV-89162,SKU-3173,Product 7,131.04
10264,2021-09-03,3,19.91,INV-91110,SKU-4787,Product 7,59.730000000000004
10264,2021-11-02,4,15.55,INV-38453,SKU-4036,Product 37,62.2
10264,2022-09-20,3,26.17,INV-59817,SKU-9400,Product 56,78.51
10264,2022-12-05,3,14.02,INV-34774,SKU-4232,Product 7,42.06
10264,2022-12-27,4,45.87,INV-52103,SKU-2331,Product 68,183.48
10265,2021-01-22,5,84.25,INV-34172,SKU-3684,Product 71,421.25
10265,2021-04-12,8,151.24,INV-65123,SKU-2602,Product 8,1209.92
10265,2021-05-14,5,115.84,INV-90865,SKU-5264,Product 62,579.2
10265,2021-05-23,9,99.54,INV-41746,SKU-5865,Product 16,895.86
10265,2021-06-01,12,183.99,INV-72278,SKU-2853,Product 90,2207.88
10265,2021-06-09,4,156.78,INV-52290,SKU-3557,Product 63,627.12
10265,2021-07-29,8,235.47,INV-92542,SKU-3337,Product 11,1883.76
10265,2021-10-17,9,162.59,INV-20535,SKU-2560,Product 99,1463.31
10265,2021-12-15,7,100.51,INV-40058,SKU-2942,Product 13,703.57
10265,2021-12-19,10,135.94,INV-32674,SKU-1551,Product 6,1359.4
10265,2022-01-21,6,52.53,INV-59832,SKU-2515,Product 56,315.18
10265,2022-02-16,10,121.65,INV-78143,SKU-6930,Product 98,1216.5
10265,2022-02-18,3,222.24,INV-40535,SKU-8103,Product 37,666.72
10265,2022-03-31,8,135.05,INV-11831,SKU-2569,Product 96,1080.4
10265,2022-06-10,13,163.36,INV-48188,SKU-1607,Product 43,2123.6800000000003
10265,2022-07-05,13,115.04,INV-43445,SKU-3489,Product 65,1495.52
10265,2022-10-26,3,114.53,INV-68597,SKU-1309,Product 57,343.59000000000003
10265,2022-10-26,6,109.36,INV-75036,SKU-8907,Product 45,656.16
10265,2022-11-23,5,200.37,INV-74061,SKU-5125,Product 38,1001.85
10265,2022-11-23,14,157.25,INV-94195,SKU-2918,Product 89,2201.5
10265,2022-11-30,3,118.17,INV-17791,SKU-6336,Product 32,354.51
10266,2021-08-02,4,24.86,INV-14899,SKU-2935,Product 59,99.44
10266,2021-12-14,2,15.29,INV-19743,SKU-3632,Product 96,30.58
10266,2022-02-10,2,43.08,INV-79980,SKU-3964,Product 7,86.16
10266,2022-06-19,3,34.47,INV-93220,SKU-7649,Product 14,103.41
10267,2021-02-28,1,25.58,INV-73674,SKU-6038,Product 43,25.58
10267,2022-04-08,2,43.22,INV-50252,SKU-4570,Product 43,86.44
10267,2022-09-12,2,32.85,INV-48469,SKU-1958,Product 58,65.7
10267,2022-10-31,3,31.31,INV-49468,SKU-3094,Product 16,93.92999999999999
10267,2022-11-26,1,28.77,INV-17163,SKU-3470,Product 32,28.77
10267,2022-12-15,2,30.16,INV-72150,SKU-7732,Product 19,60.32
10268,2022-09-17,3,34.87,INV-22671,SKU-5986,Product 47,104.60999999999999
10269,2021-01-02,14,155.76,INV-98780,SKU-9044,Product 39,2180.64
10269,2021-06-15,14,206.38,INV-16590,SKU-8658,Product 49,2889.3199999999997
10269,2021-07-17,10,125.22,INV-58121,SKU-2224,Product 70,1252.2
10269,2021-09-16,12,156.14,INV-87373,SKU-9787,Product 5,1873.6799999999998
10269,2021-10-13,10,162.28,INV-96988,SKU-6480,Product 98,1622.8
10269,2021-12-15,4,100.01,INV-52020,SKU-4351,Product 77,400.04
10269,2021-12-29,10,90.92,INV-46109,SKU-6550,Product 21,909.2
10269,2022-01-05,12,159.22,INV-96142,SKU-5320,Product 17,1910.6399999999999
10269,2022-01-14,13,134.38,INV-97346,SKU-9352,Product 18,1746.94
10269,2022-02-04,9,216.98,INV-50828,SKU-4990,Product 91,1952.82
10269,2022-02-23,11,140.84,INV-74156,SKU-7363,Product 11,1549.24
10269,2022-02-26,4,100.96,INV-25704,SKU-2423,Product 79,403.84
10269,2022-04-25,9,186.33,INV-86668,SKU-9203,Product 83,1676.97
10269,2022-05-08,14,101.93,INV-41514,SKU-7266,Product 99,1427.02
10269,2022-07-16,10,76.3,INV-93098,SKU-4855,Product 10,763.0
10269,2022-08-16,11,186.8,INV-41028,SKU-9813,Product 99,2054.8
10269,2022-08-24,12,81.31,INV-78376,SKU-2774,Product 79,975.72
10269,2022-08-27,14,58.99,INV-31123,SKU-1458,Product 29,825.86
10269,2022-09-06,5,157.11,INV-40238,SKU-1760,Product 47,785.5500000000001
10269,2022-11-07,4,68.52,INV-44626,SKU-4649,Product 99,274.08
10270,2021-01-17,1,28.35,INV-48291,SKU-5499,Product 43,28.35
10270,2021-05-18,4,41.79,INV-43183,SKU-4337,Product 29,167.16
10270,2021-08-12,1,50.65,INV-75598,SKU-3062,Product 30,50.65
10270,2022-03-06,2,22.82,INV-42175,SKU-5621,Product 81,45.64
10270,2022-10-13,1,52.4,INV-81889,SKU-3751,Product 44,52.4
10270,2022-10-17,4,16.57,INV-68097,SKU-5808,Product 28,66.28
10271,2021-03-03,4,28.02,INV-20795,SKU-2180,Product 62,112.08
10271,2021-04-28,2,37.74,INV-83779,SKU-3410,Product 29,75.48
10271,2021-06-16,1,19.0,INV-74173,SKU-8037,Product 98,19.0
10271,2021-08-13,3,29.17,INV-43890,SKU-5365,Product 50,87.51
10271,2021-11-13,1,13.39,INV-33826,SKU-5182,Product 26,13.39
10271,2021-12-11,4,31.13,INV-69622,SKU-6063,Product 19,124.52
10271,2022-03-01,2,11.55,INV-51785,SKU-4779,Product 67,23.1
10271,2022-03-24,2,38.67,INV-32523,SKU-8174,Product 88,77.34
10271,2022-05-25,2,25.07,INV-76196,SKU-4178,Product 62,50.14
10271,2022-06-26,2,31.88,INV-68425,SKU-1418,Product 9,63.76
10271,2022-07-10,1,13.54,INV-17354,SKU-5516,Product 17,13.54
10271,2022-08-05,3,23.72,INV-66866,SKU-4064,Product 10,71.16
10272,2021-01-10,11,124.86,INV-67158,SKU-9537,Product 72,1373.46
10272,2021-03-11,5,204.92,INV-92673,SKU-6448,Product 77,1024.6
10272,2021-05-23,10,93.12,INV-93894,SKU-5501,Product 21,931.2
10272,2021-07-15,10,61.41,INV-25839,SKU-3155,Product 7,614.0999999999999
10272,2021-08-04,14,63.68,INV-83829,SKU-8854,Product 69,891.52
10272,2021-09-13,4,152.2,INV-59483,SKU-5210,Product 12,608.8
10272,2021-09-17,12,83.66,INV-95997,SKU-3439,Product 96,1003.92
10272,2021-10-23,11,202.78,INV-71491,SKU-8728,Product 62,2230.58
10272,2021-11-10,7,62.3,INV-16037,SKU-2155,Product 77,436.09999999999997
10272,2021-11-13,11,96.65,INV-21964,SKU-9237,Product 55,1063.15
10272,2021-12-15,13,195.14,INV-82599,SKU-4337,Product 7,2536.8199999999997
10272,2022-01-27,5,164.54,INV-96989,SKU-1203,Product 88,822.6999999999999
10272,2022-02-01,3,162.32,INV-39237,SKU-4978,Product 40,486.96
10272,2022-03-30,8,151.79,INV-42716,SKU-7880,Product 22,1214.32
10272,2022-04-04,7,152.24,INV-68123,SKU-9720,Product 30,1065.68
10272,2022-04-11,9,99.91,INV-63984,SKU-3211,Product 30,899.1899999999999
10272,2022-04-18,6,111.49,INV-91041,SKU-1781,Product 18,668.9399999999999
10272,2022-05-05,5,191.84,INV-72564,SKU-9173,Product 17,959.2
10272,2022-05-30,5,215.45,INV-69491,SKU-4395,Product 73,1077.25
10272,2022-07-26,3,118.63,INV-82095,SKU-8620,Product 87,355.89
10272,2022-07-26,11,147.45,INV-12469,SKU-2474,Product 43,1621.9499999999998
10272,2022-08-05,12,97.25,INV-61920,SKU-9785,Product 17,1167.0
10272,2022-09-20,5,149.59,INV-61370,SKU-2389,Product 16,747.95
10272,2022-10-05,5,153.66,INV-52605,SKU-9556,Product 44,768.3
10272,2022-10-26,4,172.01,INV-77696,SKU-8333,Product 86,688.04
10272,2022-12-02,9,130.88,INV-28325,SKU-4148,Product 80,1177.92
10272,2022-12-13,3,84.31,INV-22930,SKU-5333,Product 24,252.93
10272,2022-12-17,11,66.03,INV-75435,SKU-4816,Product 44,726.33
10272,2022-12-29,4,161.67,INV-46740,SKU-4232,Product 43,646.68
10273,2021-01-01,12,160.16,INV-72969,SKU-4892,Product 29,1921.92
10273,2021-01-03,5,218.5,INV-16902,SKU-5263,Product 95,1092.5
10273,2021-03-08,12,68.85,INV-31346,SKU-8150,Product 94,826.1999999999999
10273,2021-04-09,8,127.33,INV-90225,SKU-1353,Product 91,1018.64
10273,2021-04-23,3,84.85,INV-31220,SKU-1459,Product 10,254.54999999999998
10273,2021-04-25,14,107.78,INV-71687,SKU-4723,Product 62,1508.92
10273,2021-05-21,5,85.05,INV-16500,SKU-6851,Product 99,425.25
10273,2021-05-28,8,172.77,INV-81507,SKU-1510,Product 80,1382.16
10273,2021-07-15,13,109.43,INV-39471,SKU-3261,Product 44,1422.5900000000001
10273,2021-07-20,3,56.75,INV-66316,SKU-2147,Product 47,170.25
10273,2021-07-26,5,91.75,INV-44369,SKU-4843,Product 1,458.75
10273,2021-08-15,10,129.43,INV-10910,SKU-5702,Product 11,1294.3000000000002
10273,2021-10-06,6,143.01,INV-18039,SKU-9198,Product 51,858.06
10273,2021-10-27,11,111.74,INV-37563,SKU-2362,Product 30,1229.1399999999999
10273,2021-10-28,9,69.56,INV-18793,SKU-4614,Product 4,626.04
10273,2021-10-30,13,55.47,INV-24687,SKU-7153,Product 26,721.11
10273,2022-01-23,12,187.93,INV-21549,SKU-6680,Product 12,2255.16
10273,2022-02-05,7,158.11,INV-95209,SKU-5438,Product 99,1106.77
10273,2022-02-08,8,229.3,INV-58365,SKU-3057,Product 24,1834.4
10273,2022-03-11,8,110.83,INV-45860,SKU-6527,Product 16,886.64
10273,2022-03-21,12,164.83,INV-34615,SKU-8739,Product 88,1977.96
10273,2022-07-06,6,72.07,INV-28344,SKU-5272,Product 15,432.41999999999996
10273,2022-08-08,14,84.67,INV-62136,SKU-4807,Product 69,1185.38
10273,2022-08-26,3,115.75,INV-53744,SKU-4041,Product 97,347.25
10273,2022-08-29,7,197.01,INV-31399,SKU-3496,Product 10,1379.07
10273,2022-09-11,14,87.93,INV-27048,SKU-4454,Product 21,1231.02
10273,2022-10-26,7,118.89,INV-46901,SKU-1659,Product 25,832.23
10273,2022-10-26,8,149.11,INV-78269,SKU-6251,Product 7,1192.88
10273,2022-12-21,7,197.21,INV-59104,SKU-7343,Product 2,1380.47
10274,2021-03-24,4,28.33,INV-57850,SKU-5722,Product 90,113.32
10274,2022-07-17,2,26.36,INV-67297,SKU-3537,Product 83,52.72
10274,2022-11-03,3,43.49,INV-11832,SKU-9600,Product 3,130.47
10275,2021-01-14,6,94.64,INV-55511,SKU-5091,Product 60,567.84
10275,2021-02-02,9,123.36,INV-16621,SKU-1586,Product 95,1110.24
10275,2021-03-22,3,199.82,INV-32873,SKU-9384,Product 32,599.46
10275,2021-04-26,7,101.72,INV-98202,SKU-1142,Product 10,712.04
10275,2021-04-30,8,181.18,INV-24378,SKU-3451,Product 33,1449.44
10275,2021-06-26,5,145.03,INV-81742,SKU-3181,Product 62,725.15
10275,2021-07-02,12,230.44,INV-80270,SKU-4629,Product 66,2765.2799999999997
10275,2021-08-03,6,154.36,INV-39288,SKU-4261,Product 45,926.1600000000001
10275,2021-09-11,10,108.9,INV-82150,SKU-1512,Product 68,1089.0
10275,2021-10-01,12,163.64,INV-95809,SKU-8951,Product 87,1963.6799999999998
10275,2021-11-20,8,131.44,INV-93035,SKU-2781,Product 11,1051.52
10275,2022-01-26,3,224.02,INV-11145,SKU-6579,Product 85,672.0600000000001
10275,2022-05-30,9,191.68,INV-24432,SKU-1895,Product 10,1725.1200000000001
10275,2022-06-01,13,165.84,INV-86730,SKU-7625,Product 13,2155.92
10275,2022-06-04,10,202.56,INV-20002,SKU-4201,Product 6,2025.6
10275,2022-06-17,3,76.89,INV-22417,SKU-1186,Product 37,230.67000000000002
10275,2022-07-08,10,110.67,INV-10368,SKU-3849,Product 31,1106.7
10275,2022-07-12,7,65.08,INV-18463,SKU-3369,Product 38,455.56
10275,2022-09-10,14,65.34,INV-83974,SKU-2082,Product 44,914.76
10275,2022-09-16,14,101.94,INV-99875,SKU-6353,Product 62,1427.1599999999999
10275,2022-10-17,7,97.0,INV-69489,SKU-6128,Product 31,679.0
10275,2022-10-19,4,133.73,INV-60920,SKU-7591,Product 63,534.92
10275,2022-11-19,12,113.36,INV-88931,SKU-7523,Product 31,1360.32
10276,2021-08-18,2,15.48,INV-49128,SKU-2847,Product 62,30.96
10276,2021-09-18,2,28.29,INV-44370,SKU-3256,Product 62,56.58
10276,2021-10-13,2,18.92,INV-15673,SKU-4367,Product 16,37.84
10276,2022-02-05,2,41.11,INV-47980,SKU-3118,Product 70,82.22
10276,2022-11-29,3,12.35,INV-12733,SKU-5067,Product 54,37.05
10277,2021-02-15,3,70.17,INV-45697,SKU-1721,Product 13,210.51
10277,2021-03-05,4,32.7,INV-32757,SKU-4948,Product 51,130.8
10277,2021-04-15,5,54.34,INV-55642,SKU-7742,Product 15,271.70000000000005
10277,2021-07-01,6,74.21,INV-74043,SKU-4525,Product 62,445.26
10277,2021-12-30,2,43.87,INV-37569,SKU-8105,Product 45,87.74
10277,2022-07-14,5,50.73,INV-77151,SKU-5026,Product 88,253.64999999999998
10277,2022-07-21,3,48.9,INV-55153,SKU-3413,Product 89,146.7
10277,2022-07-23,4,62.26,INV-71669,SKU-8906,Product 20,249.04
10277,2022-09-01,4,89.46,INV-59376,SKU-3520,Product 1,357.84
10277,2022-09-08,5,68.08,INV-36797,SKU-6137,Product 70,340.4
10277,2022-10-31,7,52.58,INV-50000,SKU-5288,Product 57,368.06
10277,2022-11-18,4,61.58,INV-57589,SKU-4534,Product 6,246.32
10277,2022-11-20,5,59.42,INV-66340,SKU-2467,Product 23,297.1
10278,2021-05-09,2,31.59,INV-65027,SKU-8212,Product 72,63.18
10279,2021-01-26,1,44.53,INV-87818,SKU-4726,Product 38,44.53
10279,2022-01-01,4,41.12,INV-80313,SKU-8265,Product 41,164.48
10279,2022-07-19,3,44.72,INV-10774,SKU-1056,Product 16,134.16
10280,2021-01-25,11,160.55,INV-10694,SKU-8807,Product 61,1766.0500000000002
10280,2021-03-17,3,152.38,INV-65833,SKU-8613,Product 61,457.14
10280,2021-03-19,8,77.03,INV-75841,SKU-2384,Product 22,616.24
10280,2021-03-29,14,148.18,INV-38318,SKU-5204,Product 24,2074.52
10280,2021-04-10,5,158.3,INV-55964,SKU-3109,Product 86,791.5
10280,2021-05-31,12,105.66,INV-73182,SKU-5214,Product 84,1267.92
10280,2021-06-08,10,229.83,INV-66924,SKU-6379,Product 25,2298.3
10280,2021-09-03,4,110.08,INV-10014,SKU-2674,Product 34,440.32
10280,2021-11-23,14,78.88,INV-46160,SKU-8537,Product 98,1104.32
10280,2022-01-18,13,149.54,INV-20842,SKU-8742,Product 92,1944.02
10280,2022-07-07,7,145.66,INV-12486,SKU-2155,Product 99,1019.62
10280,2022-07-17,3,56.8,INV-55317,SKU-1859,Product 9,170.39999999999998
10280,2022-08-21,14,196.99,INV-13543,SKU-2781,Product 33,2757.86
10280,2022-10-12,5,168.91,INV-86177,SKU-4967,Product 55,844.55
10280,2022-11-07,10,151.49,INV-66668,SKU-7836,Product 13,1514.9
10281,2021-02-19,7,117.21,INV-38031,SKU-1242,Product 7,820.4699999999999
10281,2021-03-29,12,93.3,INV-16581,SKU-5543,Product 47,1119.6
10281,2021-04-19,6,131.49,INV-13514,SKU-9454,Product 40,788.94
10281,2021-04-28,5,59.09,INV-69973,SKU-8841,Product 96,295.45000000000005
10281,2021-05-21,13,152.76,INV-50185,SKU-6566,Product 87,1985.8799999999999
10281,2021-07-22,13,229.1,INV-87911,SKU-6129,Product 52,2978.2999999999997
10281,2021-09-08,4,64.52,INV-15217,SKU-4142,Product 39,258.08
10281,2021-10-15,3,83.08,INV-44603,SKU-3177,Product 79,249.24
10281,2022-02-15,12,68.34,INV-31118,SKU-5689,Product 53,820.08
10281,2022-02-28,6,127.34,INV-58526,SKU-2041,Product 50,764.04
10281,2022-03-02,12,121.6,INV-24212,SKU-5486,Product 16,1459.1999999999998
10281,2022-03-03,11,68.55,INV-48700,SKU-4905,Product 64,754.05
10281,2022-03-08,8,115.07,INV-50503,SKU-3132,Product 22,920.56
10281,2022-06-16,7,89.24,INV-72395,SKU-2803,Product 59,624.68
10281,2022-06-25,7,145.25,INV-45892,SKU-2753,Product 73,1016.75
10281,2022-06-26,5,155.63,INV-24840,SKU-3376,Product 68,778.15
10281,2022-09-03,10,61.91,INV-27273,SKU-8902,Product 80,619.0999999999999
10281,2022-09-11,9,73.33,INV-86176,SKU-8471,Product 91,659.97
10281,2022-10-11,3,84.76,INV-62714,SKU-2499,Product 7,254.28000000000003
10281,2022-10-17,10,85.0,INV-70324,SKU-4757,Product 41,850.0
10281,2022-11-14,8,174.6,INV-12973,SKU-6045,Product 90,1396.8
10281,2022-11-30,6,133.25,INV-97464,SKU-1372,Product 60,799.5
10281,2022-12-10,7,149.69,INV-32277,SKU-5445,Product 26,1047.83
10281,2022-12-21,9,136.07,INV-59984,SKU-9988,Product 48,1224.6299999999999
10282,2021-06-17,2,47.8,INV-29329,SKU-9102,Product 51,95.6
10282,2021-10-22,4,33.72,INV-65126,SKU-9977,Product 42,134.88
10282,2022-03-05,3,53.52,INV-59855,SKU-3523,Product 80,160.56
10282,2022-05-15,1,24.69,INV-30698,SKU-3508,Product 23,24.69
10282,2022-11-22,4,24.95,INV-78879,SKU-4501,Product 47,99.8
10283,2021-04-28,3,19.7,INV-36799,SKU-7668,Product 59,59.099999999999994
10283,2021-05-13,2,26.7,INV-22861,SKU-8834,Product 29,53.4
10283,2021-08-22,4,44.66,INV-25456,SKU-2844,Product 83,178.64
10283,2022-06-22,1,22.97,INV-70598,SKU-1863,Product 36,22.97
10283,2022-11-13,1,43.42,INV-55330,SKU-9909,Product 38,43.42
10283,2022-11-16,2,24.04,INV-81249,SKU-8311,Product 53,48.08
10284,2022-03-12,1,49.67,INV-87467,SKU-8601,Product 60,49.67
10284,2022-07-07,2,48.98,INV-89552,SKU-7542,Product 90,97.96
10285,2021-03-16,2,44.68,INV-68769,SKU-1170,Product 32,89.36
10285,2021-03-30,5,96.91,INV-76548,SKU-5285,Product 6,484.54999999999995
10285,2021-06-03,6,76.18,INV-53278,SKU-1857,Product 46,457.08000000000004
10285,2021-06-07,7,91.51,INV-92080,SKU-2425,Product 70,640.57
10285,2021-10-13,3,100.12,INV-86944,SKU-4193,Product 27,300.36
10285,2021-10-22,2,57.52,INV-45607,SKU-1467,Product 92,115.04
10285,2021-11-28,3,38.42,INV-82082,SKU-9396,Product 68,115.26
10285,2021-12-10,4,35.08,INV-73828,SKU-2643,Product 81,140.32
10285,2022-01-18,6,62.41,INV-23102,SKU-3182,Product 14,374.46
10285,2022-01-29,7,78.7,INV-16630,SKU-1565,Product 86,550.9
10285,2022-04-01,6,44.18,INV-46524,SKU-6454,Product 84,265.08
10285,2022-10-23,7,75.01,INV-24746,SKU-6891,Product 51,525.07
10286,2021-01-16,3,38.49,INV-12304,SKU-7920,Product 51,115.47
10286,2021-03-17,5,94.58,INV-85511,SKU-4722,Product 98,472.9
10286,2021-05-20,7,78.87,INV-87350,SKU-9479,Product 51,552.09
10286,2021-10-28,7,92.14,INV-73038,SKU-4090,Product 91,644.98
10286,2021-10-29,6,56.88,INV-78196,SKU-7856,Product 74,341.28000000000003
10286,2021-12-17,4,62.4,INV-95119,SKU-7103,Product 27,249.6
10286,2022-01-22,2,72.07,INV-69538,SKU-8377,Product 30,144.14
10286,2022-03-02,4,87.7,INV-97116,SKU-1732,Product 9,350.8
10286,2022-04-06,7,64.85,INV-97610,SKU-6905,Product 60,453.94999999999993
10286,2022-04-13,5,30.18,INV-31167,SKU-6599,Product 72,150.9
10286,2022-04-22,6,109.42,INV-84332,SKU-3536,Product 26,656.52
10286,2022-04-27,6,58.91,INV-12560,SKU-6139,Product 36,353.46
10286,2022-07-20,4,43.93,INV-42700,SKU-7243,Product 21,175.72
10286,2022-08-25,5,61.99,INV-96980,SKU-7815,Product 93,309.95
10286,2022-09-05,3,73.27,INV-24671,SKU-5701,Product 80,219.81
10286,2022-09-17,6,79.01,INV-35268,SKU-2332,Product 94,474.06000000000006
10286,2022-12-15,2,84.05,INV-83131,SKU-1424,Product 3,168.1
10287,2021-01-02,5,79.98,INV-28300,SKU-7996,Product 93,399.90000000000003
10287,2021-04-16,11,115.9,INV-17025,SKU-8624,Product 7,1274.9
10287,2021-04-19,10,75.49,INV-49358,SKU-1120,Product 61,754.9
10287,2021-06-08,3,88.93,INV-80572,SKU-8127,Product 9,266.79
10287,2021-06-09,10,95.67,INV-32701,SKU-8003,Product 91,956.7
10287,2021-06-12,3,63.54,INV-12013,SKU-1447,Product 57,190.62
10287,2021-09-19,11,141.12,INV-99299,SKU-8280,Product 44,1552.3200000000002
10287,2021-10-25,12,91.52,INV-22220,SKU-4965,Product 37,1098.24
10287,2021-10-28,11,55.77,INV-91686,SKU-1446,Product 61,613.47
10287,2022-01-13,8,148.79,INV-63260,SKU-9978,Product 21,1190.32
10287,2022-01-25,7,179.63,INV-15293,SKU-5051,Product 22,1257.4099999999999
10287,2022-03-19,7,144.86,INV-23418,SKU-3015,Product 18,1014.0200000000001
10287,2022-05-19,6,170.38,INV-31912,SKU-2263,Product 64,1022.28
10287,2022-06-03,11,92.18,INV-61331,SKU-5967,Product 48,1013.98
10287,2022-06-13,10,128.76,INV-70445,SKU-3959,Product 52,1287.6
10287,2022-06-14,12,224.44,INV-75263,SKU-8120,Product 21,2693.2799999999997
10287,2022-06-27,6,137.47,INV-57640,SKU-8260,Product 87,824.8199999999999
10287,2022-07-29,3,83.1,INV-26860,SKU-6283,Product 24,249.29999999999998
10287,2022-07-31,10,127.44,INV-57429,SKU-1079,Product 90,1274.4
10287,2022-08-25,12,154.55,INV-34714,SKU-3506,Product 70,1854.6000000000001
10287,2022-09-29,3,117.79,INV-87222,SKU-4054,Product 18,353.37
10287,2022-11-04,14,92.14,INV-60513,SKU-7817,Product 53,1289.96
10287,2022-11-17,4,172.32,INV-31694,SKU-1456,Product 65,689.28
10287,2022-12-09,5,61.88,INV-12140,SKU-4671,Product 35,309.40000000000003
10287,2022-12-17,11,90.93,INV-69872,SKU-8235,Product 46,1000.23
10288,2021-11-22,3,31.2,INV-78461,SKU-7833,Product 53,93.6
10288,2022-05-12,3,35.89,INV-47500,SKU-2017,Product 51,107.67
10288,2022-09-05,3,32.09,INV-75242,SKU-4752,Product 49,96.27000000000001
10289,2021-01-17,4,159.67,INV-71724,SKU-5318,Product 81,638.68
10289,2021-11-06,13,199.73,INV-37749,SKU-5830,Product 68,2596.49
10289,2021-12-25,8,141.67,INV-99461,SKU-1815,Product 6,1133.36
10289,2022-02-07,14,144.25,INV-68215,SKU-1834,Product 89,2019.5
10289,2022-03-01,9,167.79,INV-66354,SKU-9266,Product 48,1510.11
10289,2022-03-19,6,152.64,INV-20797,SKU-7247,Product 80,915.8399999999999
10289,2022-03-29,13,63.36,INV-28895,SKU-1246,Product 90,823.68
10289,2022-04-04,3,126.21,INV-42548,SKU-2987,Product 76,378.63
10289,2022-05-14,9,169.63,INV-80610,SKU-9624,Product 45,1526.67
10289,2022-06-27,9,155.76,INV-74605,SKU-1443,Product 95,1401.84
10289,2022-07-23,12,114.74,INV-57761,SKU-7606,Product 94,1376.8799999999999
10289,2022-07-26,14,73.87,INV-79269,SKU-4229,Product 28,1034.18
10289,2022-08-11,7,138.93,INV-80176,SKU-3356,Product 16,972.51
10289,2022-09-02,4,128.82,INV-58426,SKU-4015,Product 54,515.28
10289,2022-09-14,13,143.01,INV-92494,SKU-2458,Product 92,1859.1299999999999
10289,2022-10-10,10,97.77,INV-27418,SKU-7017,Product 2,977.6999999999999
10289,2022-10-25,6,108.31,INV-66831,SKU-3951,Product 90,649.86
10289,2022-10-29,8,94.36,INV-44897,SKU-5011,Product 53,754.88
10289,2022-11-01,9,63.25,INV-74591,SKU-4069,Product 87,569.25
10290,2021-03-06,4,89.33,INV-39689,SKU-9052,Product 27,357.32
10290,2021-04-02,4,26.83,INV-44421,SKU-8246,Product 71,107.32
10290,2021-04-11,5,84.23,INV-79712,SKU-5483,Product 59,421.15000000000003
10290,2021-04-19,7,74.71,INV-94841,SKU-1101,Product 12,522.9699999999999
10290,2022-04-29,6,50.45,INV-48253,SKU-6838,Product 6,302.70000000000005
10290,2022-07-19,6,49.56,INV-86276,SKU-2545,Product 12,297.36
10290,2022-08-08,7,55.94,INV-36728,SKU-1097,Product 96,391.58
10290,2022-08-15,6,103.53,INV-38190,SKU-7433,Product 41,621.1800000000001
10290,2022-09-18,6,34.74,INV-95550,SKU-8670,Product 4,208.44
10290,2022-10-17,3,84.04,INV-28942,SKU-9330,Product 89,252.12
10291,2021-01-20,3,23.46,INV-36503,SKU-4116,Product 34,70.38
10291,2021-05-04,4,36.87,INV-24567,SKU-4959,Product 39,147.48
10291,2021-11-28,2,36.64,INV-26944,SKU-9381,Product 77,73.28
10291,2021-12-04,1,13.44,INV-13832,SKU-9257,Product 52,13.44
10291,2022-08-07,1,9.72,INV-18017,SKU-9240,Product 53,9.72
10291,2022-11-20,3,42.06,INV-38724,SKU-9666,Product 46,126.18
10292,2021-04-21,2,27.54,INV-28358,SKU-1549,Product 18,55.08
10292,2021-12-02,1,39.62,INV-35017,SKU-6006,Product 2,39.62
10292,2022-04-21,4,32.35,INV-64851,SKU-1546,Product 98,129.4
10292,2022-07-12,4,21.16,INV-17739,SKU-3509,Product 70,84.64
10292,2022-08-21,3,44.97,INV-35545,SKU-1987,Product 20,134.91
10293,2021-03-22,4,93.16,INV-12566,SKU-8404,Product 12,372.64
10293,2021-04-14,2,64.77,INV-50080,SKU-6405,Product 59,129.54
10293,2021-05-29,3,59.66,INV-64690,SKU-5502,Product 8,178.98
10293,2021-06-05,3,58.15,INV-14478,SKU-2896,Product 71,174.45
10293,2021-06-28,6,42.48,INV-65636,SKU-6296,Product 42,254.88
10293,2021-07-18,3,58.59,INV-59264,SKU-4772,Product 47,175.77
10293,2021-08-14,4,65.6,INV-54379,SKU-4530,Product 74,262.4
10293,2021-11-27,5,75.48,INV-24833,SKU-3195,Product 36,377.40000000000003
10293,2022-01-18,3,60.58,INV-24989,SKU-2934,Product 6,181.74
10293,2022-03-04,5,50.12,INV-37205,SKU-7942,Product 98,250.6
10293,2022-03-07,6,47.73,INV-85768,SKU-2006,Product 97,286.38
10293,2022-03-07,5,57.32,INV-61507,SKU-2333,Product 41,286.6
10293,2022-04-14,3,54.81,INV-67104,SKU-3415,Product 91,164.43
10293,2022-05-08,6,62.31,INV-29142,SKU-9720,Product 50,373.86
10293,2022-07-03,7,97.51,INV-43556,SKU-2871,Product 39,682.57
10293,2022-08-17,6,62.83,INV-64697,SKU-4044,Product 44,376.98
10293,2022-10-21,2,56.79,INV-16227,SKU-3660,Product 27,113.58
10294,2021-01-23,4,55.41,INV-11833,SKU-1885,Product 88,221.64
10294,2021-02-23,3,63.98,INV-91389,SKU-9373,Product 66,191.94
10294,2021-03-31,7,34.93,INV-24099,SKU-5037,Product 35,244.51
10294,2022-03-12,3,43.55,INV-95194,SKU-1747,Product 63,130.64999999999998
10294,2022-05-20,4,27.79,INV-30578,SKU-4951,Product 43,111.16
10294,2022-06-26,4,61.61,INV-32713,SKU-4864,Product 38,246.44
10294,2022-10-10,7,61.94,INV-66960,SKU-3061,Product 2,433.58
10295,2022-08-04,2,33.02,INV-69931,SKU-6437,Product 51,66.04
10295,2022-08-07,3,29.45,INV-86815,SKU-8041,Product 56,88.35
10295,2022-10-08,2,29.26,INV-78347,SKU-4421,Product 75,58.52
10296,2021-02-24,1,27.76,INV-54703,SKU-3519,Product 6,27.76
10296,2021-05-08,2,21.18,INV-79384,SKU-4456,Product 71,42.36
10296,2021-10-04,2,20.14,INV-37094,SKU-2230,Product 56,40.28
10296,2021-11-06,2,48.06,INV-23686,SKU-1259,Product 15,96.12
10296,2022-05-14,4,48.53,INV-42544,SKU-1037,Product 25,194.12
10296,2022-12-27,3,22.79,INV-48199,SKU-5378,Product 2,68.37
10297,2021-03-29,2,56.99,INV-37578,SKU-2908,Product 12,113.98
10297,2021-11-08,5,92.89,INV-95799,SKU-3936,Product 36,464.45
10297,2021-11-28,6,83.22,INV-81500,SKU-3828,Product 73,499.32
10297,2021-12-08,7,53.1,INV-59483,SKU-8145,Product 7,371.7
10297,2022-01-22,5,66.1,INV-13599,SKU-4055,Product 77,330.5
10297,2022-05-06,7,105.75,INV-81942,SKU-4377,Product 14,740.25
10297,2022-05-11,5,77.52,INV-19033,SKU-4534,Product 81,387.59999999999997
10297,2022-08-19,6,48.91,INV-64130,SKU-5068,Product 40,293.46
10297,2022-09-24,5,38.91,INV-78741,SKU-5044,Product 87,194.54999999999998
10298,2021-06-22,2,32.45,INV-47430,SKU-8815,Product 62,64.9
10298,2022-01-08,4,21.19,INV-19921,SKU-3191,Product 73,84.76
10299,2021-02-04,3,30.29,INV-14188,SKU-4088,Product 72,90.87
10299,2022-02-01,2,19.4,INV-53151,SKU-1656,Product 64,38.8
10299,2022-11-05,4,36.15,INV-77438,SKU-3567,Product 79,144.6
10300,2021-02-25,3,90.08,INV-77325,SKU-7401,Product 73,270.24
10300,2021-04-05,7,30.83,INV-32312,SKU-3014,Product 80,215.81
10300,2021-08-05,7,84.59,INV-29464,SKU-1502,Product 60,592.13
10300,2021-10-09,2,28.27,INV-78582,SKU-1304,Product 68,56.54
10301,2021-03-02,4,31.38,INV-21556,SKU-7082,Product 35,125.52
10301,2021-03-04,6,70.53,INV-91115,SKU-3147,Product 1,423.18
10301,2021-04-25,6,81.37,INV-60621,SKU-3675,Product 13,488.22
10301,2021-09-09,3,109.0,INV-53179,SKU-9890,Product 29,327.0
10301,2022-07-01,4,57.78,INV-49829,SKU-3035,Product 24,231.12
10302,2021-12-27,1,30.33,INV-97003,SKU-4560,Product 96,30.33
10302,2022-01-12,3,19.05,INV-22191,SKU-2667,Product 20,57.150000000000006
10302,2022-01-15,2,46.23,INV-41285,SKU-7655,Product 90,92.46
10302,2022-01-20,4,29.26,INV-65989,SKU-1479,Product 14,117.04
10302,2022-07-21,1,28.23,INV-21139,SKU-6477,Product 35,28.23
10302,2022-09-23,2,18.1,INV-37064,SKU-4985,Product 5,36.2
10302,2022-10-30,4,39.71,INV-74148,SKU-8067,Product 48,158.84
10302,2022-12-06,4,25.76,INV-41314,SKU-5003,Product 27,103.04
10303,2022-12-04,4,11.65,INV-95776,SKU-6119,Product 11,46.6
10304,2021-02-01,9,119.27,INV-49553,SKU-7813,Product 10,1073.43
10304,2021-02-04,9,102.94,INV-98377,SKU-4256,Product 35,926.46
10304,2021-02-08,4,139.81,INV-62176,SKU-7144,Product 8,559.24
10304,2021-03-31,4,83.19,INV-75997,SKU-4233,Product 2,332.76
10304,2021-04-13,11,93.96,INV-62203,SKU-4771,Product 18,1033.56
10304,2021-05-08,3,64.06,INV-30183,SKU-1618,Product 53,192.18
10304,2021-05-21,4,206.49,INV-16228,SKU-3831,Product 78,825.96
10304,2021-05-24,3,128.89,INV-93319,SKU-9003,Product 98,386.66999999999996
10304,2021-07-02,9,192.61,INV-35167,SKU-3734,Product 59,1733.4900000000002
10304,2021-08-01,12,61.56,INV-72136,SKU-5193,Product 62,738.72
10304,2021-08-05,10,120.35,INV-23383,SKU-6248,Product 58,1203.5
10304,2021-08-20,12,156.14,INV-44288,SKU-3390,Product 10,1873.6799999999998
10304,2021-09-10,9,119.8,INV-91927,SKU-6815,Product 84,1078.2
10304,2021-09-19,6,216.67,INV-80314,SKU-3071,Product 5,1300.02
10304,2021-09-25,4,89.03,INV-30187,SKU-4938,Product 34,356.12
10304,2021-10-19,3,159.6,INV-70434,SKU-7116,Product 62,478.79999999999995
10304,2021-12-07,3,169.29,INV-40054,SKU-1992,Product 17,507.87
10304,2022-01-19,14,173.13,INV-65259,SKU-5104,Product 94,2423.8199999999997
10304,2022-02-24,3,132.83,INV-19471,SKU-7163,Product 66,398.49
10304,2022-02-24,12,72.24,INV-72848,SKU-8479,Product 54,866.8799999999999
10304,2022-03-11,4,142.54,INV-45657,SKU-6959,Product 40,570.16
10304,2022-03-14,6,156.21,INV-76527,SKU-1488,Product 57,937.26
10304,2022-03-15,11,181.55,INV-91808,SKU-8807,Product 5,1997.0500000000002
10304,2022-04-05,9,113.23,INV-50430,SKU-8550,Product 52,1019.07
10304,2022-04-07,6,123.16,INV-30056,SKU-8382,Product 60,738.96
10304,2022-04-09,3,66.01,INV-36849,SKU-2541,Product 86,198.03000000000003
10304,2022-04-12,5,63.38,INV-23562,SKU-4479,Product 42,316.90000000000003
10304,2022-06-03,13,177.0,INV-88030,SKU-1311,Product 59,2301.0
10304,2022-06-10,9,73.72,INV-58975,SKU-1459,Product 61,663.48
10304,2022-06-26,7,208.68,INV-78336,SKU-7846,Product 86,1460.76
10304,2022-09-15,5,143.1,INV-56202,SKU-8396,Product 82,715.5
10304,2022-11-03,7,128.26,INV-33289,SKU-1319,Product 49,897.8199999999999
10304,2022-11-16,3,109.39,INV-99928,SKU-6909,Product 54,328.17
10304,2022-11-25,9,57.24,INV-74167,SKU-4014,Product 8,515.16
10304,2022-11-27,7,70.07,INV-93483,SKU-7343,Product 56,490.48999999999995
10304,2022-12-11,12,129.2,INV-71895,SKU-5354,Product 47,1550.3999999999999
10305,2021-03-24,2,26.51,INV-98738,SKU-1684,Product 13,53.02
10305,2021-03-27,4,18.33,INV-75888,SKU-7943,Product 52,73.32
10305,2022-01-08,1,36.74,INV-14922,SKU-5392,Product 66,36.74
10305,2022-08-04,1,32.28,INV-21783,SKU-4138,Product 20,32.28
10305,2022-09-26,3,14.56,INV-19324,SKU-8432,Product 69,43.68
10305,2022-10-28,3,46.31,INV-14507,SKU-5248,Product 84,138.93
10306,2021-08-02,2,21.1,INV-74050,SKU-5718,Product 55,42.2
10306,2022-12-03,4,15.56,INV-38037,SKU-8782,Product 95,62.24
10307,2021-03-29,4,83.48,INV-65746,SKU-5728,Product 43,333.92
10307,2021-12-31,6,59.73,INV-41722,SKU-7277,Product 9,358.38
10307,2022-03-17,7,44.79,INV-14368,SKU-4023,Product 16,313.53
10307,2022-03-25,5,32.0,INV-67114,SKU-8943,Product 85,160.0
10307,2022-05-23,4,69.0,INV-12041,SKU-3674,Product 81,276.0
10307,2022-10-01,7,73.55,INV-26448,SKU-7382,Product 46,514.85
10308,2021-01-01,3,35.33,INV-51313,SKU-6393,Product 47,105.99
10308,2021-03-10,2,27.53,INV-75064,SKU-9032,Product 20,55.06
10308,2022-01-02,4,30.18,INV-94709,SKU-4654,Product 4,120.72
10308,2022-10-12,3,31.58,INV-82436,SKU-4800,Product 47,94.74
10308,2022-10-26,3,38.66,INV-32323,SKU-2783,Product 84,115.97999999999999
10308,2022-12-26,2,17.26,INV-24003,SKU-1333,Product 2,34.52
10309,2022-05-14,4,36.73,INV-23275,SKU-7985,Product 17,146.92
10310,2021-01-26,6,225.12,INV-34688,SKU-7688,Product 15,1350.72
10310,2021-03-06,4,133.72,INV-16630,SKU-7686,Product 94,534.88
10310,2021-04-12,6,141.12,INV-83994,SKU-8013,Product 70,846.72
10310,2021-05-10,5,53.82,INV-66586,SKU-9405,Product 82,269.1
10310,2021-07-22,8,136.9,INV-23860,SKU-9519,Product 6,1095.2
10310,2021-08-21,13,160.59,INV-90166,SKU-2274,Product 83,2087.67
10310,2021-09-03,4,57.53,INV-55056,SKU-7359,Product 61,230.12
10310,2021-11-05,12,208.56,INV-83595,SKU-7784,Product 99,2502.7200000000003
10310,2021-11-08,3,110.89,INV-87422,SKU-6177,Product 18,332.67
10310,2021-12-16,11,146.64,INV-10591,SKU-7277,Product 37,1613.04
10310,2021-12-22,10,74.28,INV-71804,SKU-3923,Product 98,742.8
10310,2022-01-04,6,83.27,INV-61413,SKU-8953,Product 35,499.62
10310,2022-01-25,5,76.41,INV-75266,SKU-6586,Product 82,382.04999999999995
10310,2022-02-09,13,134.03,INV-89026,SKU-3594,Product 82,1742.39
10310,2022-04-20,13,166.07,INV-50338,SKU-9696,Product 80,2158.91
10310,2022-05-24,14,208.1,INV-46884,SKU-5411,Product 52,2913.4
10310,2022-06-10,7,81.31,INV-99520,SKU-6167,Product 72,569.1700000000001
10310,2022-08-12,3,152.92,INV-22118,SKU-2377,Product 75,458.76
10310,2022-08-21,14,93.55,INV-16842,SKU-9301,Product 91,1309.7
10310,2022-10-04,9,176.92,INV-42355,SKU-9269,Product 16,1592.28
10310,2022-10-08,8,205.23,INV-46761,SKU-5855,Product 57,1641.84
10310,2022-10-24,9,117.35,INV-88776,SKU-3263,Product 19,1056.1499999999999
10310,2022-10-25,10,142.21,INV-99643,SKU-3781,Product 16,1422.1000000000001
10310,2022-11-06,7,104.03,INV-60012,SKU-7184,Product 56,728.21
10311,2021-03-24,5,46.88,INV-94028,SKU-2204,Product 72,234.4
10311,2021-06-05,7,80.8,INV-11935,SKU-7749,Product 94,565.6
10311,2021-08-06,4,68.45,INV-52645,SKU-2434,Product 10,273.8
10311,2021-09-26,2,59.23,INV-50462,SKU-6668,Product 27,118.46
10311,2021-11-11,7,34.62,INV-51584,SKU-8126,Product 83,242.33999999999997
10311,2022-03-23,5,58.38,INV-88603,SKU-1225,Product 78,291.90000000000003
10311,2022-03-31,4,93.14,INV-91084,SKU-8227,Product 92,372.56
10311,2022-04-13,6,51.99,INV-26585,SKU-1088,Product 53,311.94
10311,2022-05-30,5,70.07,INV-92578,SKU-1677,Product 59,350.34999999999997
10311,2022-08-08,5,56.61,INV-94730,SKU-4092,Product 56,283.05
10311,2022-08-24,2,80.2,INV-97750,SKU-5695,Product 43,160.4
10311,2022-09-07,5,55.24,INV-34406,SKU-9000,Product 55,276.2
10311,2022-10-16,7,88.05,INV-40278,SKU-5794,Product 38,616.35
10311,2022-11-18,2,65.17,INV-50067,SKU-1569,Product 1,130.34
10312,2021-01-02,7,94.65,INV-77573,SKU-9756,Product 99,662.5500000000001
10312,2021-01-07,3,73.19,INV-79193,SKU-6109,Product 2,219.57
10312,2021-04-06,3,52.79,INV-78748,SKU-4922,Product 81,158.37
10312,2021-04-23,7,36.15,INV-64567,SKU-3558,Product 20,253.04999999999998
10312,2021-06-25,6,84.49,INV-48392,SKU-2700,Product 61,506.93999999999994
10312,2021-07-11,3,86.9,INV-80148,SKU-4757,Product 11,260.70000000000005
10312,2021-07-23,2,99.62,INV-42229,SKU-4807,Product 1,199.24
10312,2021-08-27,7,84.21,INV-65786,SKU-2931,Product 13,589.4699999999999
10312,2021-09-14,6,64.49,INV-71285,SKU-8645,Product 12,386.93999999999994
10312,2021-11-06,3,54.83,INV-69531,SKU-7216,Product 44,164.49
10312,2022-02-08,4,65.74,INV-11353,SKU-5987,Product 70,262.96
10312,2022-02-26,2,28.55,INV-47702,SKU-1039,Product 90,57.1
10312,2022-07-06,4,73.09,INV-68133,SKU-8875,Product 77,292.36
10312,2022-08-24,5,64.72,INV-28170,SKU-6715,Product 50,323.6
10312,2022-12-05,4,39.73,INV-71762,SKU-3169,Product 87,158.92
10313,2021-09-29,3,52.5,INV-67410,SKU-6612,Product 10,157.5
10313,2022-05-27,4,28.19,INV-51000,SKU-6892,Product 23,112.76
10313,2022-06-08,3,36.79,INV-49491,SKU-7779,Product 30,110.37
10313,2022-07-31,1,12.47,INV-54645,SKU-9071,Product 77,12.47
10313,2022-10-12,2,46.21,INV-97201,SKU-6027,Product 18,92.42
10314,2021-11-20,4,19.69,INV-10832,SKU-2021,Product 74,78.76
10314,2022-02-23,4,14.15,INV-15492,SKU-7711,Product 31,56.6
10314,2022-08-05,4,38.25,INV-86151,SKU-2432,Product 71,153.0
10315,2021-05-20,2,96.56,INV-99853,SKU-4782,Product 39,193.12
10315,2021-06-12,5,43.48,INV-24356,SKU-6340,Product 53,217.39999999999998
10315,2021-07-03,6,110.49,INV-76492,SKU-9643,Product 82,662.9399999999999
10315,2021-07-20,2,37.88,INV-63625,SKU-4195,Product 80,75.76
10315,2021-09-09,7,71.19,INV-73308,SKU-5231,Product 55,498.33
10315,2022-01-01,4,76.59,INV-17470,SKU-4841,Product 94,306.36
10315,2022-02-01,6,57.36,INV-87007,SKU-4270,Product 80,344.15999999999997
10315,2022-02-27,4,40.53,INV-56622,SKU-8293,Product 70,162.12
10315,2022-06-27,3,65.88,INV-32628,SKU-1326,Product 71,197.64
10315,2022-07-04,6,78.96,INV-62077,SKU-4625,Product 94,473.76
10315,2022-07-15,2,83.91,INV-25740,SKU-1300,Product 89,167.82
10315,2022-10-26,2,51.08,INV-77346,SKU-6190,Product 57,102.16
10316,2021-04-23,4,28.12,INV-60854,SKU-5214,Product 70,112.48
10316,2021-07-14,4,17.98,INV-74456,SKU-6806,Product 50,71.92
10316,2021-08-14,2,12.96,INV-71046,SKU-5664,Product 54,25.92
10316,2022-04-23,2,11.8,INV-93473,SKU-3810,Product 57,23.6
10316,2022-05-06,4,33.92,INV-53082,SKU-7118,Product 90,135.68
10316,2022-10-06,1,8.77,INV-80309,SKU-5468,Product 97,8.77
10317,2021-04-08,3,13.87,INV-78713,SKU-5815,Product 96,41.61
10317,2021-06-25,4,10.79,INV-52000,SKU-7439,Product 74,43.16
10317,2022-05-26,3,35.77,INV-46994,SKU-1542,Product 66,107.31
10317,2022-07-22,1,57.04,INV-66964,SKU-7286,Product 36,57.04
10317,2022-08-29,1,37.68,INV-44656,SKU-1368,Product 99,37.68
10318,2021-06-15,3,37.59,INV-46176,SKU-9962,Product 74,112.77000000000001
10318,2021-11-23,1,35.46,INV-86045,SKU-9796,Product 69,35.46
10318,2022-04-05,2,28.29,INV-99249,SKU-3157,Product 97,56.58
10318,2022-05-28,4,28.29,INV-82126,SKU-2017,Product 82,113.16
10319,2021-03-14,2,97.95,INV-18221,SKU-4493,Product 86,195.9
10319,2021-03-16,3,92.95,INV-26941,SKU-5291,Product 64,278.85
10319,2021-09-29,2,75.22,INV-44810,SKU-8960,Product 44,150.44
10319,2022-03-11,2,76.12,INV-88910,SKU-5911,Product 63,152.24
10319,2022-05-06,4,112.55,INV-97620,SKU-7933,Product 80,450.2
10319,2022-07-05,2,35.5,INV-49355,SKU-2883,Product 86,71.0
10319,2022-11-29,7,32.36,INV-27165,SKU-2434,Product 5,226.51999999999998
10320,2021-04-12,4,53.08,INV-23014,SKU-1953,Product 52,212.32
10320,2022-01-17,2,54.92,INV-13741,SKU-8285,Product 66,109.84
10320,2022-03-25,4,59.88,INV-28361,SKU-3413,Product 91,239.52
10320,2022-04-20,4,78.12,INV-67822,SKU-3665,Product 3,312.48
10320,2022-04-21,4,80.7,INV-79379,SKU-9989,Product 11,322.8
10320,2022-04-22,4,79.14,INV-60396,SKU-5012,Product 5,316.56
10320,2022-05-05,5,43.03,INV-92755,SKU-2850,Product 29,215.15
10320,2022-06-01,5,51.16,INV-87358,SKU-5942,Product 35,255.79999999999998
10320,2022-06-25,2,110.65,INV-76760,SKU-5245,Product 14,221.3
10320,2022-08-06,6,94.19,INV-22795,SKU-1616,Product 36,565.14
10320,2022-10-21,4,36.45,INV-10818,SKU-9434,Product 23,145.8
10321,2021-07-25,5,86.16,INV-53051,SKU-2757,Product 45,430.79999999999995
10321,2021-08-09,3,59.53,INV-26459,SKU-4611,Product 66,178.59
10321,2021-10-25,7,63.64,INV-83750,SKU-3703,Product 44,445.48
10321,2021-11-18,6,81.58,INV-21240,SKU-5005,Product 4,489.48
10321,2021-12-08,6,36.3,INV-24975,SKU-8711,Product 88,217.79999999999998
10321,2021-12-19,2,82.19,INV-90117,SKU-8385,Product 43,164.38
10321,2022-01-13,7,83.11,INV-34686,SKU-1022,Product 44,581.77
10321,2022-03-17,2,62.84,INV-43749,SKU-4552,Product 26,125.68
10321,2022-07-07,6,34.86,INV-48826,SKU-8131,Product 92,209.16
10321,2022-07-25,4,86.81,INV-98790,SKU-2544,Product 62,347.24
10321,2022-07-29,2,71.85,INV-42624,SKU-3288,Product 62,143.7
10321,2022-11-20,6,76.26,INV-98770,SKU-2063,Product 98,457.56000000000006
10322,2021-08-10,2,28.28,INV-95914,SKU-2678,Product 95,56.56
10322,2021-08-30,4,46.5,INV-65221,SKU-6584,Product 49,186.0
10322,2021-11-27,3,11.2,INV-76778,SKU-5329,Product 6,33.599999999999994
10323,2021-02-12,4,131.59,INV-39552,SKU-9501,Product 2,526.36
10323,2021-02-23,10,212.75,INV-60503,SKU-8051,Product 75,2127.5
10323,2021-02-28,7,171.86,INV-67732,SKU-3769,Product 60,1203.02
10323,2021-03-03,7,76.77,INV-39739,SKU-2816,Product 4,537.39
10323,2021-03-20,8,98.53,INV-49038,SKU-9583,Product 63,788.24
10323,2021-06-17,14,114.53,INV-15786,SKU-6129,Product 50,1603.42
10323,2021-07-20,7,153.56,INV-28320,SKU-5183,Product 92,1074.92
10323,2021-08-21,12,178.8,INV-27789,SKU-8632,Product 22,2145.6000000000004
10323,2021-08-23,3,53.58,INV-60847,SKU-2306,Product 85,160.74
10323,2021-10-10,13,182.31,INV-40796,SKU-2041,Product 22,2370.03
10323,2021-10-14,5,165.31,INV-84806,SKU-1778,Product 55,826.55
10323,2021-12-12,4,131.23,INV-29394,SKU-5719,Product 65,524.92
10323,2021-12-13,8,79.19,INV-23501,SKU-2890,Product 91,633.52
10323,2021-12-26,14,104.27,INV-38187,SKU-6825,Product 40,1459.78
10323,2021-12-29,4,224.3,INV-28274,SKU-9471,Product 87,897.2
10323,2022-01-04,4,192.79,INV-97526,SKU-1091,Product 38,771.16
10323,2022-03-03,4,187.33,INV-93994,SKU-9829,Product 17,749.32
10323,2022-03-31,8,76.2,INV-55969,SKU-2586,Product 23,609.6
10323,2022-10-12,11,101.35,INV-23024,SKU-7893,Product 77,1114.85
10323,2022-10-23,8,41.25,INV-70796,SKU-8234,Product 13,330.0
10323,2022-11-01,4,91.76,INV-31441,SKU-9526,Product 20,367.04
10323,2022-11-16,12,61.61,INV-52287,SKU-9806,Product 56,739.3199999999999
10323,2022-11-17,13,197.93,INV-33831,SKU-5109,Product 28,2573.09
10323,2022-12-01,4,124.26,INV-89803,SKU-5515,Product 61,497.04
10323,2022-12-09,9,96.24,INV-95929,SKU-3735,Product 12,866.16
10324,2022-06-12,1,39.45,INV-94270,SKU-4988,Product 17,39.45
10325,2021-01-22,6,98.44,INV-45950,SKU-4160,Product 49,590.64
10325,2021-02-04,13,139.02,INV-94671,SKU-8504,Product 98,1807.2600000000002
10325,2021-02-07,8,177.36,INV-74286,SKU-5773,Product 53,1418.88
10325,2021-02-09,10,125.07,INV-20486,SKU-3311,Product 78,1250.6999999999998
10325,2021-04-29,3,218.32,INV-99719,SKU-9804,Product 34,654.96
10325,2021-06-05,12,117.53,INV-38976,SKU-9717,Product 23,1410.3600000000001
10325,2021-08-25,4,73.09,INV-64271,SKU-2302,Product 91,292.36
10325,2021-09-18,5,121.52,INV-90404,SKU-9796,Product 94,607.6
10325,2021-09-28,3,166.47,INV-72094,SKU-1350,Product 61,499.40999999999997
10325,2021-10-04,12,192.08,INV-72151,SKU-8222,Product 58,2304.96
10325,2022-02-03,12,139.14,INV-13048,SKU-4452,Product 11,1669.6799999999998
10325,2022-02-25,3,123.2,INV-76155,SKU-3548,Product 91,369.6
10325,2022-03-12,13,118.84,INV-52291,SKU-4190,Product 85,1544.92
10325,2022-05-07,9,53.94,INV-46807,SKU-2304,Product 82,485.46
10325,2022-06-03,10,73.26,INV-41832,SKU-2026,Product 24,732.6
10325,2022-06-04,4,62.04,INV-54143,SKU-9775,Product 16,248.16
10325,2022-06-05,9,158.07,INV-93611,SKU-9623,Product 54,1422.6299999999999
10325,2022-07-03,5,47.63,INV-15054,SKU-2716,Product 27,238.15
10325,2022-08-24,14,205.67,INV-55066,SKU-8609,Product 50,2879.3799999999997
10325,2022-08-27,7,166.81,INV-88497,SKU-7487,Product 21,1167.67
10325,2022-10-11,14,187.0,INV-48692,SKU-1519,Product 87,2618.0
10325,2022-10-26,14,55.33,INV-43551,SKU-5483,Product 99,774.62
10325,2022-11-11,14,142.93,INV-99343,SKU-2365,Product 27,2001.02
10326,2021-03-18,2,93.05,INV-11439,SKU-6613,Product 47,186.1
10326,2021-04-12,4,107.28,INV-67623,SKU-2618,Product 9,429.12
10326,2021-08-02,7,80.96,INV-41210,SKU-6802,Product 16,566.7199999999999
10326,2021-08-15,6,45.82,INV-15322,SKU-2055,Product 79,274.92
10326,2021-12-06,2,89.33,INV-16869,SKU-6696,Product 93,178.66
10326,2022-02-03,6,88.89,INV-48216,SKU-9847,Product 21,533.34
10326,2022-03-25,3,73.11,INV-21116,SKU-7034,Product 92,219.32999999999998
10326,2022-05-23,4,45.39,INV-90322,SKU-8798,Product 23,181.56
10327,2021-01-11,3,28.69,INV-21885,SKU-5785,Product 14,86.07000000000001
10327,2022-02-18,1,44.59,INV-45490,SKU-1470,Product 9,44.59
10327,2022-05-20,2,42.81,INV-77750,SKU-9000,Product 75,85.62
10327,2022-07-11,2,35.41,INV-84160,SKU-1835,Product 71,70.82
10327,2022-12-18,2,17.27,INV-96750,SKU-5330,Product 50,34.54
10328,2021-08-22,2,17.24,INV-78047,SKU-8842,Product 66,34.48
10328,2022-04-17,3,29.02,INV-32593,SKU-2061,Product 13,87.06
10328,2022-08-25,1,33.67,INV-99583,SKU-1694,Product 96,33.67
10329,2021-03-10,10,90.98,INV-17450,SKU-3925,Product 52,909.8000000000001
10329,2021-05-02,13,151.37,INV-22208,SKU-5394,Product 10,1967.81
10329,2021-05-11,14,55.31,INV-36273,SKU-1787,Product 78,774.34
10329,2021-05-13,11,100.82,INV-89031,SKU-3064,Product 8,1109.02
10329,2021-06-03,7,56.91,INV-67924,SKU-8350,Product 71,398.37
10329,2021-07-27,10,94.25,INV-97435,SKU-2012,Product 51,942.5
10329,2021-08-04,7,81.33,INV-18262,SKU-5401,Product 46,569.31
10329,2021-09-09,14,54.5,INV-89650,SKU-7833,Product 3,763.0
10329,2021-09-20,11,62.24,INV-91491,SKU-8337,Product 34,684.64
10329,2021-10-31,14,61.8,INV-77806,SKU-9501,Product 34,865.1999999999999
10329,2021-12-02,3,166.9,INV-16798,SKU-1844,Product 28,500.70000000000005
10329,2021-12-15,11,105.1,INV-52283,SKU-6439,Product 67,1156.1
10329,2021-12-31,14,167.26,INV-35816,SKU-5919,Product 64,2341.64
10329,2022-02-06,7,152.58,INV-11672,SKU-1401,Product 91,1068.0600000000002
10329,2022-02-15,8,155.51,INV-76663,SKU-7601,Product 95,1244.08
10329,2022-02-18,12,136.79,INV-57620,SKU-3075,Product 59,1641.48
10329,2022-03-11,8,51.14,INV-36732,SKU-7042,Product 7,409.12
10329,2022-03-12,6,136.85,INV-40270,SKU-4555,Product 50,821.0999999999999
10329,2022-04-11,6,141.05,INV-52793,SKU-3513,Product 33,846.3000000000001
10329,2022-05-31,13,87.66,INV-25419,SKU-5597,Product 31,1139.58
10329,2022-06-02,10,111.43,INV-80044,SKU-7442,Product 73,1114.3000000000002
10329,2022-06-04,3,80.15,INV-85481,SKU-1910,Product 51,240.45000000000002
10329,2022-08-19,7,195.06,INV-20059,SKU-8817,Product 94,1365.42
10329,2022-10-07,10,85.36,INV-69055,SKU-6127,Product 39,853.6
10329,2022-10-11,6,163.35,INV-61567,SKU-4001,Product 75,980.0999999999999
10329,2022-11-01,13,185.27,INV-82104,SKU-3601,Product 98,2408.51
10329,2022-11-16,9,125.0,INV-30534,SKU-5060,Product 30,1125.0
10330,2021-03-06,3,37.06,INV-50281,SKU-9269,Product 83,111.18
10330,2021-06-15,4,107.98,INV-77541,SKU-6261,Product 60,431.92
10330,2022-02-05,6,67.38,INV-44763,SKU-1595,Product 44,404.28
10330,2022-02-20,3,75.72,INV-97908,SKU-2888,Product 6,227.16
10330,2022-04-05,2,87.78,INV-72959,SKU-8352,Product 6,175.56
10330,2022-05-09,3,31.02,INV-52769,SKU-3970,Product 45,93.06
10330,2022-07-02,6,76.72,INV-50664,SKU-4125,Product 80,460.32
10331,2021-07-29,2,27.5,INV-26315,SKU-9089,Product 38,55.0
10331,2021-09-17,3,34.22,INV-91531,SKU-2409,Product 31,102.66
10331,2021-10-01,1,22.69,INV-23057,SKU-4856,Product 75,22.69
10331,2022-01-19,4,24.57,INV-88191,SKU-8968,Product 37,98.28
10332,2021-03-06,7,75.92,INV-86226,SKU-1373,Product 51,531.44
10332,2021-04-18,6,68.22,INV-98564,SKU-3472,Product 69,409.32
10332,2021-05-12,7,40.69,INV-77081,SKU-5320,Product 88,284.83
10332,2021-07-12,4,32.6,INV-93915,SKU-2014,Product 30,130.4
10332,2021-09-07,3,90.67,INV-40027,SKU-6097,Product 72,272.01
10332,2021-09-17,3,80.17,INV-26908,SKU-5926,Product 14,240.51
10332,2021-11-09,7,68.14,INV-56350,SKU-1712,Product 72,476.98
10332,2021-11-25,3,77.31,INV-93749,SKU-4751,Product 66,231.93
10332,2022-02-15,4,27.01,INV-46247,SKU-7929,Product 15,108.04
10332,2022-03-05,6,67.56,INV-95984,SKU-6499,Product 2,405.36
10332,2022-03-19,7,30.47,INV-11188,SKU-8108,Product 64,213.29
10332,2022-04-22,6,77.29,INV-68433,SKU-1623,Product 45,463.74
10332,2022-06-26,4,44.41,INV-31553,SKU-3159,Product 18,177.64
10332,2022-08-19,5,97.19,INV-93087,SKU-5610,Product 23,485.95
10332,2022-09-13,3,81.52,INV-96491,SKU-9003,Product 57,244.56
10332,2022-09-30,6,74.34,INV-28934,SKU-7137,Product 86,446.04
10332,2022-11-25,3,76.75,INV-73371,SKU-6562,Product 81,230.25
10333,2021-07-25,3,63.38,INV-10924,SKU-4162,Product 58,190.14000000000001
10333,2021-08-21,2,48.17,INV-61350,SKU-9802,Product 63,96.34
10333,2021-10-12,4,39.09,INV-57242,SKU-6310,Product 69,156.36
10333,2022-01-19,4,38.66,INV-55471,SKU-3779,Product 11,154.64
10333,2022-02-08,2,75.74,INV-32966,SKU-9689,Product 41,151.48
10333,2022-02-20,2,66.08,INV-69416,SKU-3864,Product 35,132.16
10333,2022-04-16,3,69.7,INV-18532,SKU-1733,Product 89,209.10000000000002
10333,2022-05-19,6,77.68,INV-54305,SKU-2467,Product 47,466.08000000000004
10333,2022-05-20,7,77.88,INV-73807,SKU-9058,Product 41,545.16
10333,2022-08-19,7,41.83,INV-54721,SKU-9104,Product 66,292.81
10333,2022-12-16,7,30.42,INV-92909,SKU-7272,Product 63,212.94
10333,2022-12-21,5,89.48,INV-79683,SKU-2747,Product 41,447.40000000000003
10334,2021-07-07,4,25.24,INV-90775,SKU-8290,Product 74,100.96
10334,2022-08-11,4,42.85,INV-15307,SKU-5216,Product 86,171.4
10334,2022-12-29,1,48.02,INV-50387,SKU-5573,Product 30,48.02
10335,2021-02-24,7,162.04,INV-28796,SKU-1023,Product 59,1134.28
10335,2021-05-19,11,125.02,INV-40639,SKU-8818,Product 75,1375.22
10335,2021-05-21,14,71.51,INV-31784,SKU-2082,Product 13,1001.1400000000001
10335,2021-07-14,9,107.66,INV-71566,SKU-5178,Product 92,968.9399999999999
10335,2021-08-18,11,184.36,INV-30625,SKU-4161,Product 69,2027.96
10335,2021-08-23,9,128.46,INV-36012,SKU-3005,Product 18,1156.14
10335,2021-08-24,8,125.37,INV-17927,SKU-3444,Product 81,1002.96
10335,2021-09-08,7,186.5,INV-76404,SKU-3063,Product 40,1305.5
10335,2021-09-15,13,168.78,INV-60404,SKU-4941,Product 18,2194.14
10335,2021-09-28,13,172.17,INV-57323,SKU-4541,Product 89,2238.21
10335,2021-10-31,9,199.12,INV-69478,SKU-9125,Product 4,1792.08
10335,2022-01-05,10,64.54,INV-30392,SKU-7043,Product 75,645.4000000000001
10335,2022-01-26,9,207.05,INV-74263,SKU-4421,Product 89,1863.45
10335,2022-04-27,4,152.66,INV-31650,SKU-6428,Product 26,610.64
10335,2022-07-07,11,207.62,INV-16997,SKU-5132,Product 22,2283.82
10335,2022-07-13,9,117.29,INV-68462,SKU-4767,Product 4,1055.6100000000001
10335,2022-07-18,14,60.83,INV-62906,SKU-5370,Product 42,851.62
10335,2022-07-24,4,165.28,INV-15806,SKU-5354,Product 83,661.12
10335,2022-10-04,13,60.92,INV-96442,SKU-4188,Product 38,791.96
10335,2022-10-06,13,165.51,INV-81290,SKU-3213,Product 75,2151.63
10335,2022-10-08,11,163.67,INV-13830,SKU-7700,Product 15,1800.37
10335,2022-10-19,13,94.36,INV-75587,SKU-1318,Product 73,1226.68
10335,2022-10-21,12,83.33,INV-47426,SKU-8421,Product 38,999.96
10335,2022-11-21,7,153.08,INV-87338,SKU-9126,Product 94,1071.5600000000002
10336,2021-09-28,7,83.36,INV-51505,SKU-5174,Product 78,583.52
10336,2021-12-03,2,59.82,INV-16874,SKU-1869,Product 15,119.64
10336,2022-09-21,6,80.58,INV-90294,SKU-5145,Product 79,483.48
10336,2022-11-04,3,56.36,INV-29689,SKU-3215,Product 61,169.07999999999998
10336,2022-11-16,6,77.93,INV-25852,SKU-7209,Product 51,467.58000000000004
10337,2021-08-08,7,70.36,INV-18990,SKU-5470,Product 80,492.52
10337,2021-08-19,3,54.15,INV-65935,SKU-1111,Product 38,162.45
10337,2021-09-25,6,61.32,INV-50379,SKU-8535,Product 41,367.92
10337,2022-03-17,2,78.28,INV-77763,SKU-8639,Product 11,156.56
10337,2022-06-11,2,51.4,INV-42967,SKU-5106,Product 13,102.8
10337,2022-09-03,6,31.88,INV-33990,SKU-5132,Product 59,191.28
10337,2022-12-22,6,57.05,INV-61939,SKU-3210,Product 15,342.29999999999995
10338,2021-04-27,2,60.19,INV-31661,SKU-9257,Product 77,120.38
10338,2021-09-04,3,90.5,INV-14018,SKU-6192,Product 96,271.5
10338,2021-10-12,4,59.04,INV-68216,SKU-3410,Product 95,236.16
10338,2022-07-14,4,71.41,INV-47861,SKU-7438,Product 58,285.64
10338,2022-07-20,2,41.32,INV-84186,SKU-3843,Product 38,82.64
10339,2021-03-22,2,52.81,INV-57374,SKU-1919,Product 60,105.62
10339,2021-06-11,4,52.5,INV-73179,SKU-1522,Product 94,210.0
10339,2021-08-02,5,94.57,INV-74806,SKU-9487,Product 7,472.84999999999997
10339,2021-08-25,4,72.04,INV-58045,SKU-9865,Product 67,288.16
10339,2021-09-22,6,82.48,INV-22919,SKU-5416,Product 63,494.88
10339,2021-10-16,7,45.6,INV-69855,SKU-4746,Product 99,319.2
10339,2021-12-04,5,82.09,INV-98074,SKU-8787,Product 26,410.45000000000005
10339,2021-12-22,6,31.99,INV-72904,SKU-6494,Product 22,191.94
10339,2022-01-01,4,70.69,INV-31566,SKU-3645,Product 82,282.76
10339,2022-04-06,2,61.51,INV-25667,SKU-2681,Product 79,123.02
10339,2022-05-22,6,53.76,INV-44592,SKU-9499,Product 6,322.56
10339,2022-06-12,3,77.7,INV-89770,SKU-2729,Product 65,233.10000000000002
10339,2022-11-19,7,45.91,INV-37554,SKU-1354,Product 63,321.37
10339,2022-12-08,6,83.11,INV-75046,SKU-4646,Product 70,498.65999999999997
10339,2022-12-27,2,62.25,INV-31529,SKU-6767,Product 50,124.5
10340,2021-02-04,13,108.45,INV-70558,SKU-1325,Product 55,1409.8500000000001
10340,2021-04-23,6,59.93,INV-66246,SKU-8505,Product 62,359.58
10340,2021-04-29,6,148.88,INV-83551,SKU-4130,Product 52,893.28
10340,2021-05-13,14,70.36,INV-27568,SKU-4934,Product 18,985.04
10340,2021-06-24,6,227.25,INV-27684,SKU-4200,Product 46,1363.5
10340,2021-07-25,4,181.01,INV-23663,SKU-5784,Product 14,724.04
10340,2021-08-08,5,78.8,INV-56451,SKU-6579,Product 5,394.0
10340,2021-09-04,13,118.7,INV-95529,SKU-9995,Product 11,1543.1000000000001
10340,2021-09-05,7,111.44,INV-25317,SKU-1139,Product 29,780.0799999999999
10340,2021-09-09,8,93.06,INV-67320,SKU-8900,Product 36,744.48
10340,2021-09-28,5,234.94,INV-52732,SKU-5518,Product 19,1174.7
10340,2021-10-09,7,103.26,INV-93582,SKU-1998,Product 86,722.82
10340,2021-11-01,7,65.95,INV-66042,SKU-4571,Product 94,461.65000000000003
10340,2021-11-19,3,185.57,INV-88478,SKU-4107,Product 47,556.71
10340,2021-12-30,7,134.08,INV-30421,SKU-9425,Product 10,938.5600000000001
10340,2022-01-14,8,72.29,INV-40244,SKU-3697,Product 80,578.32
10340,2022-02-22,10,127.87,INV-92096,SKU-7704,Product 66,1278.7
10340,2022-03-17,14,136.39,INV-57995,SKU-7230,Product 74,1909.4599999999998
10340,2022-03-21,7,78.41,INV-60357,SKU-7660,Product 17,548.87
10340,2022-04-04,8,150.08,INV-61586,SKU-9872,Product 8,1200.64
10340,2022-08-27,12,153.31,INV-88993,SKU-1477,Product 75,1839.72
10340,2022-09-15,4,105.82,INV-77410,SKU-4039,Product 62,423.28
10340,2022-09-21,6,150.53,INV-69523,SKU-2377,Product 77,903.1800000000001
10340,2022-10-07,11,93.14,INV-71886,SKU-3727,Product 88,1024.54
10340,2022-11-01,10,160.84,INV-67996,SKU-8936,Product 38,1608.4
10340,2022-11-20,11,94.82,INV-31101,SKU-6600,Product 9,1043.02
10340,2022-12-25,11,63.19,INV-10064,SKU-4299,Product 8,695.0899999999999
10341,2021-01-03,2,74.45,INV-87649,SKU-2417,Product 23,148.9
10341,2021-01-06,7,39.83,INV-62846,SKU-3701,Product 68,278.81
10341,2021-05-27,6,91.53,INV-66547,SKU-2300,Product 18,549.1800000000001
10341,2021-06-04,2,49.34,INV-72919,SKU-1540,Product 6,98.68
10341,2021-07-29,2,86.36,INV-84095,SKU-7361,Product 55,172.72
10341,2021-11-09,2,72.74,INV-87977,SKU-1181,Product 13,145.48
10341,2021-12-25,4,64.4,INV-35822,SKU-6267,Product 40,257.6
10341,2022-02-12,2,62.84,INV-72208,SKU-9470,Product 24,125.68
10341,2022-03-05,4,37.09,INV-93569,SKU-4690,Product 26,148.36
10341,2022-04-05,7,44.54,INV-20354,SKU-3127,Product 56,311.78
10341,2022-04-28,3,54.53,INV-34055,SKU-3258,Product 23,163.59
10341,2022-05-17,6,32.94,INV-40869,SKU-1145,Product 76,197.64
10341,2022-07-15,4,80.55,INV-76328,SKU-5191,Product 66,322.2
10341,2022-08-28,5,72.46,INV-87538,SKU-8529,Product 22,362.29999999999995
10341,2022-09-23,5,74.04,INV-59334,SKU-7740,Product 13,370.20000000000005
10341,2022-10-20,4,31.41,INV-61860,SKU-3335,Product 12,125.64
10342,2021-03-30,12,113.94,INV-54354,SKU-5332,Product 55,1367.28
10342,2021-07-06,3,70.35,INV-42574,SKU-4768,Product 55,211.04999999999998
10342,2021-07-07,12,65.7,INV-60865,SKU-8872,Product 32,788.4000000000001
10342,2021-08-27,6,119.81,INV-27349,SKU-1215,Product 36,718.86
10342,2021-10-14,13,134.16,INV-59884,SKU-7562,Product 94,1744.08
10342,2021-11-15,3,83.52,INV-92333,SKU-8904,Product 20,250.56
10342,2021-12-05,5,75.37,INV-31246,SKU-5177,Product 81,376.85
10342,2021-12-26,13,189.1,INV-83048,SKU-7890,Product 68,2458.2999999999997
10342,2022-01-19,8,171.14,INV-55588,SKU-2947,Product 4,1369.12
10342,2022-01-31,11,109.84,INV-38897,SKU-3418,Product 28,1208.24
10342,2022-02-19,14,138.91,INV-83167,SKU-4017,Product 93,1944.74
10342,2022-02-24,13,187.64,INV-49407,SKU-8018,Product 90,2439.3199999999997
10342,2022-03-11,5,104.28,INV-26847,SKU-1997,Product 10,521.4
10342,2022-04-09,10,105.52,INV-98667,SKU-9494,Product 80,1055.2
10342,2022-04-25,11,108.98,INV-94977,SKU-6190,Product 73,1198.78
10342,2022-06-16,10,75.27,INV-18095,SKU-4357,Product 65,752.6999999999999
10342,2022-09-11,8,86.37,INV-78019,SKU-2375,Product 58,690.96
10342,2022-09-20,3,99.57,INV-84219,SKU-1060,Product 54,298.71
10342,2022-10-17,4,138.33,INV-66707,SKU-7010,Product 7,553.32
10342,2022-10-19,13,147.47,INV-66847,SKU-7556,Product 21,1917.11
10342,2022-11-04,3,79.7,INV-65437,SKU-2408,Product 33,239.10000000000002
10342,2022-11-12,6,76.94,INV-73755,SKU-4241,Product 39,461.64
10342,2022-11-18,3,159.51,INV-73788,SKU-5355,Product 64,478.53
10343,2021-05-31,1,39.46,INV-93138,SKU-1605,Product 72,39.46
10343,2021-10-18,2,22.71,INV-28680,SKU-1774,Product 52,45.42
10343,2022-07-21,1,57.37,INV-84898,SKU-7639,Product 76,57.37
10344,2021-06-01,3,54.66,INV-35301,SKU-5381,Product 2,163.98
10344,2021-11-26,6,87.76,INV-47039,SKU-5323,Product 91,526.5600000000001
10344,2022-04-03,5,64.47,INV-25811,SKU-5233,Product 72,322.35
10344,2022-09-18,4,61.31,INV-14176,SKU-4686,Product 26,245.24
10344,2022-10-08,6,80.11,INV-33461,SKU-6351,Product 56,480.65999999999997
10344,2022-10-10,7,78.52,INV-85829,SKU-1615,Product 45,549.64
10344,2022-12-09,3,54.49,INV-71088,SKU-2605,Product 33,163.47
10345,2021-01-23,4,38.67,INV-47380,SKU-2888,Product 15,154.68
10345,2021-03-10,5,58.56,INV-49242,SKU-2374,Product 4,292.8
10345,2021-04-08,5,108.58,INV-11401,SKU-1545,Product 90,542.9
10345,2021-08-21,6,48.96,INV-64704,SKU-5978,Product 42,293.76
10345,2021-10-23,7,30.32,INV-58239,SKU-9191,Product 58,212.24
10345,2021-11-14,6,79.34,INV-26273,SKU-2184,Product 28,476.04
10345,2022-01-24,7,35.08,INV-30841,SKU-7671,Product 41,245.56
10345,2022-01-28,7,60.64,INV-46431,SKU-7294,Product 37,424.48
10345,2022-05-31,7,61.88,INV-44730,SKU-8246,Product 37,433.16
10345,2022-11-30,4,59.89,INV-79498,SKU-3390,Product 16,239.56
10346,2021-04-18,4,33.55,INV-96309,SKU-3347,Product 89,134.2
10346,2021-08-15,3,26.66,INV-87089,SKU-6025,Product 83,79.98
10346,2021-12-09,4,17.92,INV-27404,SKU-8093,Product 67,71.68
10346,2022-01-19,2,29.51,INV-11212,SKU-6697,Product 42,59.02
10347,2021-08-17,1,14.87,INV-70510,SKU-2705,Product 48,14.87
10347,2021-08-25,2,13.17,INV-59013,SKU-1975,Product 57,26.34
10347,2022-03-10,1,52.1,INV-44832,SKU-3351,Product 2,52.1
10347,2022-04-15,4,24.6,INV-19872,SKU-6273,Product 18,98.4
10347,2022-05-17,4,39.52,INV-64691,SKU-7048,Product 64,158.08
10347,2022-06-24,4,48.07,INV-29507,SKU-5724,Product 3,192.28
10347,2022-10-07,2,32.02,INV-86580,SKU-3209,Product 57,64.04
10347,2022-10-23,4,34.3,INV-68827,SKU-4892,Product 74,137.2
10348,2021-01-22,12,48.9,INV-62100,SKU-4935,Product 94,586.8
10348,2021-04-08,13,85.48,INV-82778,SKU-8573,Product 46,1111.24
10348,2021-05-21,14,132.31,INV-76771,SKU-8655,Product 81,1852.3400000000001
10348,2021-05-21,10,125.55,INV-19332,SKU-3830,Product 77,1255.5
10348,2021-08-06,8,141.92,INV-12294,SKU-3677,Product 54,1135.36
10348,2021-09-20,10,157.69,INV-76893,SKU-7228,Product 79,1576.9
10348,2021-10-05,13,86.21,INV-19422,SKU-9602,Product 2,1120.73
10348,2021-10-15,9,112.18,INV-81186,SKU-7079,Product 88,1009.6200000000001
10348,2022-01-26,12,106.88,INV-40762,SKU-6440,Product 62,1282.56
10348,2022-01-29,11,96.24,INV-82922,SKU-5893,Product 72,1058.6399999999999
10348,2022-02-09,4,182.93,INV-37938,SKU-4483,Product 1,731.72
10348,2022-02-24,3,143.26,INV-37708,SKU-5539,Product 73,429.78
10348,2022-05-10,9,71.55,INV-99591,SKU-6514,Product 39,643.9499999999999
10348,2022-05-16,12,83.69,INV-58773,SKU-8890,Product 69,1004.28
10348,2022-05-20,6,88.57,INV-22122,SKU-6776,Product 89,531.42
10348,2022-06-07,10,184.62,INV-40961,SKU-3034,Product 94,1846.2
10348,2022-06-27,11,96.79,INV-91149,SKU-7447,Product 2,1064.69
10348,2022-06-28,11,78.95,INV-13415,SKU-4568,Product 17,868.45
10348,2022-07-03,8,79.71,INV-41603,SKU-3019,Product 66,637.68
10348,2022-09-25,12,82.07,INV-39107,SKU-3400,Product 48,984.8399999999999
10348,2022-10-01,11,166.52,INV-22121,SKU-9683,Product 12,1831.72
10348,2022-11-01,13,53.66,INV-73428,SKU-1728,Product 8,697.5799999999999
10348,2022-12-09,4,165.39,INV-44822,SKU-1533,Product 72,661.56
10348,2022-12-21,12,163.47,INV-39784,SKU-9368,Product 73,1961.6399999999999
10349,2021-02-13,3,29.42,INV-36722,SKU-3824,Product 97,88.26
10350,2021-01-27,5,70.74,INV-97844,SKU-3379,Product 24,353.7
10350,2021-03-16,2,33.1,INV-13668,SKU-2615,Product 23,66.2
10350,2021-04-12,5,72.51,INV-57836,SKU-5595,Product 59,362.55
10350,2021-06-15,6,109.8,INV-66040,SKU-1865,Product 20,658.8
10350,2021-09-30,7,49.61,INV-25238,SKU-9943,Product 8,347.27
10350,2022-01-22,5,78.98,INV-79036,SKU-6987,Product 73,394.90000000000003
10350,2022-02-11,6,55.99,INV-43550,SKU-6300,Product 4,335.94
10350,2022-03-29,4,45.78,INV-61020,SKU-5112,Product 55,183.12
10350,2022-07-29,7,97.81,INV-54194,SKU-1225,Product 54,684.6700000000001
10350,2022-09-10,4,99.15,INV-78322,SKU-3695,Product 65,396.6
10350,2022-09-27,5,87.2,INV-72771,SKU-7785,Product 39,436.0
10350,2022-09-30,5,42.75,INV-79049,SKU-4219,Product 51,213.75
10350,2022-12-29,4,47.19,INV-27996,SKU-4275,Product 44,188.76
10351,2021-01-19,7,133.5,INV-78920,SKU-9997,Product 12,934.5
10351,2021-01-25,12,142.76,INV-60108,SKU-6096,Product 91,1713.12
10351,2021-02-03,10,133.28,INV-58005,SKU-7773,Product 26,1332.8
10351,2021-02-08,11,141.93,INV-55540,SKU-7579,Product 47,1561.23
10351,2021-03-03,3,190.59,INV-34214,SKU-3529,Product 80,571.77
10351,2021-03-04,11,123.16,INV-20086,SKU-2515,Product 72,1354.76
10351,2021-03-06,13,63.76,INV-94095,SKU-3372,Product 19,828.88
10351,2021-03-10,8,154.73,INV-22034,SKU-1815,Product 89,1237.84
10351,2021-03-27,12,155.05,INV-63106,SKU-4927,Product 69,1860.6000000000001
10351,2021-05-28,9,202.92,INV-19487,SKU-6932,Product 34,1826.28
10351,2021-06-18,14,71.81,INV-77581,SKU-9952,Product 77,1005.34
10351,2021-07-30,10,128.52,INV-74735,SKU-4684,Product 76,1285.2
10351,2021-08-10,8,184.4,INV-48677,SKU-6349,Product 96,1475.2
10351,2021-09-05,9,89.79,INV-71930,SKU-5501,Product 75,808.11
10351,2021-10-07,11,124.29,INV-75907,SKU-8020,Product 81,1367.19
10351,2021-11-03,8,97.83,INV-51607,SKU-3295,Product 24,782.64
10351,2021-12-07,11,64.49,INV-72630,SKU-4718,Product 71,709.39
10351,2021-12-13,9,155.85,INV-32423,SKU-4566,Product 79,1402.6499999999999
10351,2022-01-19,4,170.68,INV-98706,SKU-6508,Product 24,682.72
10351,2022-01-31,8,113.23,INV-47411,SKU-9580,Product 67,905.84
10351,2022-03-03,9,111.05,INV-89820,SKU-5234,Product 80,999.4499999999999
10351,2022-06-26,4,164.74,INV-74079,SKU-9059,Product 54,658.96
10351,2022-08-05,12,169.34,INV-59094,SKU-8747,Product 43,2032.08
10351,2022-09-12,4,75.94,INV-59989,SKU-2892,Product 22,303.76
10351,2022-09-14,7,59.01,INV-53400,SKU-1894,Product 63,413.07
10351,2022-10-26,4,145.81,INV-34833,SKU-9346,Product 48,583.24
10351,2022-11-21,10,159.31,INV-74303,SKU-5120,Product 81,1593.1
10351,2022-12-28,6,187.2,INV-20249,SKU-3311,Product 12,1123.1999999999998
10352,2021-01-09,4,21.36,INV-14134,SKU-7833,Product 34,85.44
10352,2021-03-16,4,14.86,INV-61450,SKU-9329,Product 90,59.44
10352,2021-07-29,4,20.28,INV-14841,SKU-8961,Product 79,81.12
10352,2022-11-13,2,41.62,INV-99402,SKU-6086,Product 29,83.24
10353,2021-07-12,1,46.28,INV-98675,SKU-2004,Product 18,46.28
10354,2021-05-10,7,69.76,INV-14861,SKU-3776,Product 61,488.32000000000005
10354,2021-09-13,5,85.6,INV-76886,SKU-5918,Product 99,428.0
10354,2022-02-10,7,63.6,INV-12221,SKU-6251,Product 28,445.2
10354,2022-05-07,5,86.35,INV-92789,SKU-7913,Product 40,431.75
10354,2022-05-10,4,84.88,INV-15643,SKU-1942,Product 90,339.52
10354,2022-05-12,4,45.35,INV-66488,SKU-3631,Product 11,181.4
10354,2022-10-19,3,70.37,INV-40367,SKU-1848,Product 41,211.11
10354,2022-12-18,2,53.42,INV-70245,SKU-4012,Product 49,106.84
10355,2021-01-17,3,106.75,INV-57689,SKU-8181,Product 45,320.25
10355,2021-03-25,7,58.61,INV-12846,SKU-7817,Product 7,410.27
10355,2021-05-01,5,108.03,INV-18765,SKU-9704,Product 79,540.15
10355,2021-10-21,3,29.21,INV-69978,SKU-4849,Product 61,87.63
10355,2022-02-24,7,46.6,INV-37770,SKU-8544,Product 38,326.2
10355,2022-09-14,5,43.93,INV-34315,SKU-2038,Product 98,219.65
10355,2022-12-02,5,79.47,INV-14897,SKU-6718,Product 88,397.35
10356,2022-01-09,1,26.89,INV-30036,SKU-4303,Product 48,26.89
10356,2022-01-13,4,42.6,INV-80486,SKU-8087,Product 82,170.4
10357,2021-02-12,6,39.93,INV-11104,SKU-3812,Product 12,239.57999999999998
10357,2021-05-12,7,31.94,INV-29752,SKU-7516,Product 95,223.58
10357,2021-07-26,7,39.05,INV-36558,SKU-1468,Product 18,273.34999999999997
10357,2021-07-26,3,62.65,INV-37254,SKU-2844,Product 25,187.95
10357,2022-03-06,4,90.34,INV-58504,SKU-4223,Product 66,361.36
10357,2022-04-09,3,69.65,INV-20110,SKU-3754,Product 56,208.95000000000002
10357,2022-04-22,3,54.33,INV-36866,SKU-5887,Product 47,162.99
10357,2022-05-14,6,40.48,INV-40888,SKU-7265,Product 57,242.88
10357,2022-05-29,5,31.32,INV-59178,SKU-6161,Product 69,156.6
10357,2022-07-15,2,53.94,INV-92674,SKU-8298,Product 73,107.88
10357,2022-07-31,7,51.6,INV-67405,SKU-6861,Product 82,361.2
10357,2022-11-24,2,74.86,INV-17426,SKU-5495,Product 14,149.72
10358,2021-08-19,3,27.86,INV-56228,SKU-3039,Product 93,83.58
10358,2022-08-21,3,55.24,INV-64327,SKU-9273,Product 97,165.72
10359,2021-04-19,3,100.68,INV-21416,SKU-7475,Product 63,302.04
10359,2021-04-21,2,96.62,INV-60952,SKU-6186,Product 69,193.24
10359,2021-05-15,4,52.3,INV-96888,SKU-4481,Product 70,209.2
10359,2021-07-15,4,90.42,INV-41245,SKU-5983,Product 32,361.68
10359,2021-09-10,3,63.46,INV-30080,SKU-4896,Product 37,190.38
10359,2021-10-30,5,83.08,INV-17089,SKU-1239,Product 12,415.4
10359,2022-08-27,6,89.47,INV-99074,SKU-5879,Product 13,536.8199999999999
10359,2022-11-12,5,93.57,INV-94544,SKU-6499,Product 3,467.84999999999997
10359,2022-11-22,7,57.33,INV-24803,SKU-6185,Product 67,401.31
10360,2021-01-31,3,36.64,INV-16768,SKU-3588,Product 66,109.92
10360,2021-06-21,3,21.79,INV-64051,SKU-4159,Product 25,65.37
10360,2021-12-25,4,46.22,INV-56837,SKU-1099,Product 52,184.88
10360,2021-12-27,2,12.84,INV-87192,SKU-3126,Product 77,25.68
10360,2022-03-15,4,33.8,INV-46704,SKU-9461,Product 95,135.2
10360,2022-07-31,4,52.94,INV-21187,SKU-5365,Product 91,211.76
10361,2021-11-17,2,12.97,INV-49759,SKU-1114,Product 6,25.94
10362,2021-02-20,1,20.47,INV-13465,SKU-3711,Product 85,20.47
10362,2022-02-24,4,45.15,INV-96135,SKU-1581,Product 28,180.6
10362,2022-11-05,2,17.91,INV-70886,SKU-6023,Product 87,35.82
10362,2022-11-18,4,43.29,INV-81860,SKU-4873,Product 69,173.16
10363,2021-11-16,1,26.25,INV-33958,SKU-6271,Product 86,26.25
10363,2022-05-14,4,37.62,INV-96111,SKU-4423,Product 90,150.48
10364,2021-09-15,2,29.62,INV-34914,SKU-2976,Product 27,59.24
10364,2021-11-26,2,42.11,INV-51831,SKU-5647,Product 19,84.22
10364,2022-05-03,2,13.06,INV-68557,SKU-5054,Product 90,26.12
10364,2022-06-04,4,27.23,INV-27207,SKU-4431,Product 1,108.92
10364,2022-07-02,3,11.72,INV-93328,SKU-4728,Product 47,35.160000000000004
10364,2022-10-17,2,38.33,INV-47289,SKU-2124,Product 29,76.66
10365,2021-01-18,6,102.99,INV-48807,SKU-8400,Product 61,617.9399999999999
10365,2021-03-31,4,51.0,INV-11056,SKU-1142,Product 96,204.0
10365,2021-07-19,4,77.37,INV-27285,SKU-8083,Product 86,309.48
10365,2021-12-30,2,39.24,INV-54082,SKU-9298,Product 82,78.48
10365,2022-02-06,5,66.52,INV-22135,SKU-5745,Product 45,332.59999999999997
10365,2022-02-27,2,78.93,INV-37771,SKU-5109,Product 32,157.86
10365,2022-06-24,3,90.96,INV-50472,SKU-6889,Product 90,272.88
10365,2022-07-13,7,43.79,INV-59487,SKU-9416,Product 35,306.53
10365,2022-09-26,2,94.59,INV-69687,SKU-5680,Product 68,189.18
10365,2022-10-20,6,93.33,INV-12934,SKU-6033,Product 71,559.98
10366,2021-02-18,7,97.78,INV-72233,SKU-1208,Product 5,684.46
10366,2021-04-07,2,37.77,INV-44005,SKU-2480,Product 75,75.54
10366,2021-05-07,2,26.63,INV-24425,SKU-3329,Product 36,53.26
10366,2021-06-17,5,33.88,INV-80143,SKU-6507,Product 47,169.4
10366,2021-07-19,7,64.08,INV-11268,SKU-2176,Product 97,448.56
10366,2021-08-04,5,68.78,INV-77789,SKU-5942,Product 43,343.9
10366,2021-09-07,7,69.55,INV-47038,SKU-8186,Product 75,486.84999999999997
10366,2021-11-09,2,38.51,INV-60907,SKU-9371,Product 43,77.02
10366,2021-11-27,5,34.52,INV-25748,SKU-4343,Product 27,172.60000000000002
10366,2022-01-20,5,84.94,INV-60710,SKU-2438,Product 75,424.7
10366,2022-01-22,3,103.5,INV-52814,SKU-4082,Product 14,310.5
10366,2022-05-27,2,94.98,INV-45435,SKU-7173,Product 46,189.96
10366,2022-06-30,5,69.22,INV-76204,SKU-1441,Product 53,346.1
10366,2022-07-26,6,109.0,INV-71375,SKU-1660,Product 89,654.0
10366,2022-07-29,7,62.33,INV-95843,SKU-9459,Product 21,436.31
10366,2022-07-30,5,62.05,INV-73103,SKU-9103,Product 86,310.25
10366,2022-08-14,3,34.14,INV-11358,SKU-2769,Product 74,102.42
10366,2022-09-18,3,56.18,INV-86976,SKU-7772,Product 92,168.54
10366,2022-09-23,5,33.52,INV-89553,SKU-7468,Product 55,167.60000000000002
10367,2021-04-12,7,43.27,INV-10500,SKU-9083,Product 40,302.89000000000004
10367,2021-05-31,2,31.44,INV-40985,SKU-8991,Product 80,62.88
10367,2021-07-25,7,75.34,INV-29369,SKU-6594,Product 74,527.38
10367,2021-09-13,6,45.26,INV-84874,SKU-9491,Product 86,271.56
10367,2021-10-29,7,58.2,INV-47473,SKU-6617,Product 95,407.40000000000003
10367,2022-03-24,5,69.44,INV-81871,SKU-1643,Product 40,347.2
10367,2022-04-27,3,68.03,INV-11462,SKU-2666,Product 25,204.09
10367,2022-06-15,6,93.13,INV-51472,SKU-3687,Product 1,558.78
10367,2022-08-28,3,54.75,INV-43541,SKU-8311,Product 60,164.25
10367,2022-09-19,5,45.72,INV-52568,SKU-3826,Product 66,228.6
10367,2022-10-25,5,78.81,INV-88893,SKU-5742,Product 61,394.05
10368,2021-01-19,4,21.51,INV-63994,SKU-7160,Product 2,86.04
10368,2021-10-18,3,12.5,INV-36542,SKU-5249,Product 13,37.5
10368,2022-01-21,1,15.31,INV-18209,SKU-5330,Product 54,15.31
10368,2022-03-03,1,16.01,INV-95293,SKU-7754,Product 38,16.01
10368,2022-03-22,3,53.19,INV-31310,SKU-2055,Product 63,159.57
10368,2022-08-11,2,44.58,INV-19669,SKU-7687,Product 19,89.16
10369,2022-03-27,4,21.98,INV-50276,SKU-3449,Product 47,87.92
10369,2022-09-11,3,22.16,INV-63551,SKU-4966,Product 21,66.48
10370,2021-01-17,7,93.02,INV-26740,SKU-8485,Product 48,651.14
10370,2021-07-27,6,71.53,INV-71786,SKU-5467,Product 41,429.18
10370,2021-09-24,6,53.82,INV-34805,SKU-8806,Product 67,322.92
10370,2021-10-23,5,101.87,INV-76297,SKU-5080,Product 26,509.35
10370,2022-08-25,6,38.22,INV-83203,SKU-1013,Product 91,229.32
10370,2022-10-03,6,71.85,INV-84035,SKU-7131,Product 33,431.09999999999997
10370,2022-10-31,3,35.07,INV-35699,SKU-2343,Product 58,105.21000000000001
10370,2022-11-20,2,48.78,INV-70998,SKU-3130,Product 57,97.56
10371,2021-01-10,8,54.12,INV-20095,SKU-5240,Product 19,432.96
10371,2021-02-16,4,52.12,INV-32322,SKU-2961,Product 36,208.48
10371,2021-03-11,4,205.94,INV-89035,SKU-4927,Product 17,823.76
10371,2021-03-25,13,212.6,INV-13475,SKU-5723,Product 43,2763.7999999999997
10371,2021-04-14,6,88.92,INV-46668,SKU-5224,Product 63,533.52
10371,2021-04-21,7,109.61,INV-12431,SKU-5670,Product 96,767.27
10371,2021-05-24,9,68.41,INV-25059,SKU-2286,Product 17,615.6899999999999
10371,2021-05-29,10,118.68,INV-57210,SKU-9674,Product 82,1186.8000000000002
10371,2021-06-05,6,123.75,INV-13658,SKU-7977,Product 82,742.5
10371,2021-07-02,4,140.43,INV-70857,SKU-3037,Product 51,561.72
10371,2021-07-03,9,141.34,INV-26549,SKU-2728,Product 17,1272.06
10371,2021-07-11,6,98.86,INV-27573,SKU-8156,Product 63,593.16
10371,2021-08-06,5,100.87,INV-94141,SKU-3742,Product 73,504.35
10371,2021-08-27,9,154.44,INV-97472,SKU-2897,Product 17,1389.96
10371,2021-09-11,9,165.56,INV-55975,SKU-1160,Product 19,1490.04
10371,2021-11-09,10,169.34,INV-59831,SKU-8429,Product 18,1693.4
10371,2021-12-12,12,139.84,INV-81055,SKU-8385,Product 61,1678.08
10371,2021-12-21,4,96.67,INV-90084,SKU-1252,Product 85,386.68
10371,2021-12-21,12,60.92,INV-23771,SKU-1490,Product 53,731.04
10371,2022-03-19,7,152.28,INV-28825,SKU-2017,Product 22,1065.96
10371,2022-04-01,6,126.84,INV-80678,SKU-7862,Product 36,761.04
10371,2022-04-13,12,133.84,INV-11215,SKU-3477,Product 89,1606.08
10371,2022-05-15,5,171.41,INV-74441,SKU-5540,Product 9,857.05
10371,2022-05-29,10,164.22,INV-23580,SKU-6830,Product 96,1642.2
10371,2022-07-17,12,105.84,INV-89530,SKU-2780,Product 78,1270.08
10371,2022-08-07,6,142.62,INV-54332,SKU-1907,Product 91,855.72
10371,2022-08-29,14,117.47,INV-67395,SKU-5019,Product 67,1644.58
10371,2022-09-14,5,191.36,INV-91863,SKU-1321,Product 28,956.8000000000001
10372,2021-04-12,6,49.65,INV-69336,SKU-9228,Product 78,297.9
10372,2021-07-31,2,30.33,INV-19529,SKU-8476,Product 91,60.66
10372,2021-08-04,4,87.72,INV-76504,SKU-6151,Product 53,350.88
10372,2022-01-03,5,82.79,INV-22780,SKU-8069,Product 99,413.95000000000005
10372,2022-01-21,5,74.79,INV-73217,SKU-8124,Product 86,373.95000000000005
10372,2022-03-25,4,46.55,INV-71339,SKU-5029,Product 51,186.2
10372,2022-04-28,7,64.07,INV-88330,SKU-2634,Product 31,448.48999999999995
10372,2022-08-13,7,93.21,INV-53781,SKU-9533,Product 82,652.4699999999999
10373,2021-02-21,2,21.61,INV-30878,SKU-2396,Product 5,43.22
10373,2021-06-21,3,55.77,INV-59103,SKU-3063,Product 59,167.31
10373,2021-08-19,2,11.21,INV-26616,SKU-4027,Product 66,22.42
10373,2022-06-20,4,33.15,INV-49284,SKU-4483,Product 19,132.6
10374,2021-01-28,5,92.98,INV-68695,SKU-1271,Product 44,464.90000000000003
10374,2021-03-29,2,68.14,INV-26834,SKU-1350,Product 9,136.28
10374,2021-04-08,7,77.62,INV-40215,SKU-8167,Product 72,543.34
10374,2021-04-19,5,39.62,INV-29622,SKU-9452,Product 96,198.1
10374,2021-04-26,4,66.48,INV-96562,SKU-3127,Product 6,265.92
10374,2021-12-16,2,40.41,INV-41875,SKU-1596,Product 39,80.82
10374,2021-12-28,3,59.36,INV-78078,SKU-1678,Product 98,178.07999999999998
10374,2021-12-30,7,36.17,INV-77552,SKU-9358,Product 80,253.19
10374,2022-02-18,6,38.61,INV-84398,SKU-3584,Product 79,231.66
10374,2022-02-26,6,54.55,INV-64916,SKU-2819,Product 21,327.29999999999995
10374,2022-03-18,4,92.85,INV-92753,SKU-8227,Product 3,371.4
10374,2022-10-21,6,30.32,INV-36313,SKU-2954,Product 42,181.92000000000002
10374,2022-12-01,4,30.55,INV-63374,SKU-1637,Product 41,122.2
10375,2022-05-08,4,29.18,INV-26663,SKU-4977,Product 78,116.72
10375,2022-12-11,3,29.16,INV-61342,SKU-8264,Product 47,87.48
10376,2021-08-11,1,16.4,INV-12539,SKU-1390,Product 83,16.4
10376,2021-09-22,3,35.65,INV-29743,SKU-9876,Product 56,106.94999999999999
10376,2022-01-15,4,31.39,INV-57427,SKU-7303,Product 66,125.56
10376,2022-06-01,3,21.28,INV-17493,SKU-5103,Product 29,63.84
10376,2022-06-17,3,50.17,INV-76454,SKU-9897,Product 39,150.51
10377,2021-01-07,14,163.1,INV-32146,SKU-5390,Product 92,2283.4
10377,2021-02-06,10,136.32,INV-55052,SKU-2382,Product 23,1363.1999999999998
10377,2021-03-17,11,49.31,INV-20487,SKU-8070,Product 53,542.4100000000001
10377,2021-04-23,9,142.69,INV-78350,SKU-9714,Product 51,1284.21
10377,2021-05-21,11,151.85,INV-81348,SKU-4344,Product 57,1670.35
10377,2021-06-11,9,97.81,INV-68616,SKU-6140,Product 63,880.29
10377,2021-07-26,8,86.41,INV-99695,SKU-8564,Product 84,691.28
10377,2021-08-13,11,78.1,INV-61414,SKU-8885,Product 16,859.0999999999999
10377,2021-09-11,7,96.38,INV-16745,SKU-6697,Product 46,674.66
10377,2021-10-13,7,85.17,INV-24538,SKU-2517,Product 95,596.19
10377,2021-11-08,9,69.13,INV-12179,SKU-3019,Product 48,622.17
10377,2022-03-12,13,120.53,INV-73578,SKU-8716,Product 58,1566.89
10377,2022-03-26,6,58.83,INV-62137,SKU-1559,Product 74,352.98
10377,2022-04-15,8,213.94,INV-92764,SKU-2514,Product 85,1711.52
10377,2022-04-16,9,56.38,INV-55231,SKU-3631,Product 91,507.42
10377,2022-05-15,8,130.55,INV-48506,SKU-6984,Product 18,1044.4
10377,2022-06-14,12,165.35,INV-84311,SKU-9650,Product 17,1984.1999999999998
10377,2022-06-24,13,140.33,INV-89233,SKU-3666,Product 39,1824.2900000000002
10377,2022-06-25,12,128.52,INV-66536,SKU-6678,Product 40,1542.2400000000002
10377,2022-06-26,6,126.76,INV-14311,SKU-8736,Product 17,760.5600000000001
10377,2022-07-22,12,79.07,INV-95711,SKU-2357,Product 29,948.8399999999999
10377,2022-07-30,13,114.1,INV-85630,SKU-7697,Product 8,1483.3
10377,2022-08-08,4,113.98,INV-28266,SKU-5345,Product 8,455.92
10377,2022-08-31,11,92.94,INV-25092,SKU-7900,Product 84,1022.3399999999999
10377,2022-09-06,14,159.4,INV-29483,SKU-7030,Product 6,2231.6
10377,2022-10-11,3,49.21,INV-48736,SKU-2098,Product 98,147.63
10377,2022-10-20,4,146.48,INV-72249,SKU-1298,Product 21,585.92
10377,2022-10-28,7,123.61,INV-31227,SKU-5038,Product 79,865.27
10377,2022-11-19,10,64.56,INV-39339,SKU-5694,Product 42,645.6
10377,2022-11-30,10,167.18,INV-68453,SKU-7558,Product 10,1671.8000000000002
10377,2022-12-02,3,66.98,INV-32778,SKU-1324,Product 90,200.94
10377,2022-12-15,13,137.51,INV-14540,SKU-9289,Product 58,1787.6299999999999
10378,2021-04-23,6,66.28,INV-96914,SKU-7436,Product 3,397.68
10378,2021-09-22,2,31.37,INV-88554,SKU-2508,Product 15,62.74
10378,2022-04-12,4,80.17,INV-99619,SKU-2425,Product 54,320.68
10378,2022-05-14,4,53.68,INV-70167,SKU-4925,Product 29,214.72
10378,2022-08-17,7,85.34,INV-58621,SKU-1158,Product 60,597.38
10378,2022-09-12,6,51.15,INV-48389,SKU-2966,Product 53,306.9
10378,2022-12-05,6,28.35,INV-86518,SKU-3157,Product 39,170.10000000000002
10379,2021-01-23,5,62.66,INV-95765,SKU-6756,Product 42,313.29999999999995
10379,2021-03-17,7,73.36,INV-69341,SKU-8161,Product 40,513.52
10379,2021-08-20,5,63.33,INV-87332,SKU-9066,Product 31,316.65
10379,2021-09-25,7,50.19,INV-49128,SKU-6412,Product 6,351.33
10379,2021-12-22,2,47.6,INV-65931,SKU-3056,Product 40,95.2
10379,2022-03-01,5,42.6,INV-89787,SKU-2873,Product 87,213.0
10379,2022-04-16,5,62.75,INV-63626,SKU-5231,Product 90,313.75
10379,2022-06-18,6,56.27,INV-40358,SKU-2790,Product 9,337.62
10379,2022-07-01,5,89.32,INV-48983,SKU-4468,Product 74,446.59999999999997
10379,2022-10-15,7,74.0,INV-85153,SKU-1474,Product 95,518.0
10379,2022-12-01,3,90.56,INV-40083,SKU-2732,Product 78,271.68
10380,2021-04-09,5,86.0,INV-67599,SKU-1901,Product 30,430.0
10380,2021-09-07,7,44.22,INV-36354,SKU-5590,Product 35,309.53999999999996
10380,2021-11-16,4,29.99,INV-13880,SKU-7559,Product 20,119.96
10380,2022-02-03,5,74.82,INV-58326,SKU-7411,Product 84,374.09999999999997
10380,2022-03-25,3,80.85,INV-58287,SKU-4045,Product 92,242.54999999999998
10381,2021-01-19,12,66.55,INV-51733,SKU-9734,Product 66,798.5999999999999
10381,2021-03-27,3,172.33,INV-67498,SKU-4240,Product 28,516.99
10381,2021-05-29,9,131.86,INV-50709,SKU-7168,Product 50,1186.7400000000002
10381,2021-06-10,4,165.09,INV-93162,SKU-1712,Product 77,660.36
10381,2021-06-10,4,106.93,INV-90390,SKU-6503,Product 81,427.72
10381,2021-06-20,12,161.75,INV-39151,SKU-4472,Product 58,1941.0
10381,2021-06-23,5,77.51,INV-24052,SKU-8332,Product 72,387.55
10381,2021-08-23,14,108.38,INV-60465,SKU-7546,Product 24,1517.32
10381,2021-09-02,8,118.08,INV-54733,SKU-8935,Product 59,944.64
10381,2021-09-15,9,117.49,INV-85762,SKU-9166,Product 24,1057.4099999999999
10381,2021-09-18,8,124.7,INV-74965,SKU-4497,Product 67,997.6
10381,2021-10-29,3,209.92,INV-81356,SKU-4052,Product 90,629.76
10381,2021-11-02,3,160.55,INV-25416,SKU-6254,Product 88,481.65000000000003
10381,2022-02-09,5,96.44,INV-56545,SKU-7990,Product 79,482.2
10381,2022-04-30,11,150.47,INV-81923,SKU-3521,Product 37,1655.17
10381,2022-07-14,8,135.28,INV-55100,SKU-2442,Product 83,1082.24
10381,2022-07-18,6,80.88,INV-49203,SKU-8321,Product 28,485.28
10381,2022-07-23,12,71.15,INV-82582,SKU-5186,Product 83,853.8000000000001
10381,2022-10-09,12,86.67,INV-50983,SKU-2079,Product 90,1040.04
10381,2022-11-07,7,76.89,INV-16612,SKU-7022,Product 66,538.23
10382,2021-01-10,11,191.2,INV-81035,SKU-1364,Product 90,2103.2
10382,2021-01-18,6,148.01,INV-54348,SKU-6651,Product 50,888.06
10382,2021-02-13,5,163.84,INV-82246,SKU-2037,Product 13,819.2
10382,2021-03-19,12,146.72,INV-29887,SKU-8824,Product 38,1760.6399999999999
10382,2021-05-23,13,106.43,INV-29579,SKU-6099,Product 97,1383.5900000000001
10382,2021-05-24,5,169.43,INV-62152,SKU-8666,Product 49,847.1500000000001
10382,2021-06-19,13,132.01,INV-12246,SKU-4626,Product 7,1716.1299999999999
10382,2021-06-26,10,170.65,INV-77635,SKU-7386,Product 91,1706.5
10382,2021-07-11,3,233.26,INV-64978,SKU-5462,Product 9,699.78
10382,2021-07-13,12,103.18,INV-55788,SKU-6515,Product 27,1238.16
10382,2021-07-13,7,78.72,INV-12435,SKU-7780,Product 13,551.04
10382,2021-07-17,4,121.01,INV-88302,SKU-7696,Product 47,484.04
10382,2021-08-08,10,97.33,INV-13347,SKU-5101,Product 84,973.3
10382,2021-08-26,7,152.14,INV-81727,SKU-2458,Product 57,1064.98
10382,2021-08-28,9,50.38,INV-72119,SKU-8176,Product 50,453.42
10382,2021-09-03,13,102.03,INV-93366,SKU-3402,Product 11,1326.39
10382,2021-09-29,7,172.44,INV-18201,SKU-4098,Product 99,1207.08
10382,2021-10-10,3,146.7,INV-73045,SKU-8323,Product 18,440.09999999999997
10382,2021-10-16,14,102.58,INV-66153,SKU-2387,Product 2,1436.12
10382,2021-10-16,3,209.0,INV-15423,SKU-7502,Product 61,627.0
10382,2021-11-08,3,117.99,INV-54356,SKU-5375,Product 71,353.96999999999997
10382,2021-11-27,8,117.78,INV-95353,SKU-5633,Product 4,942.24
10382,2021-12-05,7,158.71,INV-97822,SKU-7032,Product 34,1110.97
10382,2021-12-22,3,74.67,INV-83927,SKU-9369,Product 39,224.01
10382,2021-12-28,4,102.01,INV-88863,SKU-9518,Product 96,408.04
10382,2021-12-29,3,79.77,INV-97681,SKU-9762,Product 96,239.31
10382,2022-01-02,10,102.57,INV-36844,SKU-7300,Product 53,1025.6999999999998
10382,2022-01-27,13,93.86,INV-13632,SKU-7728,Product 84,1220.18
10382,2022-02-08,8,85.64,INV-51478,SKU-3685,Product 83,685.12
10382,2022-02-18,12,116.12,INV-51421,SKU-4552,Product 69,1393.44
10382,2022-02-18,10,131.96,INV-33670,SKU-7473,Product 87,1319.6000000000001
10382,2022-03-15,3,135.99,INV-81706,SKU-3353,Product 96,407.97
10382,2022-04-17,9,117.83,INV-71178,SKU-1608,Product 1,1060.47
10382,2022-06-04,12,115.91,INV-95911,SKU-9534,Product 25,1390.92
10382,2022-10-06,9,148.7,INV-69057,SKU-6713,Product 21,1338.3
10382,2022-10-22,8,168.59,INV-90698,SKU-1440,Product 90,1348.72
10382,2022-11-30,9,98.06,INV-92212,SKU-9728,Product 7,882.54
10383,2022-06-24,3,29.33,INV-75382,SKU-9783,Product 35,87.99
10383,2022-12-03,4,49.35,INV-99690,SKU-6413,Product 15,197.4
10384,2021-02-01,4,27.91,INV-45757,SKU-4830,Product 73,111.64
10384,2021-02-28,7,65.77,INV-59843,SKU-7066,Product 4,460.39
10384,2021-04-06,6,78.39,INV-49782,SKU-6479,Product 36,470.34000000000003
10384,2021-10-10,3,73.76,INV-20807,SKU-9792,Product 9,221.28000000000003
10384,2022-07-26,2,45.06,INV-43427,SKU-3122,Product 58,90.12
10384,2022-10-17,4,66.69,INV-39980,SKU-4051,Product 50,266.76
10384,2022-11-17,3,68.78,INV-25073,SKU-9190,Product 84,206.34
10385,2021-03-14,7,86.34,INV-21326,SKU-4463,Product 28,604.38
10385,2021-03-20,5,69.6,INV-58112,SKU-3414,Product 50,348.0
10385,2021-06-29,7,60.83,INV-16533,SKU-1243,Product 73,425.81
10385,2021-08-06,2,54.29,INV-21441,SKU-5218,Product 86,108.58
10385,2021-09-11,7,55.62,INV-66117,SKU-7704,Product 25,389.34
10385,2022-02-20,6,51.87,INV-61673,SKU-4476,Product 18,311.21999999999997
10385,2022-07-11,4,96.21,INV-31867,SKU-2616,Product 56,384.84
10385,2022-09-25,5,110.09,INV-80624,SKU-1000,Product 39,550.45
10386,2021-02-27,3,33.1,INV-10737,SKU-2299,Product 50,99.30000000000001
10386,2022-01-15,1,37.37,INV-18897,SKU-3414,Product 25,37.37
10386,2022-11-18,2,19.13,INV-97710,SKU-2883,Product 92,38.26
10387,2021-05-02,2,46.9,INV-21660,SKU-9759,Product 67,93.8
10387,2021-07-22,1,32.51,INV-93629,SKU-6782,Product 83,32.51
10387,2021-07-29,4,9.56,INV-76576,SKU-3686,Product 40,38.24
10387,2021-08-27,1,24.99,INV-97741,SKU-6676,Product 80,24.99
10387,2021-10-03,4,46.18,INV-53336,SKU-9070,Product 41,184.72
10387,2021-11-11,1,15.73,INV-34129,SKU-1498,Product 63,15.73
10387,2022-03-31,3,50.93,INV-71978,SKU-8088,Product 75,152.79
10387,2022-08-09,2,35.13,INV-49770,SKU-7131,Product 78,70.26
10388,2021-01-17,3,185.21,INV-34809,SKU-1407,Product 54,555.63
10388,2021-01-17,12,45.32,INV-70981,SKU-4747,Product 21,543.84
10388,2021-01-26,5,125.94,INV-23331,SKU-5306,Product 39,629.7
10388,2021-04-02,5,94.44,INV-14852,SKU-1595,Product 52,472.2
10388,2021-04-08,3,189.58,INV-10152,SKU-6909,Product 2,568.74
10388,2021-04-26,4,178.09,INV-75250,SKU-4420,Product 21,712.36
10388,2021-08-06,6,190.84,INV-94703,SKU-9347,Product 51,1145.04
10388,2021-09-04,5,127.81,INV-66611,SKU-8419,Product 25,639.05
10388,2021-09-25,8,137.12,INV-33241,SKU-2666,Product 32,1096.96
10388,2021-10-10,13,167.09,INV-21154,SKU-7609,Product 99,2172.17
10388,2021-12-10,12,79.75,INV-15138,SKU-4852,Product 45,957.0
10388,2021-12-30,12,134.34,INV-18016,SKU-3057,Product 41,1612.08
10388,2022-01-15,11,173.74,INV-48862,SKU-4681,Product 43,1911.14
10388,2022-01-27,7,101.9,INV-19831,SKU-1616,Product 37,713.3000000000001
10388,2022-02-05,12,76.78,INV-58242,SKU-1185,Product 94,921.36
10388,2022-05-05,10,110.34,INV-80071,SKU-8273,Product 49,1103.4
10388,2022-05-12,4,164.02,INV-21805,SKU-8410,Product 52,656.08
10388,2022-06-20,9,154.59,INV-87347,SKU-9462,Product 5,1391.31
10388,2022-06-26,6,138.09,INV-12977,SKU-1962,Product 94,828.54
10388,2022-07-01,12,106.71,INV-79555,SKU-5270,Product 97,1280.52
10388,2022-07-03,10,70.89,INV-65757,SKU-2804,Product 17,708.9
10388,2022-08-27,5,196.43,INV-28689,SKU-2268,Product 22,982.1500000000001
10388,2022-09-05,14,69.87,INV-65511,SKU-3633,Product 32,978.1800000000001
10388,2022-09-20,14,126.91,INV-87336,SKU-4960,Product 35,1776.74
10388,2022-09-25,3,157.85,INV-44388,SKU-5312,Product 20,473.54999999999995
10388,2022-10-26,9,139.05,INV-63884,SKU-4908,Product 44,1251.45
10388,2022-11-09,13,119.62,INV-11086,SKU-9022,Product 96,1555.06
10388,2022-11-17,11,180.47,INV-82943,SKU-1870,Product 3,1985.17
10388,2022-11-23,7,145.32,INV-48658,SKU-7053,Product 94,1017.24
10388,2022-12-27,3,94.61,INV-25748,SKU-4791,Product 7,283.83
10390,2021-03-27,4,74.25,INV-86729,SKU-2320,Product 81,297.0
10390,2021-04-23,6,59.61,INV-34802,SKU-4357,Product 28,357.65999999999997
10390,2021-05-15,6,39.8,INV-66513,SKU-6671,Product 78,238.79999999999998
10390,2021-06-26,6,93.2,INV-92990,SKU-2050,Product 71,559.2
10390,2021-08-13,3,85.96,INV-42811,SKU-4842,Product 98,257.88
10390,2021-08-19,2,45.96,INV-14222,SKU-2989,Product 93,91.92
10390,2021-10-04,3,89.2,INV-73365,SKU-3322,Product 59,267.6
10390,2021-10-04,7,31.98,INV-55411,SKU-4392,Product 23,223.86
10390,2022-01-07,6,45.68,INV-42046,SKU-6441,Product 49,274.08
10390,2022-05-08,2,55.08,INV-35406,SKU-2592,Product 29,110.16
10390,2022-11-12,2,64.71,INV-50579,SKU-8018,Product 46,129.42
10390,2022-11-18,4,36.27,INV-49735,SKU-1155,Product 3,145.08
10391,2021-03-07,4,18.31,INV-83086,SKU-3075,Product 7,73.24
10391,2021-05-19,3,15.56,INV-29996,SKU-1508,Product 69,46.68
10391,2021-08-21,2,28.37,INV-39402,SKU-9759,Product 17,56.74
10391,2022-09-20,1,34.02,INV-40496,SKU-2422,Product 7,34.02
10391,2022-12-21,4,28.54,INV-18981,SKU-5648,Product 76,114.16
10392,2021-07-29,1,42.57,INV-86925,SKU-2883,Product 40,42.57
10392,2022-01-13,4,14.11,INV-72662,SKU-8843,Product 54,56.44
10392,2022-07-16,1,28.98,INV-39079,SKU-5899,Product 60,28.98
10392,2022-09-22,4,25.44,INV-29874,SKU-2523,Product 92,101.76
10393,2021-05-31,2,14.19,INV-71700,SKU-6637,Product 4,28.38
10394,2021-05-24,4,112.12,INV-83369,SKU-2893,Product 12,448.48
10394,2021-11-19,3,87.78,INV-79131,SKU-1854,Product 78,263.34000000000003
10394,2021-12-09,7,64.23,INV-97057,SKU-9331,Product 72,449.61
10394,2022-02-06,3,38.1,INV-26737,SKU-3318,Product 8,114.30000000000001
10394,2022-03-10,4,101.01,INV-19782,SKU-9094,Product 74,404.04
10394,2022-03-29,7,40.5,INV-62727,SKU-7592,Product 41,283.5
10394,2022-05-23,2,69.95,INV-56475,SKU-2545,Product 59,139.9
10394,2022-06-04,7,49.11,INV-96504,SKU-7394,Product 58,343.77
10394,2022-07-28,4,41.99,INV-40916,SKU-7875,Product 80,167.96
10394,2022-09-21,7,78.46,INV-99194,SKU-3587,Product 58,549.2199999999999
10394,2022-10-24,2,72.67,INV-83916,SKU-5076,Product 30,145.34
10395,2021-01-10,1,26.47,INV-74940,SKU-3543,Product 92,26.47
10396,2021-02-17,3,164.55,INV-21066,SKU-8008,Product 44,493.65000000000003
10396,2021-03-01,10,179.25,INV-44029,SKU-8633,Product 29,1792.5
10396,2021-04-12,10,78.2,INV-76780,SKU-2333,Product 86,782.0
10396,2021-05-01,4,204.35,INV-51662,SKU-4625,Product 42,817.4
10396,2021-05-30,11,95.86,INV-46191,SKU-5805,Product 69,1054.46
10396,2021-06-02,12,101.62,INV-63444,SKU-3268,Product 99,1219.44
10396,2021-06-06,11,82.15,INV-52843,SKU-6581,Product 13,903.6500000000001
10396,2021-07-04,4,106.12,INV-27504,SKU-6329,Product 36,424.48
10396,2021-07-13,9,97.79,INV-86530,SKU-6621,Product 43,880.11
10396,2021-08-23,6,64.72,INV-47539,SKU-3696,Product 43,388.32
10396,2022-02-05,3,81.92,INV-82369,SKU-6824,Product 10,245.76
10396,2022-03-21,8,141.38,INV-86445,SKU-5882,Product 41,1131.04
10396,2022-04-26,6,128.42,INV-66632,SKU-6159,Product 52,770.52
10396,2022-05-05,7,90.21,INV-38289,SKU-9826,Product 69,631.4699999999999
10396,2022-06-21,8,227.65,INV-30244,SKU-8858,Product 24,1821.2
10396,2022-09-18,11,109.82,INV-35496,SKU-9880,Product 49,1208.02
10396,2022-10-03,3,73.78,INV-45050,SKU-9744,Product 53,221.34
10396,2022-10-31,6,149.06,INV-75298,SKU-4214,Product 70,894.36
10396,2022-11-16,4,144.39,INV-79815,SKU-1673,Product 17,577.56
10396,2022-12-21,7,193.63,INV-45168,SKU-4158,Product 59,1355.4099999999999
10397,2021-01-02,10,108.37,INV-36974,SKU-9377,Product 88,1083.7
10397,2021-01-13,6,96.88,INV-46498,SKU-5365,Product 21,581.28
10397,2021-01-14,3,68.34,INV-75436,SKU-7306,Product 81,205.02
10397,2021-02-12,13,188.63,INV-84043,SKU-1620,Product 96,2452.19
10397,2021-03-27,12,195.97,INV-61940,SKU-6153,Product 83,2351.64
10397,2021-05-24,14,151.84,INV-30577,SKU-9113,Product 23,2125.76
10397,2021-07-01,7,165.71,INV-42915,SKU-2709,Product 79,1159.97
10397,2021-09-11,10,52.58,INV-49379,SKU-1387,Product 34,525.8
10397,2021-10-28,7,77.29,INV-98001,SKU-6484,Product 61,541.0300000000001
10397,2022-01-26,12,107.43,INV-54084,SKU-2421,Product 71,1289.16
10397,2022-01-26,8,69.3,INV-54954,SKU-1469,Product 86,554.4
10397,2022-04-16,12,94.39,INV-87219,SKU-6839,Product 33,1132.68
10397,2022-07-05,8,126.8,INV-48221,SKU-2827,Product 95,1014.4
10397,2022-07-07,7,81.13,INV-36401,SKU-6080,Product 7,567.91
10397,2022-07-14,3,86.57,INV-92641,SKU-3163,Product 23,259.71
10397,2022-07-14,11,139.46,INV-29860,SKU-6097,Product 39,1534.0600000000002
10397,2022-08-13,8,114.09,INV-85263,SKU-1559,Product 22,912.72
10397,2022-09-15,12,158.67,INV-51226,SKU-6092,Product 42,1904.04
10397,2022-10-05,6,138.82,INV-42980,SKU-2658,Product 78,832.92
10397,2022-10-27,10,97.0,INV-95717,SKU-2578,Product 55,970.0
10397,2022-11-24,3,123.16,INV-75768,SKU-6735,Product 52,369.48
10398,2021-01-17,4,93.52,INV-24189,SKU-6955,Product 85,374.08
10398,2021-02-08,2,33.93,INV-58276,SKU-7051,Product 26,67.86
10398,2021-02-09,4,33.72,INV-52392,SKU-6577,Product 28,134.88
10398,2021-07-18,4,115.7,INV-32505,SKU-9956,Product 38,462.8
10398,2021-09-07,7,94.86,INV-86252,SKU-3384,Product 76,664.02
10398,2021-10-26,2,84.21,INV-68028,SKU-9072,Product 37,168.42
10398,2022-01-19,7,49.56,INV-66851,SKU-6733,Product 78,346.92
10398,2022-02-27,7,67.28,INV-23440,SKU-1539,Product 20,470.96000000000004
10398,2022-03-28,3,75.15,INV-79404,SKU-4137,Product 17,225.45000000000002
10398,2022-05-12,4,30.8,INV-79005,SKU-9407,Product 93,123.2
10398,2022-05-23,6,34.64,INV-19228,SKU-6302,Product 17,207.84
10398,2022-06-19,3,89.03,INV-11010,SKU-4477,Product 62,267.09000000000003
10399,2021-01-17,14,109.01,INV-53114,SKU-6456,Product 86,1526.14
10399,2021-03-28,7,62.26,INV-47853,SKU-6646,Product 30,435.82
10399,2021-03-28,9,112.71,INV-32489,SKU-9671,Product 61,1014.39
10399,2021-04-28,7,158.91,INV-97267,SKU-5289,Product 18,1112.37
10399,2021-05-11,4,92.47,INV-14991,SKU-6202,Product 5,369.88
10399,2021-05-27,9,150.76,INV-84634,SKU-6755,Product 61,1356.84
10399,2021-08-23,4,82.62,INV-36145,SKU-1028,Product 66,330.48
10399,2021-08-29,6,181.48,INV-96364,SKU-4423,Product 34,1088.8799999999999
10399,2021-11-20,14,110.18,INV-36898,SKU-2615,Product 87,1542.52
10399,2021-12-18,10,103.17,INV-69321,SKU-6479,Product 67,1031.7
10399,2022-03-08,11,65.77,INV-76346,SKU-3030,Product 21,723.4699999999999
10399,2022-03-11,8,121.48,INV-49552,SKU-6493,Product 3,971.84
10399,2022-03-18,12,139.16,INV-74372,SKU-9949,Product 68,1669.92
10399,2022-03-31,6,189.93,INV-28085,SKU-4302,Product 36,1139.58
10399,2022-05-05,8,68.88,INV-85300,SKU-8229,Product 93,551.04
10399,2022-05-14,14,156.23,INV-32474,SKU-8287,Product 19,2187.22
10399,2022-06-19,5,167.44,INV-48872,SKU-6819,Product 36,837.2
10399,2022-07-07,12,174.42,INV-93251,SKU-8890,Product 82,2093.04
10399,2022-08-16,14,126.86,INV-99666,SKU-1473,Product 15,1776.04
10399,2022-09-01,11,57.12,INV-19695,SKU-6803,Product 82,628.3199999999999
10399,2022-11-13,14,204.73,INV-30661,SKU-2474,Product 97,2866.22
10399,2022-11-27,11,56.61,INV-77278,SKU-6720,Product 54,622.71
10399,2022-12-24,5,179.65,INV-14922,SKU-7322,Product 20,898.25
10400,2021-12-07,5,63.7,INV-83933,SKU-1815,Product 66,318.5
10400,2022-07-20,6,102.74,INV-16263,SKU-5368,Product 2,616.4399999999999
10400,2022-09-15,2,65.14,INV-49806,SKU-6595,Product 67,130.28
10400,2022-10-18,5,47.87,INV-73480,SKU-4432,Product 94,239.35
10401,2021-02-18,1,42.54,INV-27905,SKU-4098,Product 13,42.54
10401,2021-05-03,4,49.02,INV-88943,SKU-9454,Product 72,196.08
10401,2021-05-20,3,56.45,INV-66624,SKU-3651,Product 8,169.35000000000002
10401,2021-08-26,3,49.51,INV-51708,SKU-1804,Product 6,148.53
10401,2021-10-19,1,20.55,INV-22787,SKU-7512,Product 84,20.55
10401,2022-02-10,3,51.03,INV-40029,SKU-3172,Product 14,153.09
10401,2022-11-27,3,15.37,INV-94329,SKU-7504,Product 10,46.11
10402,2021-01-25,1,15.79,INV-34122,SKU-9456,Product 77,15.79
10402,2021-03-01,2,23.89,INV-70494,SKU-4625,Product 41,47.78
10402,2021-07-11,1,40.56,INV-49732,SKU-8067,Product 3,40.56
10402,2022-06-24,2,27.66,INV-41655,SKU-7103,Product 28,55.32
10403,2021-05-07,7,75.8,INV-44890,SKU-9689,Product 32,530.6
10403,2021-07-21,7,65.98,INV-56053,SKU-9473,Product 50,461.86
10403,2021-08-10,5,52.37,INV-28617,SKU-2313,Product 75,261.84999999999997
10403,2021-09-04,7,60.16,INV-47787,SKU-4477,Product 31,421.12
10403,2021-09-28,5,99.69,INV-98802,SKU-8470,Product 91,498.45
10403,2021-12-17,4,44.16,INV-70787,SKU-6059,Product 49,176.64
10403,2022-06-12,6,42.19,INV-25357,SKU-1561,Product 14,253.14
10403,2022-07-28,6,84.99,INV-75310,SKU-6870,Product 29,509.93999999999994
10403,2022-08-07,3,79.99,INV-61790,SKU-4877,Product 62,239.96999999999997
10404,2021-04-14,4,61.67,INV-27207,SKU-8876,Product 94,246.68
10404,2021-06-10,6,101.44,INV-86149,SKU-5837,Product 62,608.64
10404,2022-07-21,5,48.78,INV-65956,SKU-8510,Product 7,243.9
10405,2021-02-22,3,51.06,INV-87240,SKU-4706,Product 58,153.18
10405,2021-04-21,2,62.22,INV-45677,SKU-1678,Product 57,124.44
10405,2021-06-13,4,48.72,INV-20729,SKU-6245,Product 92,194.88
10405,2021-10-20,3,60.67,INV-47710,SKU-7961,Product 4,182.01
10405,2021-10-21,6,47.98,INV-29895,SKU-6741,Product 22,287.88
10405,2022-01-14,2,49.23,INV-73815,SKU-2238,Product 96,98.46
10405,2022-05-07,2,77.12,INV-52485,SKU-3774,Product 58,154.24
10405,2022-06-01,2,93.61,INV-26219,SKU-9736,Product 72,187.22
10405,2022-06-24,2,92.85,INV-77519,SKU-9506,Product 38,185.7
10405,2022-08-31,5,88.81,INV-29352,SKU-8269,Product 44,444.05
10405,2022-09-09,3,78.23,INV-58440,SKU-7630,Product 11,234.69
10405,2022-11-29,3,75.26,INV-72408,SKU-7035,Product 39,225.78000000000003
10406,2021-03-28,6,65.31,INV-42155,SKU-7349,Product 52,391.86
10406,2021-04-03,3,39.69,INV-24794,SKU-5167,Product 27,119.07
10406,2021-06-03,4,78.61,INV-89066,SKU-8472,Product 36,314.44
10406,2021-06-17,3,55.24,INV-94067,SKU-5520,Product 30,165.72
10406,2021-08-20,7,38.97,INV-80775,SKU-3346,Product 88,272.78999999999996
10406,2021-10-23,5,34.43,INV-74913,SKU-2859,Product 48,172.15
10406,2021-10-30,3,78.36,INV-45280,SKU-5589,Product 11,235.07999999999998
10406,2021-11-20,4,53.99,INV-78797,SKU-8264,Product 4,215.96
10406,2022-02-20,6,28.6,INV-53292,SKU-1750,Product 59,171.60000000000002
10406,2022-11-10,6,30.55,INV-74850,SKU-6860,Product 10,183.3
10407,2021-03-16,5,61.57,INV-20022,SKU-1849,Product 73,307.85
10407,2021-03-20,13,67.8,INV-45013,SKU-2185,Product 33,881.4
10407,2021-04-09,9,71.35,INV-20265,SKU-7127,Product 8,642.15
10407,2021-04-09,5,164.89,INV-91088,SKU-2387,Product 28,824.4499999999999
10407,2021-04-12,3,55.99,INV-81712,SKU-2832,Product 40,167.97
10407,2021-07-15,12,216.55,INV-73215,SKU-5265,Product 72,2598.6000000000004
10407,2021-08-20,3,78.41,INV-31673,SKU-4245,Product 53,235.23
10407,2021-12-19,9,167.76,INV-49241,SKU-8483,Product 62,1509.84
10407,2021-12-27,10,98.59,INV-29810,SKU-4783,Product 52,985.9000000000001
10407,2022-01-17,6,162.83,INV-78344,SKU-6633,Product 44,976.98
10407,2022-01-20,4,186.47,INV-91840,SKU-8951,Product 68,745.88
10407,2022-01-21,8,178.31,INV-85333,SKU-8531,Product 2,1426.48
10407,2022-04-28,12,105.02,INV-85234,SKU-2630,Product 69,1260.24
10407,2022-05-22,10,214.14,INV-48866,SKU-3917,Product 93,2141.3999999999996
10407,2022-06-13,4,99.62,INV-16190,SKU-8764,Product 43,398.48
10407,2022-10-29,13,67.19,INV-97256,SKU-5088,Product 99,873.47
10408,2021-03-04,4,45.23,INV-28754,SKU-1202,Product 93,180.92
10408,2021-07-23,3,50.82,INV-92830,SKU-7163,Product 34,152.46
10409,2021-05-09,3,106.68,INV-17559,SKU-4781,Product 50,320.04
10409,2021-10-29,5,61.88,INV-44474,SKU-2567,Product 33,309.40000000000003
10409,2022-01-28,2,40.62,INV-34156,SKU-6852,Product 26,81.24
10409,2022-02-04,2,84.17,INV-30707,SKU-7616,Product 41,168.34
10409,2022-03-02,6,38.67,INV-73692,SKU-9140,Product 20,232.02
10409,2022-03-12,3,80.62,INV-48703,SKU-5230,Product 72,241.86
10409,2022-06-21,2,111.17,INV-86773,SKU-5380,Product 33,222.34
10409,2022-06-25,2,34.08,INV-12674,SKU-7436,Product 49,68.16
10409,2022-07-05,7,69.85,INV-20683,SKU-8280,Product 93,488.94999999999993
10409,2022-10-26,4,101.86,INV-91981,SKU-1386,Product 18,407.44
10409,2022-10-30,7,64.32,INV-41854,SKU-4896,Product 89,450.23999999999995
10409,2022-11-20,7,106.07,INV-57515,SKU-7463,Product 64,742.49
10410,2021-03-09,3,57.25,INV-48409,SKU-9633,Product 10,171.75
10410,2021-04-05,7,80.41,INV-73769,SKU-8747,Product 79,562.87
10410,2021-04-12,7,86.84,INV-61591,SKU-2316,Product 85,607.88
10410,2021-10-16,5,92.83,INV-98231,SKU-6531,Product 77,464.15
10410,2022-03-20,7,72.76,INV-94506,SKU-6571,Product 29,509.32000000000005
10410,2022-07-21,5,53.59,INV-70539,SKU-3407,Product 64,267.95000000000005
10411,2021-01-17,13,101.89,INV-22089,SKU-9167,Product 17,1324.57
10411,2021-05-24,5,130.9,INV-10997,SKU-5664,Product 54,654.5
10411,2021-11-07,14,101.38,INV-27938,SKU-6599,Product 75,1419.32
10411,2021-11-20,12,129.05,INV-85133,SKU-8737,Product 73,1548.6000000000001
10411,2022-01-28,12,65.24,INV-23128,SKU-4486,Product 88,782.8799999999999
10411,2022-06-10,4,79.58,INV-46228,SKU-3584,Product 10,318.32
10411,2022-06-21,11,49.6,INV-80783,SKU-9401,Product 14,545.6
10411,2022-07-26,7,161.79,INV-81545,SKU-5458,Product 54,1132.53
10411,2022-09-13,9,82.87,INV-91383,SKU-6649,Product 73,745.83
10411,2022-09-21,9,103.6,INV-59199,SKU-7138,Product 91,932.4
10411,2022-10-30,7,172.01,INV-62236,SKU-7265,Product 16,1204.07
10411,2022-11-10,10,97.8,INV-39469,SKU-5797,Product 71,978.0
10411,2022-12-01,11,167.42,INV-80711,SKU-2598,Product 39,1841.62
10411,2022-12-02,3,103.98,INV-54291,SKU-8701,Product 86,311.94
10411,2022-12-05,5,122.26,INV-90387,SKU-8239,Product 54,611.3000000000001
10411,2022-12-08,10,102.22,INV-36680,SKU-7852,Product 61,1022.2
10411,2022-12-27,13,160.19,INV-69879,SKU-7601,Product 16,2082.47
10412,2022-01-02,3,20.42,INV-91418,SKU-3657,Product 43,61.260000000000005
10412,2022-03-28,3,39.68,INV-74796,SKU-1184,Product 5,119.03999999999999
10412,2022-07-26,3,37.7,INV-55447,SKU-4978,Product 11,113.10000000000001
10413,2022-02-06,2,56.44,INV-55929,SKU-9511,Product 45,112.88
10413,2022-07-21,1,10.72,INV-18031,SKU-3340,Product 52,10.72
10413,2022-12-02,4,26.21,INV-15685,SKU-7647,Product 66,104.84
10414,2021-05-14,4,14.88,INV-94815,SKU-8413,Product 31,59.52
10414,2021-06-10,3,41.62,INV-13664,SKU-8654,Product 96,124.85999999999999
10414,2021-07-27,4,23.18,INV-87711,SKU-8989,Product 25,92.72
10414,2022-02-17,2,33.92,INV-49410,SKU-1236,Product 39,67.84
10414,2022-06-21,3,37.37,INV-16458,SKU-6623,Product 15,112.10999999999999
10415,2021-04-06,3,28.37,INV-24892,SKU-9271,Product 39,85.11
10415,2021-08-23,2,16.37,INV-20427,SKU-1403,Product 58,32.74
10415,2021-10-31,1,38.8,INV-33707,SKU-3829,Product 34,38.8
10415,2022-01-14,3,27.86,INV-72068,SKU-9062,Product 90,83.58
10415,2022-12-03,1,13.2,INV-59592,SKU-2203,Product 18,13.2
10416,2021-02-10,6,77.11,INV-79034,SKU-4413,Product 39,462.65999999999997
10416,2021-02-23,4,73.48,INV-29689,SKU-8124,Product 13,293.92
10416,2021-04-23,4,109.98,INV-36433,SKU-5188,Product 74,439.92
10416,2021-05-10,6,49.44,INV-36300,SKU-2128,Product 82,296.64
10416,2021-12-31,5,50.33,INV-43332,SKU-4670,Product 2,251.64999999999998
10416,2022-04-18,3,35.34,INV-76634,SKU-2737,Product 14,106.02000000000001
10416,2022-04-19,3,52.85,INV-68373,SKU-6209,Product 80,158.55
10416,2022-06-26,5,52.24,INV-56809,SKU-9185,Product 29,261.2
10416,2022-09-20,3,82.71,INV-72475,SKU-3919,Product 59,248.13
10416,2022-09-20,4,88.43,INV-27845,SKU-6914,Product 81,353.72
10417,2021-03-17,4,49.28,INV-21598,SKU-9325,Product 14,197.12
10417,2021-05-14,6,32.12,INV-36606,SKU-1211,Product 99,192.71999999999997
10417,2021-06-03,2,79.93,INV-24407,SKU-2696,Product 5,159.86
10417,2021-06-09,3,40.59,INV-57553,SKU-6207,Product 62,121.77000000000001
10417,2021-07-21,3,36.01,INV-31121,SKU-2699,Product 70,108.03
10417,2021-09-14,2,54.74,INV-76550,SKU-6729,Product 88,109.48
10417,2021-10-12,7,110.07,INV-29693,SKU-2326,Product 30,770.49
10417,2022-01-19,7,72.17,INV-30316,SKU-9240,Product 52,505.19
10417,2022-03-22,4,65.74,INV-23807,SKU-6305,Product 33,262.96
10417,2022-04-11,2,38.95,INV-77224,SKU-6594,Product 48,77.9
10417,2022-10-07,6,110.55,INV-55154,SKU-9846,Product 55,663.3
10418,2021-02-14,4,15.59,INV-12455,SKU-4792,Product 48,62.36
10418,2021-03-13,2,29.95,INV-65606,SKU-7305,Product 88,59.9
10418,2022-02-05,3,43.72,INV-75564,SKU-9379,Product 69,131.16
10418,2022-05-10,4,21.46,INV-72429,SKU-8992,Product 45,85.84
10418,2022-06-20,3,17.76,INV-24707,SKU-2414,Product 96,53.28
10418,2022-07-11,2,53.78,INV-12199,SKU-7276,Product 69,107.56
10419,2021-05-17,4,39.48,INV-89526,SKU-1242,Product 19,157.92
10419,2021-09-04,5,67.58,INV-87026,SKU-8099,Product 77,337.9
10419,2021-09-15,4,99.7,INV-98405,SKU-2442,Product 71,398.8
10419,2022-03-07,7,87.67,INV-79224,SKU-8485,Product 35,613.69
10419,2022-08-23,4,76.46,INV-86296,SKU-2604,Product 28,305.84
10419,2022-10-07,2,59.4,INV-36619,SKU-9104,Product 3,118.8
10419,2022-10-18,4,65.04,INV-95078,SKU-4684,Product 14,260.16
10419,2022-10-26,3,100.65,INV-28616,SKU-2446,Product 78,301.95000000000005
10419,2022-10-28,4,63.38,INV-21850,SKU-7317,Product 74,253.52
10420,2021-08-10,3,40.99,INV-39922,SKU-5003,Product 51,122.97
10420,2022-03-17,2,33.32,INV-66196,SKU-4964,Product 4,66.64
10421,2021-01-23,14,160.6,INV-13060,SKU-2183,Product 67,2248.4
10421,2021-04-28,13,129.13,INV-87065,SKU-7238,Product 6,1678.69
10421,2021-04-28,4,143.0,INV-56721,SKU-3718,Product 8,572.0
10421,2021-05-24,8,118.56,INV-39493,SKU-3072,Product 67,948.48
10421,2021-07-30,3,171.48,INV-97310,SKU-5083,Product 46,514.4399999999999
10421,2021-08-14,5,86.2,INV-72309,SKU-6768,Product 53,431.0
10421,2021-08-18,7,131.03,INV-44484,SKU-5937,Product 99,917.21
10421,2021-09-01,6,54.25,INV-55215,SKU-7324,Product 14,325.5
10421,2021-10-22,11,143.46,INV-16258,SKU-7807,Product 87,1578.0600000000002
10421,2021-11-02,7,171.4,INV-95981,SKU-4166,Product 40,1199.8
10421,2021-11-29,6,42.65,INV-75509,SKU-2897,Product 36,255.89999999999998
10421,2021-12-15,6,133.35,INV-69849,SKU-1675,Product 81,800.0999999999999
10421,2022-02-02,5,186.94,INV-49276,SKU-3313,Product 84,934.7
10421,2022-02-05,7,63.93,INV-23930,SKU-3595,Product 92,447.51
10421,2022-02-25,9,126.03,INV-47146,SKU-2605,Product 66,1134.27
10421,2022-03-12,14,89.73,INV-42210,SKU-5549,Product 83,1256.22
10421,2022-06-20,12,138.61,INV-62344,SKU-1300,Product 84,1663.3200000000002
10421,2022-07-29,3,95.34,INV-73135,SKU-4771,Product 52,286.02
10421,2022-09-10,3,77.0,INV-17802,SKU-3263,Product 34,231.0
10421,2022-09-20,12,190.15,INV-95990,SKU-6699,Product 35,2281.8
10421,2022-10-16,6,76.29,INV-83107,SKU-4007,Product 19,457.74
10421,2022-12-23,10,193.22,INV-59314,SKU-3640,Product 42,1932.2
10422,2021-01-01,6,135.87,INV-66078,SKU-7827,Product 67,815.22
10422,2021-02-14,7,60.54,INV-16883,SKU-5220,Product 6,423.78
10422,2021-03-30,7,83.22,INV-27054,SKU-4417,Product 64,582.54
10422,2021-04-10,10,119.95,INV-76905,SKU-6497,Product 10,1199.5
10422,2021-05-04,4,51.97,INV-13204,SKU-2129,Product 31,207.88
10422,2021-06-14,8,160.66,INV-83450,SKU-7058,Product 16,1285.28
10422,2021-08-11,8,155.48,INV-19394,SKU-7227,Product 97,1243.84
10422,2021-08-14,7,146.94,INV-56664,SKU-8234,Product 50,1028.58
10422,2021-09-21,5,122.15,INV-73588,SKU-5641,Product 39,610.75
10422,2021-09-21,13,90.51,INV-35601,SKU-5439,Product 12,1176.63
10422,2021-09-21,6,80.73,INV-25017,SKU-2924,Product 9,484.38
10422,2021-09-24,12,179.13,INV-48789,SKU-8420,Product 79,2149.56
10422,2021-10-02,10,85.98,INV-74127,SKU-7813,Product 73,859.8000000000001
10422,2021-10-15,10,152.0,INV-60000,SKU-6958,Product 45,1520.0
10422,2021-12-19,12,166.61,INV-22061,SKU-1101,Product 87,1999.3200000000002
10422,2021-12-28,4,59.27,INV-79754,SKU-6729,Product 36,237.08
10422,2022-01-04,14,136.4,INV-48639,SKU-2778,Product 25,1909.6000000000001
10422,2022-02-15,13,84.05,INV-86396,SKU-9758,Product 64,1092.6499999999999
10422,2022-07-10,8,159.25,INV-73269,SKU-8218,Product 15,1274.0
10422,2022-11-16,11,167.37,INV-23064,SKU-6356,Product 22,1841.0700000000002
10422,2022-12-01,4,119.01,INV-98646,SKU-8481,Product 32,476.04
10422,2022-12-05,14,105.18,INV-51178,SKU-9713,Product 21,1472.52
10422,2022-12-08,5,143.93,INV-12720,SKU-4022,Product 37,719.6500000000001
10422,2022-12-10,8,130.43,INV-67560,SKU-6785,Product 67,1043.44
10422,2022-12-11,5,136.92,INV-52039,SKU-4598,Product 57,684.5999999999999
10422,2022-12-17,14,91.79,INV-76202,SKU-9819,Product 37,1285.0600000000002
10423,2021-02-07,3,21.11,INV-35322,SKU-3816,Product 33,63.33
10423,2021-03-25,1,22.35,INV-39904,SKU-2932,Product 6,22.35
10423,2021-05-27,2,21.41,INV-94419,SKU-2329,Product 43,42.82
10423,2021-12-20,3,39.93,INV-18681,SKU-6252,Product 44,119.78999999999999
10424,2021-09-22,4,23.72,INV-55684,SKU-5998,Product 63,94.88
10424,2021-11-30,4,30.48,INV-61630,SKU-1100,Product 16,121.92
10424,2022-01-13,4,26.36,INV-29960,SKU-8985,Product 91,105.44
10424,2022-01-14,2,33.07,INV-76349,SKU-4837,Product 19,66.14
10424,2022-10-08,2,24.18,INV-27718,SKU-6588,Product 56,48.36
10425,2022-04-26,1,14.72,INV-38530,SKU-1893,Product 64,14.72
10426,2021-01-16,6,101.57,INV-40346,SKU-7364,Product 17,609.42
10426,2021-01-23,7,85.31,INV-86799,SKU-3994,Product 52,597.1700000000001
10426,2021-01-31,8,120.99,INV-13641,SKU-6212,Product 64,967.92
10426,2021-02-28,9,164.54,INV-23790,SKU-9784,Product 84,1480.86
10426,2021-04-13,8,118.03,INV-95904,SKU-4887,Product 84,944.24
10426,2021-05-27,10,66.12,INV-17661,SKU-7967,Product 47,661.2
10426,2021-06-22,11,58.4,INV-11324,SKU-4902,Product 43,642.4
10426,2021-07-26,5,217.06,INV-10184,SKU-7841,Product 96,1085.3
10426,2021-07-29,5,57.37,INV-96452,SKU-6117,Product 3,286.84999999999997
10426,2021-08-26,6,178.3,INV-69911,SKU-9298,Product 9,1069.8000000000002
10426,2021-11-04,7,196.28,INV-73344,SKU-8977,Product 87,1373.96
10426,2021-12-27,4,59.06,INV-81263,SKU-2427,Product 55,236.24
10426,2022-01-27,10,58.01,INV-92493,SKU-1774,Product 38,580.1
10426,2022-02-06,5,134.34,INV-12850,SKU-9106,Product 17,671.7
10426,2022-02-12,9,60.86,INV-10683,SKU-2054,Product 42,547.74
10426,2022-02-22,6,221.35,INV-71304,SKU-1534,Product 7,1328.1
10426,2022-03-12,8,105.24,INV-31882,SKU-5255,Product 9,841.92
10426,2022-05-29,8,73.8,INV-39978,SKU-6672,Product 80,590.4
10426,2022-05-31,9,70.33,INV-85594,SKU-4508,Product 45,632.97
10426,2022-06-04,6,83.59,INV-28805,SKU-2598,Product 56,501.54
10426,2022-06-10,9,119.44,INV-84877,SKU-3666,Product 80,1074.96
10426,2022-06-12,8,182.55,INV-29268,SKU-3297,Product 21,1460.4
10426,2022-06-13,3,133.9,INV-28281,SKU-3179,Product 68,401.70000000000005
10426,2022-07-08,3,103.42,INV-11797,SKU-2244,Product 30,310.26
10426,2022-07-18,12,135.54,INV-21397,SKU-7031,Product 20,1626.48
10426,2022-08-18,9,114.58,INV-73478,SKU-8906,Product 4,1031.22
10426,2022-08-25,7,146.61,INV-79820,SKU-3154,Product 63,1026.27
10426,2022-08-29,3,148.79,INV-72996,SKU-2283,Product 73,446.37
10426,2022-09-02,11,82.97,INV-74346,SKU-5664,Product 48,912.67
10426,2022-09-06,13,209.78,INV-53388,SKU-5939,Product 22,2727.14
10426,2022-10-02,12,64.45,INV-78472,SKU-7906,Product 18,773.4000000000001
10426,2022-11-13,4,154.58,INV-82354,SKU-6028,Product 86,618.32
10426,2022-11-18,12,80.1,INV-66879,SKU-6206,Product 48,961.1999999999999
10426,2022-12-05,10,72.19,INV-98541,SKU-2615,Product 20,721.9
10427,2021-02-09,1,24.41,INV-41957,SKU-3818,Product 39,24.41
10427,2021-06-22,2,44.95,INV-16135,SKU-6573,Product 36,89.9
10427,2022-01-28,1,13.51,INV-59474,SKU-1583,Product 14,13.51
10427,2022-03-17,4,36.39,INV-28757,SKU-7762,Product 69,145.56
10427,2022-07-27,4,28.61,INV-25029,SKU-9550,Product 31,114.44
10428,2021-01-06,3,184.4,INV-75729,SKU-9933,Product 9,553.2
10428,2021-02-11,13,92.24,INV-54645,SKU-9823,Product 63,1199.12
10428,2021-03-10,14,208.59,INV-19716,SKU-9669,Product 48,2920.26
10428,2021-03-11,5,68.25,INV-34039,SKU-3700,Product 16,341.25
10428,2021-04-24,10,124.08,INV-27682,SKU-5102,Product 9,1240.8
10428,2021-04-28,13,124.2,INV-91099,SKU-9047,Product 27,1614.6000000000001
10428,2021-06-05,13,78.9,INV-81446,SKU-1126,Product 72,1025.7
10428,2021-06-22,14,70.16,INV-45079,SKU-1789,Product 18,982.24
10428,2021-06-22,4,132.45,INV-22864,SKU-7458,Product 36,529.8
10428,2021-07-03,14,137.89,INV-71382,SKU-1688,Product 46,1930.4599999999998
10428,2021-11-15,11,143.47,INV-16993,SKU-1742,Product 86,1578.17
10428,2021-11-21,5,51.1,INV-96391,SKU-6242,Product 90,255.5
10428,2021-12-04,5,156.19,INV-28223,SKU-6905,Product 77,780.95
10428,2021-12-17,8,90.95,INV-32027,SKU-4410,Product 33,727.6
10428,2021-12-20,5,63.97,INV-96403,SKU-8229,Product 87,319.85
10428,2021-12-25,7,84.64,INV-94406,SKU-6834,Product 31,592.48
10428,2022-03-01,3,51.49,INV-41195,SKU-7771,Product 25,154.47
10428,2022-03-19,5,129.3,INV-46444,SKU-3310,Product 73,646.5
10428,2022-05-09,10,166.7,INV-99329,SKU-4998,Product 23,1667.0
10428,2022-05-19,7,126.48,INV-60058,SKU-4210,Product 17,885.36
10428,2022-05-30,9,61.38,INV-98074,SKU-4400,Product 12,552.4200000000001
10428,2022-05-31,12,140.17,INV-54400,SKU-5559,Product 97,1682.04
10428,2022-09-14,5,203.88,INV-12670,SKU-4751,Product 97,1019.4
10428,2022-09-17,7,135.99,INV-54200,SKU-7586,Product 16,951.9300000000001
10428,2022-10-06,10,91.09,INV-11160,SKU-6977,Product 2,910.9000000000001
10428,2022-10-12,4,77.42,INV-92537,SKU-6437,Product 75,309.68
10428,2022-10-14,9,142.98,INV-68687,SKU-4812,Product 43,1286.82
10428,2022-10-23,5,59.04,INV-25231,SKU-6465,Product 76,295.2
10428,2022-10-27,11,126.97,INV-11927,SKU-9301,Product 66,1396.67
10428,2022-12-05,12,103.66,INV-80803,SKU-7171,Product 3,1243.92
10428,2022-12-12,6,179.58,INV-66132,SKU-8190,Product 30,1077.48
10429,2021-01-26,10,126.91,INV-54164,SKU-2013,Product 38,1269.1
10429,2021-02-11,13,188.56,INV-46003,SKU-3594,Product 50,2451.28
10429,2021-02-19,6,104.33,INV-34121,SKU-7200,Product 42,625.98
10429,2021-04-14,12,49.3,INV-43386,SKU-5890,Product 40,591.5999999999999
10429,2021-06-13,3,93.47,INV-24020,SKU-1362,Product 10,280.40999999999997
10429,2021-07-09,10,139.33,INV-98482,SKU-4398,Product 67,1393.3000000000002
10429,2021-07-13,8,143.87,INV-31803,SKU-9334,Product 35,1150.96
10429,2021-09-05,12,194.41,INV-10493,SKU-8042,Product 82,2332.92
10429,2021-09-15,13,198.29,INV-98683,SKU-2069,Product 77,2577.77
10429,2021-10-22,6,165.76,INV-53861,SKU-7396,Product 91,994.56
10429,2021-11-08,6,57.96,INV-60528,SKU-4462,Product 92,347.76
10429,2021-11-27,11,165.76,INV-81220,SKU-3687,Product 18,1823.36
10429,2021-12-07,14,67.81,INV-84063,SKU-9995,Product 87,949.34
10429,2022-01-30,9,144.89,INV-74802,SKU-8882,Product 42,1304.0099999999998
10429,2022-03-08,6,138.43,INV-21004,SKU-9874,Product 1,830.58
10429,2022-04-20,3,129.33,INV-29617,SKU-2386,Product 57,387.99
10429,2022-05-26,3,118.42,INV-94498,SKU-2026,Product 60,355.26
10429,2022-06-04,6,101.49,INV-57232,SKU-5106,Product 16,608.9399999999999
10429,2022-06-29,4,164.66,INV-77641,SKU-6327,Product 81,658.64
10429,2022-07-07,7,88.4,INV-50828,SKU-6126,Product 27,618.8000000000001
10429,2022-07-12,13,79.82,INV-59508,SKU-1579,Product 44,1037.6599999999999
10429,2022-07-29,3,148.17,INV-58809,SKU-6112,Product 30,444.51
10429,2022-09-01,14,69.43,INV-46308,SKU-8257,Product 22,972.0200000000001
10429,2022-10-15,8,139.4,INV-60727,SKU-1833,Product 60,1115.2
10429,2022-12-09,8,75.3,INV-51911,SKU-2502,Product 9,602.4
10430,2021-07-13,7,110.66,INV-13796,SKU-9823,Product 70,774.62
10430,2022-01-02,2,66.75,INV-43462,SKU-5253,Product 18,133.5
10430,2022-01-21,3,112.06,INV-98131,SKU-2338,Product 83,336.18
10430,2022-05-21,3,101.96,INV-76057,SKU-9809,Product 73,305.88
10430,2022-05-23,3,48.34,INV-99646,SKU-6986,Product 29,145.02
10430,2022-08-19,4,38.18,INV-35847,SKU-2287,Product 83,152.72
10430,2022-12-27,2,58.25,INV-82936,SKU-7806,Product 68,116.5
10431,2021-02-06,3,109.05,INV-91417,SKU-7691,Product 25,327.15
10431,2021-02-18,6,217.15,INV-30487,SKU-3075,Product 15,1302.9
10431,2021-02-24,3,186.68,INV-93417,SKU-3838,Product 21,560.04
10431,2021-02-28,10,118.81,INV-88292,SKU-5759,Product 42,1188.1
10431,2021-05-04,11,201.29,INV-73236,SKU-6867,Product 36,2214.19
10431,2021-05-13,7,120.91,INV-63879,SKU-9720,Product 61,846.37
10431,2021-06-17,4,145.28,INV-29060,SKU-1096,Product 44,581.12
10431,2021-07-26,4,86.84,INV-81892,SKU-4685,Product 34,347.36
10431,2021-07-29,12,131.48,INV-79222,SKU-3288,Product 24,1577.7599999999998
10431,2021-08-03,7,161.87,INV-67572,SKU-3196,Product 84,1133.0900000000001
10431,2021-09-08,8,205.59,INV-17728,SKU-5238,Product 13,1644.72
10431,2021-10-10,5,125.5,INV-25316,SKU-9079,Product 92,627.5
10431,2021-10-10,14,78.85,INV-70850,SKU-5669,Product 30,1103.8999999999999
10431,2021-11-10,12,95.12,INV-31119,SKU-9291,Product 73,1141.44
10431,2021-12-30,6,145.84,INV-84514,SKU-1555,Product 33,875.04
10431,2022-01-22,10,124.95,INV-49491,SKU-1184,Product 10,1249.5
10431,2022-01-30,7,51.02,INV-56924,SKU-5906,Product 70,357.14000000000004
10431,2022-02-22,14,118.18,INV-10205,SKU-6691,Product 74,1654.52
10431,2022-03-01,8,93.53,INV-22674,SKU-7811,Product 14,748.24
10431,2022-04-06,5,107.05,INV-84624,SKU-9350,Product 18,535.25
10431,2022-04-27,4,131.37,INV-71263,SKU-5582,Product 43,525.48
10431,2022-05-09,7,150.15,INV-36921,SKU-6399,Product 44,1051.05
10431,2022-05-26,4,42.39,INV-71631,SKU-6780,Product 92,169.56
10431,2022-06-04,3,103.6,INV-45169,SKU-9941,Product 70,310.79999999999995
10431,2022-06-17,7,150.84,INV-93417,SKU-9813,Product 73,1055.88
10431,2022-06-21,13,173.31,INV-28781,SKU-9301,Product 99,2253.03
10431,2022-07-13,7,193.41,INV-90848,SKU-5306,Product 4,1353.87
10431,2022-09-09,6,190.91,INV-44648,SKU-3560,Product 65,1145.46
10431,2022-09-09,13,63.21,INV-23583,SKU-9522,Product 98,821.73
10431,2022-09-09,4,84.66,INV-85974,SKU-6411,Product 8,338.64
10431,2022-09-20,11,124.76,INV-93459,SKU-9428,Product 18,1372.3600000000001
10431,2022-10-12,3,122.91,INV-42991,SKU-4774,Product 4,368.73
10431,2022-10-12,6,172.33,INV-38737,SKU-8901,Product 23,1033.98
10431,2022-11-20,12,43.66,INV-87213,SKU-2914,Product 18,523.92
10431,2022-12-11,9,143.09,INV-84089,SKU-6383,Product 88,1287.81
10431,2022-12-17,12,116.45,INV-67265,SKU-7825,Product 29,1397.4
10432,2021-01-31,3,46.5,INV-30269,SKU-3881,Product 25,139.5
10432,2021-02-08,6,32.62,INV-15196,SKU-6132,Product 25,195.71999999999997
10432,2021-03-27,5,55.86,INV-11702,SKU-2665,Product 14,279.3
10432,2021-03-31,5,73.93,INV-89332,SKU-5086,Product 89,369.65000000000003
10432,2021-04-28,4,64.63,INV-32012,SKU-1777,Product 54,258.52
10432,2021-08-22,4,46.72,INV-61772,SKU-8597,Product 30,186.88
10432,2021-12-09,4,41.64,INV-84916,SKU-2353,Product 29,166.56
10432,2022-02-14,7,77.45,INV-71850,SKU-2493,Product 13,542.15
10432,2022-06-02,2,61.01,INV-16892,SKU-8776,Product 98,122.02
10432,2022-07-13,2,73.8,INV-18951,SKU-8014,Product 85,147.6
10432,2022-12-11,3,69.9,INV-61998,SKU-8842,Product 72,209.70000000000002
10432,2022-12-14,2,97.14,INV-95922,SKU-9310,Product 88,194.28
10433,2021-02-13,3,101.02,INV-77266,SKU-5385,Product 28,303.06
10433,2021-03-02,5,42.9,INV-39995,SKU-2677,Product 83,214.5
10433,2021-05-08,5,59.41,INV-39559,SKU-2264,Product 88,297.04999999999995
10433,2021-07-07,7,75.18,INV-99638,SKU-9532,Product 66,526.26
10433,2021-07-26,2,66.22,INV-58920,SKU-8862,Product 64,132.44
10433,2021-12-04,6,87.25,INV-55986,SKU-3934,Product 95,523.5
10433,2022-01-21,6,85.02,INV-17084,SKU-5124,Product 96,510.12
10433,2022-02-11,2,90.53,INV-65552,SKU-8755,Product 27,181.06
10433,2022-08-29,5,43.16,INV-72457,SKU-8904,Product 90,215.79999999999998
10433,2022-11-25,5,60.47,INV-28261,SKU-4675,Product 50,302.35
10433,2022-11-29,7,47.23,INV-18706,SKU-1809,Product 78,330.60999999999996
10433,2022-12-15,3,28.36,INV-87681,SKU-7118,Product 66,85.08
10434,2021-01-07,4,37.07,INV-81013,SKU-2128,Product 44,148.28
10434,2021-01-11,6,54.84,INV-44612,SKU-1461,Product 82,329.04
10434,2021-03-04,4,63.62,INV-42401,SKU-9316,Product 56,254.48
10434,2021-04-17,3,93.93,INV-97834,SKU-6482,Product 50,281.79
10434,2021-08-22,4,96.37,INV-85058,SKU-6030,Product 83,385.48
10434,2021-08-29,3,42.98,INV-26006,SKU-1201,Product 21,128.94
10434,2021-11-07,4,111.57,INV-45980,SKU-3586,Product 81,446.28
10434,2021-12-03,6,29.19,INV-91618,SKU-5274,Product 73,175.14000000000001
10434,2022-01-15,7,37.15,INV-28940,SKU-7098,Product 33,260.05
10434,2022-01-27,3,90.15,INV-80734,SKU-9934,Product 74,270.45000000000005
10434,2022-06-05,4,68.68,INV-69701,SKU-7417,Product 27,274.72
10434,2022-08-27,7,60.17,INV-53815,SKU-7066,Product 35,421.19
10434,2022-10-23,5,113.65,INV-93619,SKU-5456,Product 53,568.25
10434,2022-11-27,2,72.34,INV-30653,SKU-8769,Product 85,144.68
10434,2022-12-01,3,68.16,INV-32612,SKU-2438,Product 73,204.48
10435,2021-01-31,6,98.54,INV-90423,SKU-7947,Product 35,591.24
10435,2021-02-23,6,130.91,INV-63014,SKU-1058,Product 90,785.46
10435,2021-03-16,6,103.97,INV-31556,SKU-1341,Product 39,623.8199999999999
10435,2021-04-08,7,77.07,INV-55832,SKU-7822,Product 30,539.49
10435,2021-04-29,5,173.08,INV-58703,SKU-1529,Product 34,865.4000000000001
10435,2021-05-17,10,187.51,INV-69150,SKU-1656,Product 72,1875.1
10435,2021-08-11,3,117.5,INV-91768,SKU-3535,Product 97,352.5
10435,2021-08-13,4,208.54,INV-87228,SKU-8332,Product 54,834.16
10435,2021-08-23,4,141.18,INV-22521,SKU-2842,Product 9,564.72
10435,2021-09-04,12,156.15,INV-19733,SKU-9612,Product 89,1873.8000000000002
10435,2021-09-05,3,58.51,INV-29744,SKU-6662,Product 7,175.53
10435,2021-11-06,6,59.46,INV-81236,SKU-8573,Product 34,356.76
10435,2021-11-09,11,80.62,INV-60908,SKU-3306,Product 10,886.82
10435,2021-11-10,7,121.59,INV-30303,SKU-8317,Product 65,851.13
10435,2021-11-29,11,114.63,INV-86798,SKU-3823,Product 85,1260.9299999999998
10435,2021-12-04,6,41.41,INV-39831,SKU-9022,Product 16,248.45999999999998
10435,2022-03-25,10,148.32,INV-64877,SKU-1901,Product 58,1483.1999999999998
10435,2022-03-29,3,186.63,INV-20702,SKU-9428,Product 26,559.89
10435,2022-06-04,3,122.45,INV-28319,SKU-1615,Product 66,367.35
10435,2022-07-08,9,60.15,INV-75670,SKU-4761,Product 67,541.35
10435,2022-07-17,7,106.14,INV-65094,SKU-4277,Product 41,742.98
10435,2022-12-04,8,103.18,INV-90794,SKU-7253,Product 90,825.44
10436,2021-01-07,13,81.04,INV-27270,SKU-8594,Product 12,1053.52
10436,2021-01-16,11,195.89,INV-29116,SKU-8833,Product 22,2154.79
10436,2021-03-04,12,210.19,INV-52956,SKU-4866,Product 82,2522.2799999999997
10436,2021-03-15,9,64.41,INV-30553,SKU-4206,Product 12,579.6899999999999
10436,2021-04-03,12,141.0,INV-47569,SKU-2758,Product 21,1692.0
10436,2021-04-21,13,138.78,INV-11800,SKU-1808,Product 63,1804.14
10436,2021-06-19,4,128.67,INV-69734,SKU-8824,Product 80,514.68
10436,2021-06-25,7,49.43,INV-70119,SKU-4998,Product 33,346.01
10436,2021-07-14,4,157.44,INV-10230,SKU-8021,Product 51,629.76
10436,2021-09-21,8,81.04,INV-34524,SKU-4897,Product 60,648.32
10436,2021-10-13,6,127.55,INV-10036,SKU-2787,Product 12,765.3
10436,2021-10-28,3,127.5,INV-66087,SKU-7176,Product 23,382.5
10436,2021-12-18,11,156.57,INV-30715,SKU-3906,Product 70,1722.27
10436,2022-01-08,7,103.8,INV-44961,SKU-9082,Product 19,726.6
10436,2022-01-17,14,157.59,INV-65441,SKU-3021,Product 31,2206.26
10436,2022-01-21,3,58.71,INV-69488,SKU-4276,Product 65,176.13
10436,2022-05-14,13,127.86,INV-41157,SKU-5380,Product 21,1662.18
10436,2022-06-12,14,151.86,INV-18136,SKU-1359,Product 51,2126.04
10436,2022-09-13,7,132.32,INV-49159,SKU-3406,Product 27,926.24
10436,2022-09-14,7,211.1,INV-20866,SKU-4889,Product 51,1477.7
10436,2022-10-28,8,134.51,INV-56976,SKU-3261,Product 13,1076.08
10437,2021-01-19,8,188.58,INV-73822,SKU-7229,Product 94,1508.64
10437,2021-01-19,11,131.96,INV-84441,SKU-7700,Product 64,1451.5600000000002
10437,2021-01-22,8,160.66,INV-91102,SKU-5709,Product 49,1285.28
10437,2021-01-28,11,127.52,INV-53322,SKU-5320,Product 39,1402.72
10437,2021-02-07,5,161.95,INV-68985,SKU-1500,Product 63,809.75
10437,2021-02-16,9,118.73,INV-22008,SKU-8084,Product 77,1068.57
10437,2021-03-27,10,128.48,INV-70591,SKU-3977,Product 21,1284.8
10437,2021-04-03,5,112.74,INV-43152,SKU-4254,Product 61,563.6999999999999
10437,2021-04-06,5,114.6,INV-46726,SKU-4859,Product 84,573.0
10437,2021-04-14,4,78.22,INV-21004,SKU-6530,Product 96,312.88
10437,2021-04-16,13,154.72,INV-57301,SKU-3832,Product 28,2011.36
10437,2021-06-26,8,112.66,INV-75701,SKU-5832,Product 86,901.28
10437,2021-06-28,4,171.93,INV-77557,SKU-7880,Product 94,687.72
10437,2021-07-25,6,70.15,INV-38283,SKU-9344,Product 89,420.90000000000003
10437,2021-07-28,10,159.84,INV-90616,SKU-3622,Product 58,1598.4
10437,2021-08-05,14,72.12,INV-62418,SKU-5629,Product 58,1009.6800000000001
10437,2021-11-05,14,155.59,INV-11147,SKU-1237,Product 75,2178.26
10437,2021-11-16,13,55.71,INV-13303,SKU-6580,Product 55,724.23
10437,2021-11-22,8,125.65,INV-73605,SKU-3876,Product 96,1005.2
10437,2021-11-23,7,63.41,INV-26138,SKU-4870,Product 49,443.87
10437,2021-11-28,12,208.04,INV-11130,SKU-4597,Product 33,2496.48
10437,2021-12-31,3,116.32,INV-83717,SKU-1378,Product 3,348.96
10437,2022-01-07,5,74.18,INV-56335,SKU-9432,Product 77,370.90000000000003
10437,2022-02-18,3,62.66,INV-49536,SKU-2452,Product 18,187.98
10437,2022-03-17,3,126.03,INV-55797,SKU-7091,Product 89,378.09000000000003
10437,2022-03-26,12,101.29,INV-37632,SKU-8741,Product 82,1215.48
10437,2022-04-02,5,184.51,INV-81266,SKU-9476,Product 52,922.55
10437,2022-08-15,9,80.36,INV-35979,SKU-9989,Product 20,723.24
10437,2022-10-24,7,135.88,INV-50696,SKU-3080,Product 74,951.16
10437,2022-12-27,10,209.47,INV-20892,SKU-3131,Product 79,2094.7
10438,2021-01-14,9,53.52,INV-95230,SKU-9263,Product 54,481.68
10438,2021-03-10,6,137.95,INV-84116,SKU-4404,Product 11,827.6999999999999
10438,2021-03-13,13,94.61,INV-91304,SKU-3160,Product 85,1229.93
10438,2021-03-14,5,142.08,INV-20559,SKU-9077,Product 81,710.4000000000001
10438,2021-03-28,13,167.47,INV-77152,SKU-8021,Product 41,2177.11
10438,2021-04-05,8,197.12,INV-81683,SKU-2063,Product 55,1576.96
10438,2021-04-11,4,161.55,INV-24053,SKU-6122,Product 2,646.2
10438,2021-05-17,12,195.31,INV-45482,SKU-7947,Product 59,2343.7200000000003
10438,2021-05-21,14,135.37,INV-32555,SKU-4855,Product 50,1895.18
10438,2021-06-06,8,122.72,INV-99668,SKU-5744,Product 24,981.76
10438,2021-06-21,4,194.71,INV-45169,SKU-9974,Product 28,778.84
10438,2021-06-21,6,77.18,INV-23632,SKU-4038,Product 52,463.08000000000004
10438,2021-08-01,7,202.35,INV-10026,SKU-3253,Product 27,1416.45
10438,2021-08-10,4,97.77,INV-11046,SKU-7646,Product 57,391.08
10438,2021-09-11,5,61.25,INV-55040,SKU-9475,Product 39,306.25
10438,2021-09-14,8,159.1,INV-39157,SKU-6521,Product 92,1272.8
10438,2021-10-07,12,49.04,INV-22906,SKU-2032,Product 68,588.48
10438,2021-10-25,13,96.59,INV-80500,SKU-4188,Product 71,1255.67
10438,2021-10-31,8,73.86,INV-19049,SKU-5177,Product 21,590.88
10438,2021-11-01,11,82.05,INV-58623,SKU-5723,Product 14,902.55
10438,2021-11-09,10,149.95,INV-11840,SKU-2910,Product 81,1499.5
10438,2021-11-16,14,68.86,INV-53720,SKU-7894,Product 23,964.04
10438,2021-12-29,4,153.74,INV-82805,SKU-3372,Product 48,614.96
10438,2022-01-21,4,90.77,INV-22989,SKU-1062,Product 44,363.08
10438,2022-01-26,12,81.41,INV-89787,SKU-7647,Product 23,976.92
10438,2022-02-20,6,56.98,INV-34520,SKU-4350,Product 2,341.88
10438,2022-02-21,9,43.01,INV-94874,SKU-2148,Product 15,387.09
10438,2022-04-28,4,158.34,INV-51964,SKU-1376,Product 77,633.36
10438,2022-04-29,13,139.82,INV-57650,SKU-1726,Product 91,1817.6599999999999
10438,2022-05-12,14,163.67,INV-99661,SKU-8636,Product 88,2291.3799999999997
10438,2022-05-26,14,215.19,INV-71836,SKU-2614,Product 76,3012.66
10438,2022-10-26,3,53.48,INV-41428,SKU-4991,Product 71,160.44
10438,2022-11-17,3,163.21,INV-13739,SKU-5373,Product 84,489.63
10439,2021-02-22,3,15.28,INV-91122,SKU-8921,Product 32,45.839999999999996
10439,2021-09-14,2,42.08,INV-93295,SKU-7684,Product 86,84.16
10439,2022-05-27,3,21.77,INV-30845,SKU-3766,Product 16,65.31
10439,2022-11-21,4,43.63,INV-36811,SKU-7909,Product 38,174.52
10440,2021-02-08,7,60.75,INV-15189,SKU-5939,Product 42,425.25
10440,2021-10-29,4,92.29,INV-93529,SKU-3939,Product 95,369.16
10440,2021-11-06,2,52.7,INV-96696,SKU-3417,Product 81,105.4
10440,2021-11-14,6,30.12,INV-37915,SKU-7848,Product 86,180.72
10440,2021-12-20,7,101.33,INV-89865,SKU-3493,Product 48,709.31
10440,2022-01-19,5,48.85,INV-30897,SKU-5370,Product 69,244.25
10440,2022-01-22,2,72.4,INV-61759,SKU-9078,Product 47,144.8
10440,2022-04-30,2,81.94,INV-47113,SKU-6862,Product 3,163.88
10440,2022-10-10,2,89.89,INV-65244,SKU-3142,Product 41,179.78
10441,2021-03-29,4,40.09,INV-64643,SKU-6949,Product 87,160.36
10441,2021-04-03,3,102.42,INV-89459,SKU-4244,Product 17,307.26
10441,2021-04-28,4,60.08,INV-18280,SKU-9313,Product 98,240.32
10441,2022-04-04,4,45.58,INV-26535,SKU-1954,Product 99,182.32
10441,2022-04-16,5,54.15,INV-33880,SKU-3659,Product 95,270.75
10441,2022-05-22,3,87.0,INV-58167,SKU-2845,Product 39,261.0
10441,2022-06-21,5,33.54,INV-64680,SKU-8988,Product 48,167.7
10441,2022-08-27,3,43.19,INV-34235,SKU-6930,Product 83,129.57
10441,2022-10-26,6,50.32,INV-78774,SKU-1565,Product 3,301.92
10442,2021-07-26,3,35.88,INV-93597,SKU-5177,Product 44,107.64000000000001
10442,2021-08-30,6,84.12,INV-23898,SKU-2307,Product 96,504.72
10442,2021-09-25,4,45.26,INV-86860,SKU-9863,Product 23,181.04
10442,2022-05-03,6,82.88,INV-83824,SKU-1994,Product 19,497.28
10442,2022-06-21,7,92.8,INV-13399,SKU-6378,Product 66,649.6
10442,2022-12-02,4,26.53,INV-84240,SKU-5964,Product 61,106.12
10443,2021-03-30,4,12.78,INV-14178,SKU-7149,Product 65,51.12
10443,2021-10-14,3,33.0,INV-30011,SKU-5380,Product 4,99.0
10443,2022-04-30,2,42.9,INV-19250,SKU-9703,Product 55,85.8
10443,2022-10-07,4,26.75,INV-55906,SKU-5537,Product 5,107.0
10443,2022-11-21,2,26.56,INV-62754,SKU-8404,Product 43,53.12
10444,2022-07-31,1,25.41,INV-80179,SKU-6056,Product 4,25.41
10445,2021-08-31,4,13.08,INV-23698,SKU-2792,Product 17,52.32
10445,2022-02-08,4,40.42,INV-29305,SKU-3533,Product 53,161.68
10445,2022-05-29,3,25.78,INV-70854,SKU-3336,Product 81,77.34
10445,2022-10-27,3,53.05,INV-20256,SKU-6704,Product 12,159.14999999999998
10446,2021-06-18,3,25.84,INV-69103,SKU-3889,Product 98,77.52
10446,2021-12-18,3,31.93,INV-87972,SKU-7549,Product 9,95.78999999999999
10446,2022-01-27,4,27.61,INV-64395,SKU-2691,Product 65,110.44
10446,2022-05-27,3,14.51,INV-98834,SKU-1494,Product 35,43.53
10447,2021-02-24,6,73.1,INV-44489,SKU-4159,Product 78,438.59999999999997
10447,2021-03-19,4,61.15,INV-12413,SKU-6993,Product 19,244.6
10447,2021-04-02,5,52.39,INV-47429,SKU-4801,Product 2,261.95
10447,2021-04-10,2,68.81,INV-60227,SKU-3513,Product 78,137.62
10447,2021-07-06,6,55.91,INV-10975,SKU-5318,Product 36,335.46
10447,2021-08-31,2,80.56,INV-25903,SKU-3715,Product 7,161.12
10447,2021-09-27,7,94.68,INV-13960,SKU-7834,Product 69,662.76
10447,2022-01-23,2,49.21,INV-68277,SKU-8713,Product 57,98.42
10447,2022-03-15,2,26.81,INV-28722,SKU-6588,Product 89,53.62
10447,2022-05-07,7,84.42,INV-92245,SKU-5417,Product 55,590.94
10447,2022-05-21,3,63.15,INV-50533,SKU-6404,Product 60,189.45
10447,2022-07-14,2,88.41,INV-21104,SKU-7227,Product 5,176.82
10447,2022-12-30,2,94.26,INV-93998,SKU-7103,Product 55,188.52
10448,2021-09-04,4,35.94,INV-94622,SKU-1018,Product 10,143.76
10448,2022-02-16,3,27.73,INV-66116,SKU-9075,Product 90,83.19
10448,2022-04-26,2,15.99,INV-24220,SKU-9310,Product 99,31.98
10448,2022-05-29,4,33.04,INV-44565,SKU-3131,Product 27,132.16
10448,2022-10-23,2,15.65,INV-82112,SKU-5104,Product 37,31.3
10448,2022-11-16,1,35.53,INV-25106,SKU-8589,Product 40,35.53
10449,2021-02-13,2,20.47,INV-18013,SKU-8955,Product 56,40.94
10449,2021-03-25,4,43.72,INV-79346,SKU-2440,Product 56,174.88
10449,2022-08-30,1,24.46,INV-82808,SKU-3820,Product 1,24.46
10449,2022-10-28,1,27.52,INV-31395,SKU-8533,Product 82,27.52
10450,2021-01-12,6,44.27,INV-35688,SKU-3545,Product 16,265.62
10450,2021-07-20,3,87.29,INV-49802,SKU-2967,Product 89,261.87
10450,2021-07-29,3,50.87,INV-46104,SKU-7369,Product 51,152.60999999999999
10450,2021-08-27,5,86.04,INV-17849,SKU-7035,Product 1,430.20000000000005
10450,2022-03-03,3,76.33,INV-59277,SKU-6997,Product 44,228.99
10451,2021-08-19,5,29.75,INV-92640,SKU-3000,Product 20,148.75
10451,2021-08-26,4,77.06,INV-37621,SKU-7994,Product 70,308.24
10451,2021-09-13,7,71.04,INV-95443,SKU-8042,Product 89,497.28000000000003
10451,2021-10-16,5,92.14,INV-88872,SKU-6156,Product 19,460.7
10451,2021-11-10,2,44.48,INV-43262,SKU-1947,Product 23,88.96
10451,2021-12-01,4,32.35,INV-54261,SKU-6376,Product 43,129.4
10451,2022-02-05,2,65.82,INV-84528,SKU-2485,Product 37,131.64
10451,2022-02-10,6,37.33,INV-18294,SKU-6333,Product 17,223.98
10451,2022-06-25,4,63.89,INV-60255,SKU-8520,Product 12,255.56
10451,2022-08-29,5,63.69,INV-99553,SKU-5400,Product 57,318.45
10451,2022-11-12,6,35.65,INV-43835,SKU-2132,Product 98,213.89999999999998
10451,2022-12-04,7,69.43,INV-47548,SKU-4284,Product 65,486.01000000000005
10451,2022-12-21,7,51.36,INV-71269,SKU-6162,Product 83,359.52
10452,2021-04-21,4,79.94,INV-34583,SKU-4139,Product 78,319.76
10452,2021-04-28,3,83.16,INV-56538,SKU-9106,Product 73,249.48
10452,2021-04-29,2,36.23,INV-59854,SKU-2550,Product 16,72.46
10452,2021-07-13,5,72.22,INV-78412,SKU-1055,Product 35,361.1
10452,2022-02-20,7,53.81,INV-34806,SKU-1394,Product 24,376.67
10452,2022-03-28,6,89.47,INV-75121,SKU-7750,Product 30,536.8199999999999
10452,2022-06-20,5,44.59,INV-10734,SKU-1157,Product 62,222.95000000000002
10452,2022-10-30,3,100.63,INV-17313,SKU-6714,Product 16,301.89
10453,2021-08-29,4,33.76,INV-32698,SKU-9804,Product 12,135.04
10453,2021-10-09,4,38.31,INV-98534,SKU-8135,Product 15,153.24
10453,2022-08-21,3,19.37,INV-72268,SKU-6229,Product 91,58.11
10454,2021-05-07,1,30.96,INV-21513,SKU-7397,Product 3,30.96
10454,2021-06-16,3,12.57,INV-72083,SKU-7282,Product 19,37.71
10454,2021-07-26,1,45.87,INV-32434,SKU-6077,Product 93,45.87
10454,2022-08-12,1,54.87,INV-34154,SKU-4670,Product 14,54.87
10454,2022-11-14,4,44.24,INV-74569,SKU-1000,Product 77,176.96
10455,2021-10-15,1,21.72,INV-11067,SKU-2506,Product 70,21.72
10455,2021-12-09,4,17.3,INV-93247,SKU-9583,Product 56,69.2
10455,2021-12-22,3,42.27,INV-99276,SKU-1753,Product 39,126.81
10455,2022-03-17,4,27.77,INV-54790,SKU-3489,Product 65,111.08
10456,2021-01-14,5,48.03,INV-57405,SKU-6391,Product 5,240.15
10456,2021-03-02,3,89.68,INV-23503,SKU-6791,Product 64,269.04
10456,2021-06-23,6,58.57,INV-47242,SKU-8073,Product 63,351.42
10456,2021-07-25,7,32.14,INV-40166,SKU-3323,Product 2,224.98000000000002
10456,2021-08-23,4,47.43,INV-31395,SKU-6030,Product 99,189.72
10456,2021-09-25,5,70.81,INV-18486,SKU-2143,Product 72,354.05
10456,2021-10-29,7,50.51,INV-29970,SKU-4794,Product 1,353.57
10456,2021-10-30,2,64.77,INV-78462,SKU-8542,Product 78,129.54
10456,2022-01-11,5,42.26,INV-11781,SKU-1989,Product 67,211.29999999999998
10456,2022-03-01,5,94.11,INV-95837,SKU-8307,Product 68,470.55
10456,2022-05-15,5,27.53,INV-44096,SKU-3392,Product 82,137.65
10456,2022-07-05,2,76.26,INV-59047,SKU-5310,Product 4,152.52
10456,2022-08-19,3,57.81,INV-36965,SKU-5848,Product 95,173.43
10456,2022-09-12,2,36.0,INV-92451,SKU-2977,Product 14,72.0
10456,2022-10-27,7,62.95,INV-27640,SKU-2127,Product 60,440.65000000000003
10456,2022-12-03,4,75.18,INV-59696,SKU-8153,Product 49,300.72
10457,2021-07-09,6,46.1,INV-35256,SKU-7638,Product 44,276.6
10457,2021-07-26,6,40.36,INV-17240,SKU-7844,Product 50,242.16
10457,2021-10-05,2,61.81,INV-71554,SKU-2603,Product 43,123.62
10457,2022-02-08,6,87.33,INV-77096,SKU-1472,Product 60,523.98
10457,2022-02-21,2,100.72,INV-20543,SKU-4005,Product 84,201.44
10457,2022-03-01,5,86.1,INV-97290,SKU-7521,Product 82,430.5
10457,2022-03-15,3,30.67,INV-58613,SKU-4182,Product 94,92.01
10458,2021-01-12,12,140.42,INV-91806,SKU-5811,Product 20,1685.04
10458,2021-02-09,13,172.95,INV-25993,SKU-5494,Product 76,2248.35
10458,2021-02-19,13,148.35,INV-54910,SKU-9497,Product 12,1928.55
10458,2021-07-03,10,162.98,INV-60222,SKU-4285,Product 24,1629.8
10458,2021-07-12,9,84.82,INV-92382,SKU-2501,Product 37,763.3799999999999
10458,2021-08-11,13,89.9,INV-51280,SKU-4630,Product 4,1168.7
10458,2021-08-21,7,64.33,INV-59092,SKU-5143,Product 67,450.31
10458,2021-09-19,9,150.44,INV-73829,SKU-4865,Product 71,1353.96
10458,2021-10-11,10,92.92,INV-54688,SKU-7015,Product 49,929.2
10458,2021-11-06,4,147.36,INV-20461,SKU-3922,Product 1,589.44
10458,2021-12-16,13,67.34,INV-97785,SKU-7218,Product 57,875.4200000000001
10458,2021-12-26,11,116.83,INV-95862,SKU-1271,Product 12,1285.1299999999999
10458,2022-01-04,7,81.91,INV-91058,SKU-4047,Product 2,573.37
10458,2022-01-29,8,59.12,INV-93108,SKU-6644,Product 74,472.96
10458,2022-02-05,10,173.42,INV-45367,SKU-6616,Product 54,1734.1999999999998
10458,2022-03-09,9,182.17,INV-87608,SKU-4285,Product 40,1639.53
10458,2022-04-22,13,148.63,INV-74396,SKU-1820,Product 75,1932.19
10458,2022-06-17,4,177.72,INV-84902,SKU-6219,Product 91,710.88
10458,2022-06-28,6,128.85,INV-87090,SKU-4110,Product 24,773.0999999999999
10458,2022-07-27,10,117.47,INV-80456,SKU-4201,Product 96,1174.7
10458,2022-08-05,12,185.39,INV-44787,SKU-1570,Product 73,2224.68
10458,2022-10-17,5,131.07,INV-35583,SKU-2317,Product 97,655.3499999999999
10458,2022-11-26,4,103.58,INV-18635,SKU-4481,Product 62,414.32
10458,2022-12-08,14,80.45,INV-43301,SKU-8951,Product 88,1126.3
10458,2022-12-15,10,130.5,INV-81609,SKU-1360,Product 64,1305.0
10459,2021-03-19,5,161.8,INV-78407,SKU-1867,Product 44,809.0
10459,2021-05-02,8,91.0,INV-25212,SKU-4726,Product 70,728.0
10459,2021-05-11,8,114.49,INV-16191,SKU-2514,Product 39,915.92
10459,2021-06-28,8,61.84,INV-13302,SKU-8127,Product 31,494.72
10459,2021-07-03,8,61.8,INV-39001,SKU-2464,Product 7,494.4
10459,2021-08-14,7,122.97,INV-58865,SKU-6305,Product 48,860.79
10459,2021-09-21,9,146.07,INV-68131,SKU-7520,Product 44,1314.6299999999999
10459,2021-12-29,12,178.31,INV-56566,SKU-4544,Product 24,2139.7200000000003
10459,2022-03-10,9,122.63,INV-16862,SKU-8340,Product 13,1103.67
10459,2022-03-18,14,94.17,INV-82131,SKU-6609,Product 14,1318.38
10459,2022-06-20,7,171.4,INV-64609,SKU-3420,Product 83,1199.8
10459,2022-06-25,8,59.98,INV-39317,SKU-9107,Product 79,479.84
10459,2022-07-02,8,115.0,INV-82255,SKU-9435,Product 38,920.0
10459,2022-09-06,7,116.84,INV-86763,SKU-9028,Product 50,817.88
10459,2022-11-01,5,101.57,INV-29558,SKU-6049,Product 88,507.84999999999997
10459,2022-11-21,13,103.69,INV-63142,SKU-8848,Product 14,1347.97
10459,2022-12-27,6,127.89,INV-51405,SKU-1130,Product 88,767.34
10460,2022-01-25,1,49.87,INV-51644,SKU-5018,Product 98,49.87
10460,2022-10-05,3,37.46,INV-42352,SKU-1749,Product 45,112.38
10460,2022-11-30,1,37.9,INV-97286,SKU-5887,Product 4,37.9
10461,2022-02-10,3,13.41,INV-39118,SKU-4942,Product 68,40.230000000000004
10461,2022-09-08,4,53.02,INV-88617,SKU-3096,Product 42,212.08
10462,2021-02-26,7,60.86,INV-71039,SKU-6758,Product 26,426.02
10462,2021-03-06,4,82.4,INV-85257,SKU-6645,Product 50,329.6
10462,2021-08-24,6,93.77,INV-90732,SKU-2705,Product 6,562.62
10462,2021-09-22,5,53.91,INV-55002,SKU-8889,Product 56,269.54999999999995
10462,2021-09-28,3,102.23,INV-13376,SKU-9481,Product 18,306.69
10462,2022-07-25,5,37.77,INV-52719,SKU-9983,Product 67,188.85000000000002
10462,2022-08-25,3,51.35,INV-38129,SKU-6171,Product 36,154.05
10462,2022-09-20,6,79.61,INV-99737,SKU-3200,Product 18,477.65999999999997
10463,2021-09-02,4,37.42,INV-90608,SKU-4591,Product 14,149.68
10463,2021-09-18,4,32.73,INV-33775,SKU-5077,Product 51,130.92
10463,2021-10-25,2,17.2,INV-23754,SKU-3280,Product 60,34.4
10464,2021-02-06,6,37.74,INV-46219,SKU-9729,Product 29,226.44
10464,2021-02-19,4,36.17,INV-12696,SKU-9240,Product 2,144.68
10464,2021-05-24,5,91.63,INV-74036,SKU-4303,Product 16,458.15
10464,2021-06-12,5,66.34,INV-89686,SKU-9156,Product 98,331.70000000000005
10464,2021-07-21,6,77.74,INV-96919,SKU-1360,Product 86,466.43999999999994
10464,2021-08-13,2,47.46,INV-10220,SKU-5240,Product 90,94.92
10464,2021-12-04,5,54.22,INV-79474,SKU-8932,Product 59,271.1
10464,2022-01-09,3,50.09,INV-60643,SKU-6213,Product 5,150.27
10464,2022-01-25,2,51.08,INV-50024,SKU-3380,Product 54,102.16
10464,2022-02-18,2,76.71,INV-15523,SKU-1007,Product 92,153.42
10465,2021-09-07,2,11.05,INV-53485,SKU-2600,Product 52,22.1
10465,2021-11-10,4,35.35,INV-13856,SKU-7263,Product 82,141.4
10465,2022-08-11,3,15.52,INV-70924,SKU-4007,Product 74,46.56
10466,2021-01-16,2,34.14,INV-49214,SKU-4452,Product 58,68.28
10466,2021-08-08,6,71.39,INV-53610,SKU-9368,Product 65,428.34000000000003
10466,2021-10-16,3,82.79,INV-89618,SKU-1098,Product 83,248.37
10466,2022-06-26,6,77.37,INV-64816,SKU-9565,Product 80,464.22
10467,2021-10-06,2,45.82,INV-19895,SKU-7406,Product 5,91.64
10467,2021-11-18,2,97.65,INV-88709,SKU-8640,Product 23,195.3
10467,2022-01-01,5,81.05,INV-17121,SKU-3430,Product 19,405.25
10467,2022-02-18,2,92.83,INV-51706,SKU-7071,Product 9,185.66
10467,2022-05-20,7,74.2,INV-50506,SKU-9992,Product 48,519.4
10467,2022-05-24,7,30.42,INV-90370,SKU-5250,Product 44,212.94
10467,2022-09-08,7,68.17,INV-69337,SKU-4440,Product 10,477.19
10467,2022-11-24,4,73.49,INV-76896,SKU-7805,Product 25,293.96
10467,2022-11-24,2,68.53,INV-67937,SKU-2033,Product 24,137.06
10467,2022-12-11,2,72.57,INV-84157,SKU-7793,Product 46,145.14
10468,2021-01-08,6,57.19,INV-34877,SKU-9300,Product 88,343.14
10468,2021-02-19,6,39.68,INV-11702,SKU-6947,Product 91,238.07999999999998
10468,2021-06-11,5,102.59,INV-96064,SKU-2168,Product 69,512.95
10468,2021-08-19,5,84.29,INV-49474,SKU-7771,Product 27,421.45000000000005
10468,2021-12-07,3,69.27,INV-10332,SKU-4233,Product 77,207.81
10468,2022-01-11,2,68.32,INV-15278,SKU-1959,Product 48,136.64
10468,2022-01-25,6,48.85,INV-68144,SKU-9119,Product 92,293.1
10468,2022-03-29,2,72.41,INV-97752,SKU-5266,Product 74,144.82
10468,2022-04-25,4,28.84,INV-94257,SKU-1955,Product 90,115.36
10468,2022-08-28,7,55.75,INV-44247,SKU-5626,Product 41,390.25
10469,2021-01-02,8,130.37,INV-11352,SKU-6243,Product 92,1042.96
10469,2021-01-22,9,132.01,INV-25082,SKU-1364,Product 9,1188.09
10469,2021-04-22,11,119.73,INV-37290,SKU-8828,Product 60,1317.03
10469,2021-05-21,4,95.01,INV-61033,SKU-9713,Product 96,380.04
10469,2021-05-25,9,99.56,INV-63974,SKU-1541,Product 18,896.04
10469,2021-06-05,12,134.44,INV-79911,SKU-1685,Product 49,1613.28
10469,2021-06-16,13,72.28,INV-20846,SKU-6899,Product 23,939.64
10469,2021-07-24,3,150.64,INV-45689,SKU-9166,Product 77,451.91999999999996
10469,2021-08-29,9,136.82,INV-39410,SKU-1976,Product 92,1231.3799999999999
10469,2021-09-25,4,180.19,INV-88381,SKU-6163,Product 64,720.76
10469,2021-10-28,10,157.92,INV-33502,SKU-7657,Product 37,1579.1999999999998
10469,2021-11-10,5,72.2,INV-71637,SKU-6933,Product 13,361.0
10469,2021-11-19,14,54.57,INV-95523,SKU-4521,Product 36,763.98
10469,2021-12-04,11,128.66,INV-72468,SKU-6276,Product 5,1415.26
10469,2021-12-10,4,174.0,INV-89364,SKU-5541,Product 69,696.0
10469,2021-12-20,5,56.39,INV-53911,SKU-7261,Product 88,281.95
10469,2022-02-18,13,157.59,INV-39113,SKU-3443,Product 88,2048.67
10469,2022-02-25,11,132.09,INV-79344,SKU-9680,Product 24,1452.99
10469,2022-04-04,12,106.32,INV-31213,SKU-9054,Product 17,1275.84
10469,2022-04-28,4,89.89,INV-74624,SKU-1645,Product 35,359.56
10469,2022-06-02,3,173.82,INV-12967,SKU-5250,Product 79,521.46
10469,2022-06-06,7,78.56,INV-27151,SKU-9606,Product 43,549.9200000000001
10470,2021-01-07,9,134.99,INV-39897,SKU-7036,Product 6,1214.91
10470,2021-01-16,6,100.25,INV-43330,SKU-7092,Product 81,601.5
10470,2021-01-19,13,108.49,INV-32069,SKU-1963,Product 85,1410.37
10470,2021-01-21,10,166.8,INV-58556,SKU-9428,Product 33,1668.0
10470,2021-02-28,6,164.4,INV-14957,SKU-3287,Product 85,986.4000000000001
10470,2021-03-31,10,95.21,INV-70922,SKU-3533,Product 94,952.0999999999999
10470,2021-04-02,3,125.34,INV-61046,SKU-7238,Product 77,376.02
10470,2021-04-08,12,86.2,INV-19032,SKU-8963,Product 2,1034.4
10470,2021-07-09,3,88.67,INV-66068,SKU-2729,Product 24,266.01
10470,2021-09-29,13,68.91,INV-20401,SKU-8297,Product 21,895.8299999999999
10470,2021-10-04,13,154.98,INV-24950,SKU-7336,Product 2,2014.7399999999998
10470,2021-10-10,14,85.67,INV-60317,SKU-1414,Product 93,1199.38
10470,2021-10-15,6,111.25,INV-47142,SKU-6447,Product 39,667.5
10470,2021-11-15,13,130.82,INV-18541,SKU-2537,Product 34,1700.6599999999999
10470,2021-12-15,6,132.95,INV-65600,SKU-8966,Product 74,797.6999999999999
10470,2021-12-30,13,173.16,INV-51006,SKU-4661,Product 5,2251.08
10470,2022-01-12,9,168.51,INV-61843,SKU-8402,Product 22,1516.59
10470,2022-02-03,11,189.35,INV-40682,SKU-5923,Product 59,2082.85
10470,2022-04-01,3,105.82,INV-74784,SKU-6586,Product 37,317.46
10470,2022-06-17,8,176.72,INV-44073,SKU-5680,Product 63,1413.76
10470,2022-06-22,11,222.35,INV-12523,SKU-2660,Product 35,2445.85
10470,2022-07-02,4,98.16,INV-49244,SKU-4439,Product 48,392.64
10470,2022-07-24,14,68.32,INV-43025,SKU-1044,Product 13,956.4799999999999
10470,2022-10-04,3,90.92,INV-40782,SKU-5782,Product 26,272.76
10470,2022-11-18,3,83.74,INV-88200,SKU-9002,Product 63,251.21999999999997
10470,2022-12-28,10,165.87,INV-39984,SKU-5466,Product 56,1658.7
10471,2021-09-04,3,21.41,INV-58086,SKU-2234,Product 65,64.23
10471,2022-02-03,1,14.8,INV-89423,SKU-2663,Product 95,14.8
10471,2022-02-27,1,11.1,INV-58302,SKU-3341,Product 39,11.1
10471,2022-04-11,3,28.0,INV-83398,SKU-7356,Product 31,84.0
10471,2022-05-16,2,14.48,INV-19990,SKU-8372,Product 25,28.96
10471,2022-10-09,1,15.47,INV-92819,SKU-4477,Product 81,15.47
10471,2022-11-29,1,9.92,INV-94548,SKU-8309,Product 78,9.92
10472,2021-03-31,3,14.34,INV-21156,SKU-8877,Product 27,43.019999999999996
10472,2021-05-04,1,15.41,INV-27829,SKU-4622,Product 25,15.41
10472,2021-05-05,1,36.99,INV-74546,SKU-8929,Product 71,36.99
10472,2022-01-21,2,46.38,INV-98979,SKU-7455,Product 67,92.76
10472,2022-04-19,1,24.83,INV-27010,SKU-6014,Product 96,24.83
10472,2022-04-30,3,27.1,INV-22651,SKU-2658,Product 36,81.30000000000001
10472,2022-10-21,4,34.25,INV-33446,SKU-6340,Product 44,137.0
10473,2021-04-08,2,16.25,INV-76162,SKU-6585,Product 74,32.5
10473,2021-06-06,2,9.55,INV-80551,SKU-3861,Product 68,19.1
10473,2022-01-25,2,14.81,INV-75277,SKU-1480,Product 16,29.62
10473,2022-04-30,4,28.93,INV-26469,SKU-2578,Product 97,115.72
10473,2022-07-23,2,26.91,INV-40268,SKU-4434,Product 78,53.82
10473,2022-10-20,1,53.6,INV-91779,SKU-7262,Product 11,53.6
10474,2021-02-11,8,228.24,INV-32953,SKU-2050,Product 7,1825.92
10474,2021-03-18,6,163.18,INV-29867,SKU-8371,Product 66,979.08
10474,2021-04-14,12,102.2,INV-76145,SKU-3353,Product 94,1226.4
10474,2021-04-16,11,85.98,INV-93471,SKU-6362,Product 90,945.7800000000001
10474,2021-04-17,11,206.31,INV-13491,SKU-4392,Product 50,2269.41
10474,2021-04-26,6,144.21,INV-27398,SKU-9412,Product 89,865.26
10474,2021-05-04,13,209.29,INV-74082,SKU-2417,Product 15,2720.77
10474,2021-05-18,13,144.42,INV-97077,SKU-4498,Product 37,1877.4599999999998
10474,2021-06-19,9,120.27,INV-15650,SKU-5225,Product 17,1082.43
10474,2021-07-13,8,119.27,INV-53113,SKU-6319,Product 76,954.16
10474,2021-09-30,13,90.7,INV-72958,SKU-7827,Product 70,1179.1000000000001
10474,2021-10-05,9,167.99,INV-73187,SKU-3308,Product 46,1511.91
10474,2021-10-14,7,155.41,INV-72108,SKU-9129,Product 1,1087.87
10474,2021-10-22,13,137.1,INV-90911,SKU-4228,Product 41,1782.3
10474,2021-11-10,5,55.31,INV-92508,SKU-4138,Product 8,276.55
10474,2021-11-14,4,72.56,INV-19587,SKU-9791,Product 2,290.24
10474,2021-12-02,7,73.9,INV-59217,SKU-1227,Product 9,517.3000000000001
10474,2022-01-06,8,74.67,INV-13975,SKU-9717,Product 3,597.36
10474,2022-01-13,4,48.74,INV-58033,SKU-9887,Product 10,194.96
10474,2022-04-19,7,91.57,INV-57358,SKU-7745,Product 3,640.99
10474,2022-05-05,14,103.89,INV-47982,SKU-1076,Product 23,1454.46
10474,2022-05-11,8,91.76,INV-37394,SKU-7238,Product 13,734.08
10474,2022-05-17,8,105.31,INV-50236,SKU-8067,Product 17,842.48
10474,2022-08-10,8,110.25,INV-39295,SKU-1577,Product 54,882.0
10474,2022-10-20,10,83.66,INV-64085,SKU-8670,Product 14,836.5999999999999
10475,2021-02-28,1,26.02,INV-96157,SKU-8248,Product 18,26.02
10475,2022-11-04,1,17.0,INV-48751,SKU-2869,Product 61,17.0
10476,2021-04-15,13,125.66,INV-79080,SKU-4777,Product 30,1633.58
10476,2021-04-24,6,171.63,INV-57280,SKU-4335,Product 58,1029.78
10476,2021-04-25,12,150.9,INV-11843,SKU-1073,Product 60,1810.8000000000002
10476,2021-05-02,12,113.2,INV-56408,SKU-4762,Product 96,1358.4
10476,2021-07-14,10,57.89,INV-44747,SKU-2736,Product 21,578.9
10476,2021-08-29,12,147.65,INV-45472,SKU-6540,Product 83,1771.8000000000002
10476,2021-09-19,7,110.81,INV-16162,SKU-1373,Product 18,775.6700000000001
10476,2021-09-30,13,63.12,INV-71731,SKU-6064,Product 80,820.56
10476,2022-01-15,4,89.77,INV-96678,SKU-9182,Product 85,359.08
10476,2022-01-18,13,66.21,INV-54863,SKU-2024,Product 89,860.7299999999999
10476,2022-02-04,14,74.88,INV-77147,SKU-8928,Product 50,1048.32
10476,2022-02-23,8,154.89,INV-69572,SKU-6351,Product 60,1239.12
10476,2022-04-01,4,78.13,INV-35649,SKU-5099,Product 84,312.52
10476,2022-06-01,10,182.25,INV-48057,SKU-1597,Product 5,1822.5
10476,2022-07-25,8,122.42,INV-72971,SKU-6389,Product 7,979.36
10476,2022-08-03,10,74.12,INV-96224,SKU-4198,Product 37,741.2
10476,2022-08-03,5,123.36,INV-85994,SKU-8023,Product 45,616.8
10476,2022-08-19,7,213.81,INV-54608,SKU-3808,Product 4,1496.67
10476,2022-08-20,8,126.88,INV-48733,SKU-7348,Product 91,1015.04
10476,2022-08-25,13,155.66,INV-16644,SKU-8394,Product 2,2023.58
10476,2022-09-08,11,166.2,INV-20144,SKU-5690,Product 55,1828.1999999999998
10476,2022-09-12,13,87.23,INV-19251,SKU-7959,Product 46,1133.99
10476,2022-10-08,12,164.09,INV-53064,SKU-9431,Product 85,1969.08
10476,2022-10-12,4,173.51,INV-66481,SKU-1841,Product 72,694.04
10476,2022-10-26,9,78.83,INV-60624,SKU-1329,Product 92,709.47
10476,2022-11-03,4,51.18,INV-87920,SKU-1841,Product 28,204.72
10476,2022-11-24,13,167.58,INV-79560,SKU-9722,Product 95,2178.54
10476,2022-12-28,8,75.05,INV-49128,SKU-1478,Product 77,600.4
10477,2021-01-19,8,150.21,INV-34192,SKU-5101,Product 55,1201.68
10477,2021-01-29,11,143.37,INV-37866,SKU-2943,Product 62,1577.0700000000002
10477,2021-04-02,10,69.47,INV-61966,SKU-1589,Product 69,694.7
10477,2021-04-08,7,114.17,INV-70207,SKU-6984,Product 9,799.19
10477,2021-04-30,8,130.32,INV-73689,SKU-5805,Product 55,1042.56
10477,2021-05-05,3,112.54,INV-65184,SKU-4644,Product 15,337.62
10477,2021-06-08,6,100.79,INV-30734,SKU-7501,Product 71,604.74
10477,2021-07-26,11,56.81,INV-31708,SKU-6669,Product 67,624.9100000000001
10477,2021-09-18,12,81.36,INV-43351,SKU-4377,Product 13,976.3199999999999
10477,2021-09-30,10,139.62,INV-29812,SKU-7463,Product 19,1396.2
10477,2021-12-02,5,136.5,INV-15077,SKU-6611,Product 45,682.5
10477,2022-01-31,12,119.75,INV-67655,SKU-1764,Product 29,1437.0
10477,2022-03-07,5,121.24,INV-69851,SKU-8384,Product 97,606.1999999999999
10477,2022-03-22,14,187.16,INV-26297,SKU-7432,Product 43,2620.24
10477,2022-04-16,12,190.73,INV-79051,SKU-2910,Product 34,2288.7599999999998
10477,2022-07-02,12,55.75,INV-25615,SKU-1881,Product 56,669.0
10477,2022-08-25,5,185.41,INV-89437,SKU-8669,Product 12,927.05
10477,2022-10-28,13,83.69,INV-66131,SKU-7794,Product 77,1087.97
10477,2022-12-15,4,110.5,INV-36309,SKU-7900,Product 82,442.0
10478,2021-12-27,3,19.18,INV-29335,SKU-8383,Product 14,57.54
10479,2021-05-31,2,45.56,INV-36989,SKU-3158,Product 78,91.12
10479,2021-11-14,1,25.74,INV-40978,SKU-6075,Product 5,25.74
10479,2022-06-20,2,42.85,INV-34437,SKU-1895,Product 26,85.7
10480,2021-02-03,13,61.78,INV-19347,SKU-9548,Product 8,803.14
10480,2021-03-05,8,164.02,INV-97426,SKU-3995,Product 55,1312.16
10480,2021-03-16,9,106.23,INV-10840,SKU-2341,Product 12,956.07
10480,2021-04-21,5,133.18,INV-98158,SKU-9450,Product 23,665.9000000000001
10480,2021-07-10,7,223.23,INV-69179,SKU-2309,Product 35,1562.61
10480,2021-07-25,8,70.51,INV-74791,SKU-9560,Product 23,564.08
10480,2021-09-10,13,62.39,INV-61894,SKU-8841,Product 97,811.07
10480,2021-10-23,12,142.5,INV-47851,SKU-9816,Product 30,1710.0
10480,2021-11-02,7,61.25,INV-38700,SKU-7610,Product 35,428.75
10480,2021-11-10,9,144.69,INV-51430,SKU-8943,Product 83,1302.21
10480,2021-11-16,3,163.16,INV-59752,SKU-5284,Product 93,489.48
10480,2021-11-21,3,64.24,INV-80780,SKU-3134,Product 53,192.71999999999997
10480,2021-12-22,7,100.81,INV-72740,SKU-2777,Product 60,705.6700000000001
10480,2021-12-25,8,141.21,INV-42035,SKU-9264,Product 32,1129.68
10480,2022-03-27,12,65.0,INV-47968,SKU-5629,Product 62,780.0
10480,2022-03-30,13,56.16,INV-26025,SKU-7322,Product 37,730.0799999999999
10480,2022-05-31,5,113.35,INV-44708,SKU-3367,Product 37,566.75
10480,2022-06-30,12,187.54,INV-34685,SKU-5492,Product 25,2250.48
10480,2022-09-16,9,115.39,INV-52694,SKU-1331,Product 96,1038.51
10480,2022-09-26,7,97.02,INV-74557,SKU-4212,Product 9,679.14
10480,2022-10-09,14,115.25,INV-71965,SKU-2315,Product 45,1613.5
10480,2022-10-18,8,109.35,INV-56365,SKU-2033,Product 99,874.8
10480,2022-10-24,11,196.39,INV-22109,SKU-3484,Product 63,2160.29
10480,2022-10-24,5,77.51,INV-86088,SKU-8816,Product 99,387.55
10480,2022-11-19,14,92.37,INV-55676,SKU-8116,Product 2,1293.18
10480,2022-11-27,7,93.65,INV-76404,SKU-6914,Product 2,655.5500000000001
10480,2022-12-28,8,88.15,INV-17837,SKU-7724,Product 60,705.2
10481,2021-01-22,13,175.5,INV-81117,SKU-3014,Product 78,2281.5
10481,2021-02-08,12,81.62,INV-89876,SKU-1588,Product 32,979.44
10481,2021-02-09,11,65.77,INV-87745,SKU-9756,Product 41,723.4699999999999
10481,2021-02-24,11,230.67,INV-10292,SKU-6443,Product 95,2537.37
10481,2021-03-13,12,157.18,INV-32789,SKU-2502,Product 53,1886.16
10481,2021-03-22,7,173.61,INV-93029,SKU-7929,Product 99,1215.27
10481,2021-04-19,10,114.41,INV-46018,SKU-1257,Product 62,1144.1
10481,2021-04-23,5,46.87,INV-11218,SKU-2420,Product 47,234.35
10481,2021-06-09,13,198.82,INV-54588,SKU-5418,Product 76,2584.66
10481,2021-06-13,11,69.13,INV-96891,SKU-7845,Product 82,760.43
10481,2021-07-12,11,108.24,INV-46029,SKU-7846,Product 14,1190.6399999999999
10481,2021-10-24,14,146.83,INV-25718,SKU-6067,Product 93,2055.6200000000003
10481,2021-10-30,11,107.64,INV-15830,SKU-2997,Product 29,1184.04
10481,2021-12-04,11,219.63,INV-90823,SKU-7741,Product 42,2415.93
10481,2021-12-29,6,58.55,INV-31637,SKU-3209,Product 44,351.29999999999995
10481,2022-01-24,3,157.15,INV-68830,SKU-5019,Product 4,471.45000000000005
10481,2022-01-26,13,68.01,INV-76686,SKU-5137,Product 41,884.1300000000001
10481,2022-02-26,5,195.57,INV-36851,SKU-5801,Product 24,977.8499999999999
10481,2022-03-29,14,144.44,INV-75439,SKU-8194,Product 92,2022.1599999999999
10481,2022-04-21,14,113.49,INV-50254,SKU-2105,Product 25,1588.86
10481,2022-05-10,12,79.4,INV-50115,SKU-9216,Product 75,952.8000000000001
10481,2022-09-05,5,186.75,INV-93202,SKU-7109,Product 73,933.75
10481,2022-10-24,7,165.18,INV-87929,SKU-2941,Product 46,1156.26
10481,2022-12-09,12,181.03,INV-84453,SKU-9353,Product 18,2172.36
10481,2022-12-27,13,55.04,INV-85073,SKU-9609,Product 86,715.52
10482,2021-11-01,1,38.21,INV-18048,SKU-1568,Product 91,38.21
10482,2022-04-02,3,46.42,INV-65301,SKU-1237,Product 93,139.26
10482,2022-04-30,3,26.51,INV-58599,SKU-7114,Product 44,79.53
10482,2022-10-29,4,19.13,INV-77782,SKU-7653,Product 27,76.52
10482,2022-10-31,1,27.32,INV-92901,SKU-7447,Product 40,27.32
10482,2022-12-28,4,27.48,INV-87599,SKU-8159,Product 84,109.92
10483,2021-05-07,6,152.24,INV-27061,SKU-9742,Product 52,913.44
10483,2021-05-14,11,115.99,INV-65773,SKU-8126,Product 11,1275.8899999999999
10483,2021-05-31,10,132.82,INV-23907,SKU-6253,Product 53,1328.1999999999998
10483,2021-07-21,9,62.69,INV-97372,SKU-5306,Product 51,564.21
10483,2021-07-26,12,136.93,INV-76565,SKU-7616,Product 77,1643.16
10483,2021-07-31,10,112.84,INV-75772,SKU-7686,Product 85,1128.4
10483,2021-08-19,3,153.41,INV-96009,SKU-2865,Product 36,460.23
10483,2021-09-08,7,70.18,INV-70204,SKU-1076,Product 9,491.26000000000005
10483,2021-10-05,8,112.89,INV-74320,SKU-8017,Product 10,903.12
10483,2021-12-15,14,160.93,INV-85954,SKU-7988,Product 60,2253.02
10483,2022-01-21,9,140.39,INV-93716,SKU-4244,Product 41,1263.5099999999998
10483,2022-02-08,6,145.35,INV-81127,SKU-4872,Product 31,872.0999999999999
10483,2022-02-09,14,84.07,INV-31684,SKU-7761,Product 71,1176.98
10483,2022-02-11,8,194.02,INV-46984,SKU-3186,Product 87,1552.16
10483,2022-02-14,13,113.61,INV-96717,SKU-3732,Product 35,1476.93
10483,2022-04-29,6,168.67,INV-25413,SKU-8865,Product 79,1012.02
10483,2022-05-25,7,94.22,INV-59285,SKU-8233,Product 77,659.54
10483,2022-06-01,11,42.44,INV-74634,SKU-3645,Product 77,466.84
10483,2022-08-09,5,99.43,INV-51371,SKU-8473,Product 13,497.15000000000003
10483,2022-08-17,14,183.46,INV-31424,SKU-4065,Product 60,2568.44
10483,2022-09-22,10,93.23,INV-83948,SKU-1333,Product 34,932.3000000000001
10483,2022-10-08,14,171.01,INV-61574,SKU-3750,Product 91,2394.14
10483,2022-10-12,9,93.28,INV-11177,SKU-3492,Product 86,839.52
10483,2022-11-24,7,153.56,INV-90501,SKU-4236,Product 11,1074.92
10483,2022-12-04,12,209.29,INV-38959,SKU-9189,Product 65,2511.48
10483,2022-12-05,5,173.16,INV-40090,SKU-5770,Product 50,865.8
10484,2021-04-12,3,73.8,INV-69672,SKU-9120,Product 12,221.39999999999998
10484,2021-04-21,6,40.94,INV-25515,SKU-2203,Product 65,245.64
10484,2021-04-23,7,39.39,INV-88905,SKU-1818,Product 21,275.73
10484,2021-07-02,5,38.86,INV-34014,SKU-1087,Product 89,194.3
10484,2021-08-05,6,78.05,INV-32135,SKU-6150,Product 53,468.29999999999995
10484,2021-11-24,2,78.25,INV-60845,SKU-9263,Product 57,156.5
10484,2022-02-19,5,45.2,INV-67146,SKU-4300,Product 90,226.0
10484,2022-02-20,2,82.75,INV-83075,SKU-8864,Product 72,165.5
10484,2022-03-24,6,87.43,INV-63629,SKU-1608,Product 15,524.58
10484,2022-04-05,2,91.9,INV-50552,SKU-3081,Product 68,183.8
10484,2022-05-14,5,63.45,INV-13423,SKU-4976,Product 25,317.25
10484,2022-05-26,6,82.19,INV-46440,SKU-2913,Product 14,493.14
10484,2022-06-04,7,46.83,INV-27924,SKU-8897,Product 26,327.81
10484,2022-07-06,5,100.72,INV-68851,SKU-2934,Product 64,503.6
10484,2022-07-17,2,56.32,INV-51132,SKU-1998,Product 45,112.64
10484,2022-07-29,5,64.95,INV-56553,SKU-4088,Product 88,324.75
10484,2022-08-04,2,37.29,INV-24702,SKU-3821,Product 84,74.58
10484,2022-09-29,3,93.71,INV-78197,SKU-3978,Product 38,281.13
10484,2022-11-10,2,80.83,INV-39203,SKU-6608,Product 86,161.66
10485,2021-09-18,4,50.3,INV-70514,SKU-7343,Product 53,201.2
10485,2022-12-10,2,37.56,INV-40431,SKU-2498,Product 76,75.12
10486,2021-04-07,12,59.87,INV-73620,SKU-5864,Product 83,718.4399999999999
10486,2021-04-28,6,168.78,INV-69595,SKU-6474,Product 38,1012.6800000000001
10486,2021-05-07,3,159.37,INV-10891,SKU-6588,Product 26,478.11
10486,2021-05-29,12,96.35,INV-25788,SKU-2903,Product 12,1156.1999999999998
10486,2021-06-17,13,170.56,INV-16626,SKU-3855,Product 18,2217.28
10486,2021-07-09,9,115.78,INV-74102,SKU-4523,Product 9,1042.02
10486,2021-07-17,4,64.32,INV-15159,SKU-8900,Product 27,257.28
10486,2021-07-23,10,91.35,INV-95251,SKU-5971,Product 98,913.5
10486,2021-08-04,8,204.07,INV-52280,SKU-3993,Product 44,1632.56
10486,2021-08-06,11,127.62,INV-78155,SKU-2347,Product 93,1403.8200000000002
10486,2021-09-05,14,153.8,INV-16094,SKU-6745,Product 81,2153.2000000000003
10486,2021-09-17,14,178.57,INV-75250,SKU-5969,Product 19,2499.98
10486,2021-09-17,3,73.16,INV-68520,SKU-4506,Product 63,219.48
10486,2021-10-10,8,69.03,INV-26564,SKU-5142,Product 74,552.24
10486,2021-10-15,6,98.85,INV-54046,SKU-3743,Product 97,593.0999999999999
10486,2021-11-23,6,91.87,INV-33848,SKU-2617,Product 20,551.22
10486,2021-12-24,7,130.62,INV-67926,SKU-6063,Product 50,914.34
10486,2021-12-29,10,167.86,INV-77576,SKU-7732,Product 59,1678.6000000000001
10486,2022-01-12,7,182.35,INV-47362,SKU-2855,Product 64,1276.45
10486,2022-01-31,8,97.1,INV-13775,SKU-5645,Product 14,776.8
10486,2022-03-24,9,80.3,INV-89384,SKU-7037,Product 91,722.6999999999999
10486,2022-04-03,9,45.25,INV-29843,SKU-6434,Product 49,407.25
10486,2022-05-27,12,135.28,INV-74267,SKU-2554,Product 80,1623.3600000000001
10486,2022-06-12,13,178.79,INV-29678,SKU-4855,Product 58,2324.27
10486,2022-07-26,8,149.54,INV-54732,SKU-9711,Product 97,1196.32
10486,2022-08-11,5,168.1,INV-47265,SKU-8933,Product 88,840.5
10486,2022-08-18,10,143.68,INV-46389,SKU-9918,Product 19,1436.8000000000002
10486,2022-08-30,12,153.84,INV-39424,SKU-9791,Product 79,1846.08
10486,2022-09-13,3,159.19,INV-28700,SKU-3014,Product 58,477.57
10486,2022-10-21,6,119.08,INV-21360,SKU-5078,Product 42,714.48
10486,2022-10-21,10,74.37,INV-12523,SKU-5581,Product 4,743.7
10486,2022-10-24,13,150.47,INV-68770,SKU-6789,Product 48,1956.11
10486,2022-11-09,6,50.8,INV-65505,SKU-9264,Product 19,304.79999999999995
10486,2022-11-30,4,191.44,INV-61567,SKU-9761,Product 78,765.76
10486,2022-11-30,14,137.57,INV-39272,SKU-5869,Product 65,1925.98
10486,2022-12-04,5,133.23,INV-75687,SKU-4063,Product 96,666.15
10487,2021-01-05,11,87.1,INV-65730,SKU-7613,Product 27,958.0999999999999
10487,2021-01-26,5,155.7,INV-53532,SKU-8865,Product 98,778.5
10487,2021-03-07,5,88.62,INV-80647,SKU-4081,Product 13,443.1
10487,2021-03-14,11,210.49,INV-68335,SKU-4764,Product 84,2315.3900000000003
10487,2021-04-09,9,49.35,INV-51543,SKU-3759,Product 45,444.15000000000003
10487,2021-04-26,8,91.85,INV-77687,SKU-6077,Product 65,734.8
10487,2021-05-16,13,161.18,INV-80610,SKU-8099,Product 83,2095.34
10487,2021-06-01,3,156.18,INV-16458,SKU-3756,Product 70,468.54
10487,2021-06-11,3,192.29,INV-96190,SKU-4051,Product 90,576.87
10487,2021-10-03,14,102.58,INV-75936,SKU-3855,Product 49,1436.12
10487,2021-10-10,14,64.16,INV-38026,SKU-8461,Product 31,898.24
10487,2021-11-23,9,79.05,INV-44951,SKU-1153,Product 79,711.4499999999999
10487,2022-01-06,11,172.72,INV-47741,SKU-8141,Product 65,1899.92
10487,2022-01-29,5,81.5,INV-56157,SKU-8095,Product 28,407.5
10487,2022-02-08,5,157.69,INV-86432,SKU-3389,Product 1,788.45
10487,2022-03-13,3,98.17,INV-64354,SKU-2558,Product 11,294.51
10487,2022-06-02,7,69.78,INV-37610,SKU-7963,Product 89,488.46000000000004
10487,2022-09-02,14,122.92,INV-14225,SKU-4140,Product 74,1720.88
10487,2022-09-26,5,56.46,INV-63112,SKU-5257,Product 60,282.3
10487,2022-10-22,6,148.48,INV-98436,SKU-1125,Product 47,890.8799999999999
10487,2022-12-22,8,135.15,INV-75738,SKU-1401,Product 4,1081.2
10488,2021-01-23,7,57.99,INV-84657,SKU-8856,Product 44,405.93
10488,2021-02-18,2,41.76,INV-55335,SKU-7103,Product 24,83.52
10488,2021-09-03,4,65.72,INV-70665,SKU-5523,Product 13,262.88
10488,2021-09-30,6,40.63,INV-17960,SKU-7078,Product 96,243.78000000000003
10488,2021-12-11,6,85.24,INV-38468,SKU-5239,Product 98,511.43999999999994
10488,2022-07-18,6,62.25,INV-62969,SKU-1760,Product 20,373.5
10488,2022-07-20,5,74.95,INV-29676,SKU-7876,Product 91,374.75
10488,2022-07-29,2,30.11,INV-44539,SKU-6675,Product 1,60.22
10488,2022-08-02,2,28.16,INV-53232,SKU-5062,Product 40,56.32
10488,2022-09-30,5,46.32,INV-66938,SKU-3859,Product 19,231.6
10488,2022-11-22,3,109.96,INV-93100,SKU-7268,Product 84,329.88
10488,2022-12-29,2,33.58,INV-88101,SKU-1594,Product 39,67.16
10489,2021-08-24,4,27.06,INV-64610,SKU-6315,Product 6,108.24
10489,2021-10-12,3,18.47,INV-80457,SKU-9021,Product 50,55.41
10489,2021-11-18,3,38.76,INV-25964,SKU-8051,Product 49,116.28
10489,2021-12-31,4,18.57,INV-22540,SKU-6339,Product 13,74.28
10489,2022-01-31,3,44.4,INV-28051,SKU-3691,Product 77,133.2
10489,2022-04-21,1,22.18,INV-17388,SKU-5592,Product 46,22.18
10489,2022-06-14,3,31.03,INV-67235,SKU-7372,Product 19,93.09
10490,2022-01-29,3,50.54,INV-10909,SKU-6008,Product 95,151.62
10490,2022-05-16,1,36.75,INV-21957,SKU-5379,Product 56,36.75
10490,2022-06-15,1,27.22,INV-25140,SKU-9830,Product 89,27.22
10490,2022-07-17,2,37.08,INV-42230,SKU-3653,Product 45,74.16
10490,2022-07-25,3,32.25,INV-97738,SKU-7771,Product 61,96.75
10490,2022-08-06,2,36.76,INV-22946,SKU-4058,Product 41,73.52
10490,2022-08-21,3,13.37,INV-18077,SKU-4722,Product 28,40.11
10491,2021-01-18,3,46.68,INV-65813,SKU-8441,Product 6,140.04
10491,2021-06-25,3,55.22,INV-52500,SKU-7308,Product 1,165.66
10491,2021-12-07,4,25.34,INV-57396,SKU-3072,Product 16,101.36
10491,2022-01-03,1,30.0,INV-92550,SKU-1297,Product 85,30.0
10491,2022-03-18,1,38.61,INV-55654,SKU-5896,Product 14,38.61
10491,2022-10-15,4,41.34,INV-46207,SKU-6882,Product 98,165.36
10492,2021-02-10,3,28.49,INV-22167,SKU-3186,Product 29,85.47
10492,2021-04-22,3,32.34,INV-21694,SKU-5552,Product 46,97.02000000000001
10492,2021-05-25,2,32.86,INV-52853,SKU-4275,Product 83,65.72
10492,2022-03-13,2,33.8,INV-31378,SKU-5696,Product 92,67.6
10492,2022-03-18,3,55.01,INV-66511,SKU-2142,Product 24,165.03
10492,2022-04-19,2,44.98,INV-11417,SKU-4909,Product 10,89.96
10492,2022-06-24,3,33.68,INV-28663,SKU-8305,Product 53,101.03999999999999
10492,2022-12-05,1,35.69,INV-47271,SKU-1897,Product 71,35.69
10492,2022-12-19,4,23.45,INV-81796,SKU-7922,Product 52,93.8
10493,2021-01-26,2,27.34,INV-76500,SKU-3673,Product 46,54.68
10493,2021-02-15,2,35.03,INV-82790,SKU-9401,Product 46,70.06
10493,2021-05-19,4,8.78,INV-86387,SKU-1448,Product 14,35.12
10493,2022-03-28,2,35.18,INV-44226,SKU-6298,Product 29,70.36
10493,2022-05-16,4,40.8,INV-25641,SKU-4420,Product 84,163.2
10493,2022-06-10,2,20.13,INV-82176,SKU-5288,Product 6,40.26
10493,2022-07-14,4,37.39,INV-87831,SKU-4863,Product 75,149.56
10494,2021-01-21,2,74.39,INV-58164,SKU-5149,Product 32,148.78
10494,2021-03-20,2,56.28,INV-77658,SKU-4779,Product 23,112.56
10494,2021-03-24,7,80.41,INV-48153,SKU-1229,Product 55,562.87
10494,2021-04-08,6,45.48,INV-12491,SKU-5822,Product 93,272.88
10494,2021-04-12,4,64.35,INV-49566,SKU-7773,Product 76,257.4
10494,2021-04-23,4,60.16,INV-12752,SKU-1837,Product 59,240.64
10494,2021-04-30,5,67.98,INV-75923,SKU-6864,Product 95,339.90000000000003
10494,2021-07-05,4,67.73,INV-50232,SKU-4003,Product 73,270.92
10494,2021-10-06,7,66.24,INV-55301,SKU-3808,Product 36,463.67999999999995
10494,2022-04-06,7,78.09,INV-83269,SKU-1252,Product 43,546.63
10494,2022-08-28,6,49.97,INV-81011,SKU-5185,Product 42,299.82
10494,2022-10-24,4,108.07,INV-14675,SKU-5751,Product 76,432.28
10495,2021-02-22,5,52.16,INV-46820,SKU-3941,Product 16,260.79999999999995
10495,2021-04-10,4,58.56,INV-84144,SKU-8250,Product 49,234.24
10495,2022-05-07,4,68.83,INV-93947,SKU-9376,Product 96,275.32
10495,2022-06-21,2,53.84,INV-39579,SKU-4345,Product 85,107.68
10495,2022-12-22,4,82.89,INV-12017,SKU-8957,Product 77,331.56
10496,2021-03-03,2,20.12,INV-50077,SKU-5239,Product 97,40.24
10496,2021-04-22,1,34.12,INV-56728,SKU-7249,Product 51,34.12
10496,2021-09-26,2,34.95,INV-32188,SKU-5564,Product 65,69.9
10496,2021-10-15,1,9.19,INV-87024,SKU-1388,Product 54,9.19
10496,2022-09-21,3,40.57,INV-61901,SKU-2948,Product 35,121.71000000000001
10496,2022-12-17,2,49.02,INV-23679,SKU-2486,Product 12,98.04
10497,2021-03-03,3,51.37,INV-33437,SKU-4201,Product 72,154.10999999999999
10497,2021-05-18,4,27.83,INV-71526,SKU-7223,Product 99,111.32
10497,2022-05-09,1,14.42,INV-34955,SKU-4763,Product 37,14.42
10497,2022-06-07,2,44.53,INV-57842,SKU-1949,Product 69,89.06
10498,2021-01-19,2,29.5,INV-85270,SKU-7115,Product 79,59.0
10498,2021-08-09,3,31.34,INV-41233,SKU-7436,Product 84,94.02
10498,2022-12-12,1,42.45,INV-74237,SKU-9303,Product 79,42.45
10499,2021-12-06,2,51.83,INV-92209,SKU-1379,Product 6,103.66
10499,2022-02-07,1,10.68,INV-48662,SKU-8050,Product 74,10.68
10499,2022-07-04,1,26.72,INV-24929,SKU-7332,Product 12,26.72
10499,2022-08-02,4,28.18,INV-26668,SKU-9612,Product 87,112.72
10500,2021-02-07,8,111.9,INV-89077,SKU-5010,Product 84,895.2
10500,2021-02-11,6,185.87,INV-18096,SKU-9616,Product 80,1115.22
10500,2021-03-17,12,127.96,INV-74237,SKU-2190,Product 12,1535.52
10500,2021-04-12,13,191.99,INV-31384,SKU-6121,Product 20,2495.87
10500,2021-05-26,14,91.03,INV-18630,SKU-1444,Product 70,1274.42
10500,2021-06-10,11,75.53,INV-32140,SKU-8445,Product 29,830.83
10500,2021-06-19,4,44.82,INV-10094,SKU-9684,Product 22,179.28
10500,2021-09-02,5,192.86,INV-88619,SKU-1495,Product 4,964.3000000000001
10500,2022-01-09,13,147.47,INV-10544,SKU-4064,Product 47,1917.11
10500,2022-01-14,11,59.33,INV-60608,SKU-5497,Product 52,652.63
10500,2022-01-27,3,220.69,INV-57852,SKU-2992,Product 27,662.0699999999999
10500,2022-01-29,10,79.89,INV-90469,SKU-2470,Product 64,798.9
10500,2022-02-05,11,228.51,INV-33390,SKU-4178,Product 43,2513.6099999999997
10500,2022-02-23,7,106.14,INV-10113,SKU-1531,Product 83,742.98
10500,2022-03-17,11,202.97,INV-56465,SKU-7520,Product 4,2232.67
10500,2022-03-21,9,73.26,INV-18459,SKU-7126,Product 32,659.34
10500,2022-04-30,8,103.71,INV-71323,SKU-9903,Product 33,829.68
10500,2022-05-20,11,86.82,INV-18467,SKU-4481,Product 23,955.02
10500,2022-06-16,8,160.96,INV-51059,SKU-3787,Product 50,1287.68
10500,2022-06-26,14,144.12,INV-33038,SKU-4734,Product 21,2017.68
10500,2022-08-28,10,166.68,INV-69977,SKU-7627,Product 80,1666.8000000000002
10500,2022-09-21,11,122.55,INV-62832,SKU-5885,Product 52,1348.05
